{
  "providers": [
	{ "type": "bitmap", "file": "spw:font/icons/deelter/deelter.png", "ascent": 10, "height": 12, "chars": [ "\uE488" ] },
	
	{ "type": "bitmap", "file": "spw:font/icons/chat/message.png", "ascent": 8, "height": 8, "chars": [ "\uE100" ] },	
	{ "type": "bitmap", "file": "spw:font/icons/chat/discord_message.png", "ascent": 8, "height": 8, "chars": [ "\uE101" ] },	
	{ "type": "bitmap", "file": "spw:font/icons/chat/warn.png", "ascent": 8, "height": 8, "chars": [ "\uE102" ] },
	{ "type": "bitmap", "file": "spw:font/icons/chat/night.png", "ascent": 8, "height": 8, "chars": [ "\uE106" ] },
	{ "type": "bitmap", "file": "spw:font/icons/chat/notify.png", "ascent": 8, "height": 8, "chars": [ "\uE107" ] },
	
	{ "type": "bitmap", "file": "spw:font/icons/chat/dice/dice.png", "ascent": 8, "height": 10, "chars": [ "\uE108" ] },
	{ "type": "bitmap", "file": "spw:font/icons/chat/dice/dice2.png", "ascent": 8, "height": 10, "chars": [ "\uE109" ] },
	{ "type": "bitmap", "file": "spw:font/icons/chat/dice/dice3.png", "ascent": 8, "height": 10, "chars": [ "\uE110" ] },
	{ "type": "bitmap", "file": "spw:font/icons/chat/dice/dice4.png", "ascent": 8, "height": 10, "chars": [ "\uE111" ] },
	{ "type": "bitmap", "file": "spw:font/icons/chat/dice/dice5.png", "ascent": 8, "height": 10, "chars": [ "\uE112" ] },
	{ "type": "bitmap", "file": "spw:font/icons/chat/dice/dice6.png", "ascent": 8, "height": 10, "chars": [ "\uE113" ] },
	
	{ "type": "bitmap", "file": "spw:font/icons/players/player.png", "ascent": 7, "height": 8, "chars": [ "\uE201" ] },
	{ "type": "bitmap", "file": "spw:font/icons/players/moderator.png", "ascent": 7, "height": 8, "chars": [ "\uE202" ] },
	{ "type": "bitmap", "file": "spw:font/icons/players/admin.png", "ascent": 7, "height": 8, "chars": [ "\uE203" ] },
	
	{ "type": "bitmap", "file": "spw:font/icons/spworlds.png", "ascent": 42, "height": 60, "chars": [ "\uE400" ] },
	
	{ "type": "bitmap", "file": "spw:font/screen/shade.png", "ascent": 142, "height": 256, "chars": [ "\uE500" ] },
	{ "type": "bitmap", "file": "spw:font/screen/white.png", "ascent": 142, "height": 256, "chars": [ "\uE501" ] }

  ]
}