{
	"credit": "Made with Blockbench",
	"texture_size": [48, 48],
	"textures": {
		"0": "block/shotgun",
		"particle": "block/shotgun"
	},
	"elements": [
		{
			"from": [7.25, 15.25, -4.75],
			"to": [8.75, 16.75, 9.25],
			"rotation": {"angle": 0, "axis": "y", "origin": [15.25, 23.25, -2.25]},
			"faces": {
				"north": {"uv": [9.33333, 0, 10.33333, 1], "texture": "#0"},
				"east": {"uv": [9.33333, 0, 0, 1], "texture": "#0"},
				"west": {"uv": [0, 0, 9.33333, 1], "texture": "#0"},
				"up": {"uv": [0, 1, 9.33333, 2], "rotation": 90, "texture": "#0"},
				"down": {"uv": [0, 0.66667, 9.33333, 1], "rotation": 270, "texture": "#0"}
			}
		},
		{
			"from": [7.25, 13.75, -4.25],
			"to": [8.75, 15.25, 9.25],
			"rotation": {"angle": 0, "axis": "y", "origin": [15.25, 21.75, 3.75]},
			"faces": {
				"north": {"uv": [9.33333, 1, 10.33333, 2], "texture": "#0"},
				"east": {"uv": [9, 2, 0, 3], "texture": "#0"},
				"south": {"uv": [0, 0, 0.5, 0.5], "texture": "#0"},
				"west": {"uv": [0, 2, 9, 3], "texture": "#0"},
				"up": {"uv": [0, 1, 9, 2], "rotation": 90, "texture": "#0"},
				"down": {"uv": [0, 2, 9, 3], "rotation": 270, "texture": "#0"}
			}
		},
		{
			"from": [8, 16.75, -4.25],
			"to": [8, 18.25, -1.75],
			"rotation": {"angle": 0, "axis": "y", "origin": [16, 24.75, 3.75]},
			"faces": {
				"north": {"uv": [0, 0, 0, 1], "texture": "#0"},
				"east": {"uv": [12, 0, 10.33333, 1], "texture": "#0"},
				"south": {"uv": [0, 0, 0, 1], "texture": "#0"},
				"west": {"uv": [10.33333, 0, 12, 1], "texture": "#0"},
				"up": {"uv": [0, 0, 0, 2.5], "texture": "#0"},
				"down": {"uv": [0, 0, 0, 2.5], "texture": "#0"}
			}
		},
		{
			"from": [6.75, 13.75, 9.25],
			"to": [9.25, 16.75, 16.25],
			"rotation": {"angle": 0, "axis": "y", "origin": [14.75, 22.25, 17.25]},
			"faces": {
				"north": {"uv": [5.66667, 3, 6, 5], "texture": "#0"},
				"east": {"uv": [9.66667, 5.33333, 5, 7.33333], "texture": "#0"},
				"south": {"uv": [9.66667, 3, 11.33333, 5], "texture": "#0"},
				"west": {"uv": [5, 3, 9.66667, 5], "texture": "#0"},
				"up": {"uv": [5, 7.66667, 9.66667, 9.33333], "rotation": 90, "texture": "#0"},
				"down": {"uv": [5, 9.33333, 9.66667, 11], "rotation": 270, "texture": "#0"}
			}
		},
		{
			"from": [6.75, 11.5, 20.75],
			"to": [9.25, 15.5, 27.25],
			"rotation": {"angle": 0, "axis": "y", "origin": [14.75, 19.5, 29.25]},
			"faces": {
				"north": {"uv": [10, 13.33333, 10.33333, 16], "texture": "#0"},
				"east": {"uv": [14.33333, 13.33333, 10, 16], "texture": "#0"},
				"south": {"uv": [14, 13.33333, 14.33333, 16], "texture": "#0"},
				"west": {"uv": [10, 13.33333, 14.33333, 16], "texture": "#0"},
				"up": {"uv": [10, 11.66667, 14.33333, 13.33333], "rotation": 270, "texture": "#0"},
				"down": {"uv": [10, 15.66667, 14.33333, 16], "rotation": 270, "texture": "#0"}
			}
		},
		{
			"from": [8, 12.25, 12.75],
			"to": [8, 13.75, 16.75],
			"rotation": {"angle": 0, "axis": "y", "origin": [16, 20.75, 20.75]},
			"faces": {
				"north": {"uv": [0, 0, 0, 0.5], "texture": "#0"},
				"east": {"uv": [11.66667, 2, 9, 3], "texture": "#0"},
				"south": {"uv": [0, 0, 0, 0.5], "texture": "#0"},
				"west": {"uv": [9, 2, 11.66567, 3], "texture": "#0"},
				"up": {"uv": [0, 0, 0, 1.33333], "texture": "#0"},
				"down": {"uv": [0, 0, 0, 1.33333], "texture": "#0"}
			}
		},
		{
			"from": [7, 12, 16.25],
			"to": [9, 14.5, 20.75],
			"rotation": {"angle": 22.5, "axis": "x", "origin": [7, 15.5, 20.75]},
			"faces": {
				"north": {"uv": [0, 0, 0.5, 0.83333], "rotation": 180, "texture": "#0"},
				"east": {"uv": [3, 14.33333, 0, 16], "texture": "#0"},
				"south": {"uv": [0, 0, 0.5, 0.83333], "texture": "#0"},
				"west": {"uv": [0, 14.33333, 3, 16], "texture": "#0"},
				"up": {"uv": [0, 13, 3, 14.33333], "rotation": 90, "texture": "#0"},
				"down": {"uv": [0, 15.66667, 3, 16], "rotation": 270, "texture": "#0"}
			}
		},
		{
			"from": [7, 12, 20.75],
			"to": [9, 15.5, 27.75],
			"rotation": {"angle": 22.5, "axis": "x", "origin": [7, 15.5, 20.75]},
			"faces": {
				"north": {"uv": [3.66667, 13.66667, 4, 15.66667], "texture": "#0"},
				"east": {"uv": [8.33333, 13.66667, 3.66667, 16], "texture": "#0"},
				"south": {"uv": [8, 13.66667, 8.33333, 16], "texture": "#0"},
				"west": {"uv": [3.66667, 13.66667, 8.33333, 16], "texture": "#0"},
				"up": {"uv": [7.66667, 6.333, 8.66667, 10.66567], "texture": "#0"},
				"down": {"uv": [3.66667, 12.33333, 8.33333, 13.66667], "rotation": 270, "texture": "#0"}
			}
		},
		{
			"from": [7.25, 11.15, 19.35],
			"to": [8.75, 15.65, 21.85],
			"rotation": {"angle": -45, "axis": "x", "origin": [7.25, 11.5, 20.75]},
			"faces": {
				"north": {"uv": [0, 7.66667, 3, 8], "rotation": 90, "texture": "#0"},
				"east": {"uv": [3, 6.33333, 0, 8], "rotation": 270, "texture": "#0"},
				"south": {"uv": [6, 10.66667, 7.333, 11.333], "texture": "#0"},
				"west": {"uv": [0, 6.33333, 3, 8], "rotation": 90, "texture": "#0"},
				"up": {"uv": [7.333, 10.66667, 9.333, 10.99933], "rotation": 90, "texture": "#0"},
				"down": {"uv": [2.66667, 6.33333, 3, 8], "texture": "#0"}
			}
		},
		{
			"from": [6.75, 12.75, -1.75],
			"to": [9.25, 15.25, 4.25],
			"rotation": {"angle": 0, "axis": "y", "origin": [14.75, 20.75, 6.25]},
			"faces": {
				"north": {"uv": [0, 3, 0.33333, 4.66667], "texture": "#0"},
				"east": {"uv": [4, 3, 0, 4.66667], "texture": "#0"},
				"south": {"uv": [3.66667, 3, 4, 4.66667], "texture": "#0"},
				"west": {"uv": [0, 3, 4, 4.66667], "texture": "#0"},
				"up": {"uv": [0, 3, 4, 3.33333], "rotation": 90, "texture": "#0"},
				"down": {"uv": [0, 4.66667, 4, 6.33333], "rotation": 270, "texture": "#0"}
			}
		}
	],
	"display": {
		"thirdperson_righthand": {
			"rotation": [5, -15.5, 5],
			"translation": [-0.5, -4.5, -6],
			"scale": [0.8, 0.8, 0.8]
		},
		"thirdperson_lefthand": {
			"rotation": [5, -15.5, 5],
			"translation": [-0.5, -4.5, -6],
			"scale": [0.8, 0.8, 0.8]
		},
		"firstperson_righthand": {
			"rotation": [2.5, -10, 1.5],
			"translation": [11, -4.25, -4.25]
		},
		"firstperson_lefthand": {
			"rotation": [2.5, -10, 0.5],
			"translation": [3, -4, -9.25]
		},
		"ground": {
			"rotation": [0, 0, 90],
			"translation": [5.75, -1.5, -2.25],
			"scale": [0.8, 0.8, 0.8]
		},
		"gui": {
			"rotation": [-30, 130, 4],
			"translation": [-1.75, -2.75, 0],
			"scale": [0.57, 0.57, 0.57]
		},
		"head": {
			"rotation": [95.5, -33, 90],
			"translation": [8.25, -12.75, 6.5]
		},
		"fixed": {
			"rotation": [0, 90, 0],
			"translation": [-3.25, -6.75, -1.5]
		}
	}
}