{
	"providers": [
		{
			"type": "ttf",
			"file": "minecraft:negative_spaces.ttf",
			"shift": [0.0, 0.0],
			"size": 10.0,
			"oversample": 1.0
		},
		{
			"type": "bitmap",
			"file": "minecraft:font/energy_mask.png",
			"ascent": -35,
			"height": 8	,
			"chars": ["\uE001"]
		},
		{
			"type": "bitmap",
			"file": "minecraft:font/energyfull.png",
			"ascent": -35,
			"height": 8	,
			"chars": ["\uE002"]
		},
		{
			"type": "bitmap",
			"file": "minecraft:font/energyhalf.png",
			"ascent": -35,
			"height": 8	,
			"chars": ["\uE003"]
		},
		{
			"type": "bitmap",
			"file": "minecraft:font/energyempty.png",
			"ascent": -35,
			"height": 8	,
			"chars": ["\uE004"]
		},
		{
			"type": "bitmap",
			"file": "minecraft:font/rotten_mask.png",
			"ascent": -35,
			"height": 8	,
			"chars": ["\uE011"]
		},
		{
			"type": "bitmap",
			"file": "minecraft:font/rottenfull.png",
			"ascent": -35,
			"height": 8	,
			"chars": ["\uE012"]
		},
		{
			"type": "bitmap",
			"file": "minecraft:font/rottenhalf.png",
			"ascent": -35,
			"height": 8,
			"chars": ["\uE013"]
		},
		{
			"type": "bitmap",
			"file": "minecraft:font/rottenempty.png",
			"ascent": -35,
			"height": 8,
			"chars": ["\uE014"]
		},
		{
			"type": "bitmap",
			"file": "minecraft:font/din_0.png",
			"ascent": -30,
			"height": 11,
			"chars": ["\uE020"]
		},
		{
			"type": "bitmap",
			"file": "minecraft:font/din_1.png",
			"ascent": -30,
			"height": 11,
			"chars": ["\uE021"]
		},
		{
			"type": "bitmap",
			"file": "minecraft:font/din_2.png",
			"ascent": -30,
			"height": 11,
			"chars": ["\uE022"]
		},
		{
			"type": "bitmap",
			"file": "minecraft:font/din_3.png",
			"ascent": -30,
			"height": 11,
			"chars": ["\uE023"]
		},
		{
			"type": "bitmap",
			"file": "minecraft:font/din_4.png",
			"ascent": -30,
			"height": 11,
			"chars": ["\uE024"]
		}
	]
}