{
	"providers": [
		{
			"type": "ttf",
			"file": "minecraft:negative_spaces.ttf",
			"shift": [0.0, 0.0],
			"size": 10.0,
			"oversample": 1.0
		},
		{
			"type": "bitmap",
			"file": "minecraft:font/energy_mask.png",
			"ascent": -35,
			"height": 8,
			"chars": ["\u0001"]
		},
		{
			"type": "bitmap",
			"file": "minecraft:font/energyfull.png",
			"ascent": -35,
			"height": 8,
			"chars": ["\u0002"]
		},

		{
			"type": "bitmap",
			"file": "minecraft:font/energyhalf.png",
			"ascent": -35,
			"height": 8,
			"chars": ["\u0003"]
		},
		{
			"type": "bitmap",
			"file": "minecraft:font/energyempty.png",
			"ascent": -35,
			"height": 8,
			"chars": ["\u0004"]
		},
		{
			"type": "bitmap",
			"file": "minecraft:font/rotten_mask.png",
			"ascent": -35,
			"height": 8,
			"chars": ["\u0011"]
		},
		{
			"type": "bitmap",
			"file": "minecraft:font/rottenfull.png",
			"ascent": -35,
			"height": 8,
			"chars": ["\u0012"]
		},
		{
			"type": "bitmap",
			"file": "minecraft:font/rottenhalf.png",
			"ascent": -35,
			"height": 8,
			"chars": ["\u0013"]
		},
		{
			"type": "bitmap",
			"file": "minecraft:font/rottenempty.png",
			"ascent": -35,
			"height": 8,
			"chars": ["\u0014"]
		}
	]
}