{
	"parent": "mechsandtechs:blocks/root",
	"texture_size": [16, 16],
	"textures": {
		"0": "mechsandtechs:blocks/tools_enchanter/a3",
		"1": "mechsandtechs:blocks/b3",
		"particle": "mechsandtechs:blocks/tools_enchanter/a3"
	},
	"elements": [
		{
			"from": [0, 0, 0],
			"to": [16, 16, 16],
			"faces": {
				"north": {"uv": [0, 0, 16, 16], "texture": "#1"},
				"east": {"uv": [0, 0, 16, 16], "texture": "#1"},
				"south": {"uv": [0, 0, 16, 16], "texture": "#1"},
				"west": {"uv": [0, 0, 16, 16], "texture": "#1"},
				"up": {"uv": [0, 0, 16, 16], "rotation": 180, "texture": "#0"},
				"down": {"uv": [2, 1, 14, 13], "texture": "#1"}
			}
		}
	]
}