{
	"credit": "Made with Blockbench",
	"textures": {
		"0": "block/ammo_box_3",
		"particle": "block/ammo_box"
	},
	"elements": [
		{
			"from": [1, 0, 4],
			"to": [15, 6, 12],
			"faces": {
				"north": {"uv": [0, 0, 7, 3], "texture": "#0"},
				"east": {"uv": [7, 3, 11, 6], "texture": "#0"},
				"south": {"uv": [7, 0, 14, 3], "texture": "#0"},
				"west": {"uv": [7, 3, 11, 6], "texture": "#0"},
				"up": {"uv": [0, 3, 7, 7], "rotation": 180, "texture": "#0"},
				"down": {"uv": [0, 7, 7, 11], "texture": "#0"}
			}
		},
		{
			"from": [1, 6, 4],
			"to": [15, 8, 12],
			"rotation": {"angle": 45, "axis": "x", "origin": [1, 6, 12]},
			"faces": {
				"north": {"uv": [0, 15, 7, 16], "texture": "#0"},
				"east": {"uv": [7, 11, 11, 12], "texture": "#0"},
				"south": {"uv": [7, 15, 14, 16], "texture": "#0"},
				"west": {"uv": [7, 11, 11, 12], "texture": "#0"},
				"up": {"uv": [0, 11, 7, 15], "texture": "#0"},
				"down": {"uv": [0, 7, 7, 11], "texture": "#0"}
			}
		},
		{
			"from": [3, 3.5, 3.75],
			"to": [13, 8.5, 3.75],
			"rotation": {"angle": 45, "axis": "x", "origin": [1, 6, 12]},
			"faces": {
				"north": {"uv": [7, 6, 12, 8.5], "texture": "#0"},
				"east": {"uv": [0, 0, 0, 5], "texture": "#0"},
				"south": {"uv": [7, 6, 12, 8.5], "texture": "#0"},
				"west": {"uv": [0, 0, 0, 5], "texture": "#0"},
				"up": {"uv": [0, 0, 10, 0], "texture": "#0"},
				"down": {"uv": [0, 0, 10, 0], "texture": "#0"}
			}
		}
	],
	"display": {
		"thirdperson_righthand": {
			"rotation": [48, 0, 0],
			"translation": [0, 5, 4.25]
		},
		"thirdperson_lefthand": {
			"rotation": [48, 0, 0],
			"translation": [0, 5, 4.25]
		},
		"firstperson_righthand": {
			"rotation": [11.5, 8.5, 0],
			"translation": [0, 0.5, 0]
		},
		"firstperson_lefthand": {
			"rotation": [11.5, 8.5, 0],
			"translation": [0, 0.5, 0]
		},
		"ground": {
			"translation": [0, 4.5, 0]
		},
		"gui": {
			"rotation": [45, 145, 0],
			"translation": [0, 1.75, 0],
			"scale": [0.84, 0.84, 0.84]
		},
		"head": {
			"translation": [0, 19.5, 0],
			"scale": [1.66, 1.66, 1.66]
		},
		"fixed": {
			"rotation": [-90, 0, 0],
			"translation": [0, 0, -16],
			"scale": [2, 2, 2]
		}
	}
}