{
	"credit": "Made with Blockbench",
	"textures": {
		"0": "block/scout_pistol",
		"particle": "block/scout_pistol"
	},
	"elements": [
		{
			"from": [7.25, 14.25, 0.75],
			"to": [8.75, 15.25, 5.75],
			"rotation": {"angle": 0, "axis": "y", "origin": [15.25, 22.25, 8.75]},
			"faces": {
				"north": {"uv": [6, 6, 7.5, 7], "texture": "#0"},
				"east": {"uv": [5, 6, 0, 7], "texture": "#0"},
				"south": {"uv": [0, 0, 1.5, 1], "texture": "#0"},
				"west": {"uv": [0, 6, 5, 7], "texture": "#0"},
				"up": {"uv": [0, 4, 8, 4.5], "rotation": 90, "texture": "#0"},
				"down": {"uv": [0, 7, 5, 8.5], "rotation": 270, "texture": "#0"}
			}
		},
		{
			"from": [7.25, 14.75, 5.75],
			"to": [8.75, 15.25, 6.75],
			"rotation": {"angle": 0, "axis": "y", "origin": [15.25, 22.75, 13.75]},
			"faces": {
				"north": {"uv": [6, 6, 7.5, 7], "texture": "#0"},
				"east": {"uv": [5.5, 6, 4.5, 6.5], "texture": "#0"},
				"south": {"uv": [0, 0, 1.5, 1], "texture": "#0"},
				"west": {"uv": [4.5, 6, 5.5, 6.5], "texture": "#0"},
				"up": {"uv": [0, 4, 8, 4.5], "rotation": 90, "texture": "#0"},
				"down": {"uv": [0, 7, 6, 8.5], "rotation": 270, "texture": "#0"}
			}
		},
		{
			"from": [8, 12.75, 2.75],
			"to": [8, 14.25, 5.75],
			"rotation": {"angle": 0, "axis": "y", "origin": [16, 20.75, 10.75]},
			"faces": {
				"north": {"uv": [0, 0, 0, 2.5], "texture": "#0"},
				"east": {"uv": [10.5, 2.5, 7.5, 4], "texture": "#0"},
				"south": {"uv": [0, 0, 0, 2.5], "texture": "#0"},
				"west": {"uv": [7.5, 2.5, 10.5, 4], "texture": "#0"},
				"up": {"uv": [0, 0, 0, 2.5], "texture": "#0"},
				"down": {"uv": [0, 0, 0, 2.5], "texture": "#0"}
			}
		},
		{
			"from": [8, 17.25, 0.75],
			"to": [8, 17.75, 1.75],
			"rotation": {"angle": 0, "axis": "y", "origin": [16, 25.25, 8.75]},
			"faces": {
				"north": {"uv": [0, 0, 0, 1], "texture": "#0"},
				"east": {"uv": [7.5, 2, 8.5, 2.5], "texture": "#0"},
				"south": {"uv": [0, 0, 0, 1], "texture": "#0"},
				"west": {"uv": [7.5, 2, 8.5, 2.5], "rotation": 180, "texture": "#0"},
				"up": {"uv": [0, 0, 0, 1], "texture": "#0"},
				"down": {"uv": [0, 0, 0, 1], "texture": "#0"}
			}
		},
		{
			"from": [7, 15.25, 0.25],
			"to": [9, 17.25, 7.75],
			"rotation": {"angle": 0, "axis": "y", "origin": [14.75, 23.25, 8.25]},
			"faces": {
				"north": {"uv": [7.5, 0, 9.5, 2], "texture": "#0"},
				"east": {"uv": [7.5, 4, 0, 6], "texture": "#0"},
				"south": {"uv": [7, 0, 7.5, 2], "texture": "#0"},
				"west": {"uv": [0, 0, 7.5, 2], "texture": "#0"},
				"up": {"uv": [0, 2, 7.5, 4], "rotation": 90, "texture": "#0"},
				"down": {"uv": [0, 5.5, 7.5, 6], "rotation": 270, "texture": "#0"}
			}
		},
		{
			"from": [7.25, 10.75, 3.75],
			"to": [8.75, 15.75, 6.75],
			"rotation": {"angle": -22.5, "axis": "x", "origin": [8.25, 17.25, 7.75]},
			"faces": {
				"north": {"uv": [3, 8.5, 4.5, 13.5], "texture": "#0"},
				"east": {"uv": [3, 8.5, 0, 13.5], "texture": "#0"},
				"south": {"uv": [3, 8.5, 4.5, 13.5], "rotation": 180, "texture": "#0"},
				"west": {"uv": [0, 8.5, 3, 13.5], "texture": "#0"},
				"up": {"uv": [1.5, 9, 2, 12], "rotation": 180, "texture": "#0"},
				"down": {"uv": [0, 13.5, 3, 15], "rotation": 270, "texture": "#0"}
			}
		},
		{
			"from": [7.25, 15.25, 5.75],
			"to": [8.75, 17.25, 7.75],
			"rotation": {"angle": -22.5, "axis": "x", "origin": [8.25, 17.25, 7.75]},
			"faces": {
				"north": {"uv": [0, 0, 1.5, 2], "rotation": 180, "texture": "#0"},
				"east": {"uv": [11.5, 0, 9.5, 2], "texture": "#0"},
				"south": {"uv": [11.5, 0, 13, 2], "texture": "#0"},
				"west": {"uv": [9.5, 0, 11.5, 2], "texture": "#0"},
				"up": {"uv": [8.5, 2.5, 9, 3], "rotation": 180, "texture": "#0"},
				"down": {"uv": [13, 0, 15, 1.5], "rotation": 270, "texture": "#0"}
			}
		}
	],
	"display": {
		"thirdperson_righthand": {
			"rotation": [2.5, 0.5, 3],
			"translation": [0, -5.25, 2.75],
			"scale": [0.8, 0.8, 0.8]
		},
		"thirdperson_lefthand": {
			"rotation": [2.5, 0.5, 3],
			"translation": [0, -5.25, 2.75],
			"scale": [0.8, 0.8, 0.8]
		},
		"firstperson_righthand": {
			"rotation": [22, 5.5, 6],
			"translation": [1, -5.5, -4.5]
		},
		"firstperson_lefthand": {
			"rotation": [22, 5.5, 6],
			"translation": [1, -5.5, -4.5]
		},
		"ground": {
			"rotation": [0, 0, 90],
			"translation": [4.75, -2, 2.75],
			"scale": [0.8, 0.8, 0.8]
		},
		"gui": {
			"rotation": [-35, 135, 5],
			"translation": [2.75, -8.75, 0],
			"scale": [1.35, 1.35, 1.35]
		},
		"head": {
			"translation": [0, -0.5, -0.25]
		},
		"fixed": {
			"rotation": [0, 90, 0],
			"translation": [3.25, -5.5, -0.25]
		}
	}
}