{
  "parent": "minecraft:item/generated",
  "textures": {
    "layer0": "minecraft:item/book"
  },
  "overrides": [
    { "predicate": {"custom_model_data":1}, "model": "item/book/empty_field" },
    { "predicate": {"custom_model_data":2}, "model": "item/book/locked_field" },
    { "predicate": {"custom_model_data":3}, "model": "item/book/unlocked_field" },
    { "predicate": {"custom_model_data":4}, "model": "item/book/guide_book" },
    { "predicate": {"custom_model_data":5}, "model": "item/book/arrow_right" },
    { "predicate": {"custom_model_data":6}, "model": "item/book/arrow_left" },
    { "predicate": {"custom_model_data":7}, "model": "item/book/donor_field" }
  ]
}