{
	"credit": "Made with Blockbench",
	"parent": "mechsandtechs:blocks/root",
	"textures": {
		"1": "mechsandtechs:blocks/upgraded_jukebox_side",
		"2": "mechsandtechs:blocks/upgraded_jukebox_top"
	},
	"elements": [
		{
			"from": [0, 0, 0],
			"to": [16, 16, 16],
			"faces": {
				"north": {"uv": [0, 0, 16, 16], "texture": "#1"},
				"east": {"uv": [0, 0, 16, 16], "texture": "#1"},
				"south": {"uv": [0, 0, 16, 16], "texture": "#1"},
				"west": {"uv": [0, 0, 16, 16], "texture": "#1"},
				"up": {"uv": [0, 0, 16, 16], "texture": "#2"},
				"down": {"uv": [0, 0, 16, 16], "texture": "#1"}
			}
		}
	]
}