{
	"credit": "Made with Blockbench",
	"texture_size": [32, 32],
	"textures": {
		"0": "customization:electric_guitar/black",
		"1": "customization:quiver",
		"particle": "customization:electric_guitar/black"
	},
	"elements": [
		{
			"from": [4, 0, 12],
			"to": [12, 12, 12],
			"faces": {
				"north": {"uv": [4.5, 0, 8, 6], "rotation": 270, "texture": "#1"},
				"east": {"uv": [0, 12, 4, 24], "texture": "#1"},
				"south": {"uv": [4.5, 0, 8, 6], "texture": "#1"},
				"west": {"uv": [4, 12, 8, 24], "texture": "#1"},
				"up": {"uv": [24, 10, 16, 6], "texture": "#1"},
				"down": {"uv": [16, 18, 8, 22], "texture": "#missing"}
			}
		},
		{
			"from": [4, 0, 4],
			"to": [12, 12, 4],
			"rotation": {"angle": 0, "axis": "y", "origin": [16, 0, 0]},
			"faces": {
				"north": {"uv": [4.5, 5.5, 8, 0], "rotation": 180, "texture": "#1"},
				"east": {"uv": [8, 12, 4, 24], "texture": "#1"},
				"south": {"uv": [8, 0, 4.5, 6], "rotation": 90, "texture": "#1"},
				"west": {"uv": [4, 12, 0, 24], "texture": "#1"},
				"up": {"uv": [16, 10, 24, 6], "texture": "#1"},
				"down": {"uv": [8, 18, 16, 22], "texture": "#missing"}
			}
		},
		{
			"from": [4, 0, 4],
			"to": [4, 12, 12],
			"faces": {
				"north": {"uv": [0, 0, 8, 12], "texture": "#missing"},
				"east": {"uv": [0, 6, 2, 11], "rotation": 180, "texture": "#1"},
				"south": {"uv": [8, 0, 16, 12], "texture": "#1"},
				"west": {"uv": [0, 6, 2, 11], "rotation": 180, "texture": "#1"},
				"up": {"uv": [24, 10, 16, 6], "texture": "#1"},
				"down": {"uv": [16, 18, 8, 22], "texture": "#missing"}
			}
		},
		{
			"from": [12, 0, 4],
			"to": [12, 12, 12],
			"faces": {
				"north": {"uv": [0, 0, 8, 12], "texture": "#missing"},
				"east": {"uv": [0, 6, 2, 11], "texture": "#1"},
				"south": {"uv": [8, 0, 16, 12], "texture": "#1"},
				"west": {"uv": [0, 6, 2, 11], "texture": "#1"},
				"up": {"uv": [24, 10, 16, 6], "texture": "#1"},
				"down": {"uv": [16, 18, 8, 22], "texture": "#missing"}
			}
		},
		{
			"from": [5.38, -9.7, 1.22],
			"to": [5.66, 20.4, 1.5],
			"rotation": {"angle": 45, "axis": "z", "origin": [0, 6, 3.6]},
			"faces": {
				"north": {"uv": [15.75, 0, 16, 16], "rotation": 270, "texture": "#0"},
				"east": {"uv": [15.75, 0, 16, 16], "rotation": 180, "texture": "#0"},
				"south": {"uv": [15.75, 0, 16, 16], "rotation": 90, "texture": "#0"},
				"west": {"uv": [15.75, 0, 16, 16], "texture": "#0"},
				"up": {"uv": [15.75, 0, 15.95, 0.2], "texture": "#0"},
				"down": {"uv": [15.75, 0, 15.95, 0.2], "rotation": 180, "texture": "#0"}
			}
		},
		{
			"from": [1.6, -16, 2.2],
			"to": [7.2, -14.6, 3.6],
			"rotation": {"angle": 45, "axis": "z", "origin": [0, 6, 3.6]},
			"faces": {
				"north": {"uv": [7, 13, 9, 13.5], "texture": "#0"},
				"east": {"uv": [1.5, 13, 2, 13.5], "texture": "#0"},
				"south": {"uv": [1.5, 13, 3.5, 13.5], "texture": "#0"},
				"west": {"uv": [3, 13, 3.5, 13.5], "texture": "#0"},
				"up": {"uv": [1.5, 13, 3.5, 13.5], "texture": "#0"},
				"down": {"uv": [1.5, 13, 3.5, 13.5], "rotation": 180, "texture": "#0"}
			}
		},
		{
			"from": [-1.2, -14.6, 2.2],
			"to": [10, -11.8, 3.6],
			"rotation": {"angle": 45, "axis": "z", "origin": [0, 6, 3.6]},
			"faces": {
				"north": {"uv": [6, 12, 10, 13], "texture": "#0"},
				"east": {"uv": [0.5, 12, 1, 13], "texture": "#0"},
				"south": {"uv": [0.5, 12, 4.5, 13], "texture": "#0"},
				"west": {"uv": [4, 12, 4.5, 13], "texture": "#0"},
				"up": {"uv": [0.5, 12, 4.5, 12.5], "texture": "#0"},
				"down": {"uv": [0.5, 12.5, 4.5, 13], "rotation": 180, "texture": "#0"}
			}
		},
		{
			"from": [-2.6, -11.8, 2.2],
			"to": [11.4, -6.2, 3.6],
			"rotation": {"angle": 45, "axis": "z", "origin": [0, 6, 3.6]},
			"faces": {
				"north": {"uv": [5.5, 10, 10.5, 12], "texture": "#0"},
				"east": {"uv": [0, 10, 0.5, 12], "texture": "#0"},
				"south": {"uv": [0, 10, 5, 12], "texture": "#0"},
				"west": {"uv": [4.5, 10, 5, 12], "texture": "#0"},
				"up": {"uv": [0, 10, 5, 10.5], "texture": "#0"},
				"down": {"uv": [0, 11.5, 5, 12], "rotation": 180, "texture": "#0"}
			}
		},
		{
			"from": [-1.2, -6.2, 2.2],
			"to": [10, -3.4, 3.6],
			"rotation": {"angle": 45, "axis": "z", "origin": [0, 6, 3.6]},
			"faces": {
				"north": {"uv": [6, 9, 10, 10], "texture": "#0"},
				"east": {"uv": [0.5, 9, 1, 10], "texture": "#0"},
				"south": {"uv": [0.5, 9, 4.5, 10], "texture": "#0"},
				"west": {"uv": [4, 9, 4.5, 10], "texture": "#0"},
				"up": {"uv": [0.5, 9, 4.5, 9.5], "texture": "#0"},
				"down": {"uv": [0.5, 9.5, 4.5, 10], "rotation": 180, "texture": "#0"}
			}
		},
		{
			"from": [-2.6, -3.4, 2.2],
			"to": [11.4, 0.8, 3.6],
			"rotation": {"angle": 45, "axis": "z", "origin": [0, 6, 3.6]},
			"faces": {
				"north": {"uv": [5.5, 7.5, 10.5, 9], "texture": "#0"},
				"east": {"uv": [0, 7.5, 0.5, 9], "texture": "#0"},
				"south": {"uv": [0, 7.5, 5, 9], "texture": "#0"},
				"west": {"uv": [4.5, 7.5, 5, 9], "texture": "#0"},
				"up": {"uv": [0, 7.5, 5, 8], "texture": "#0"},
				"down": {"uv": [0, 8.5, 5, 9], "rotation": 180, "texture": "#0"}
			}
		},
		{
			"from": [7.2, 3.6, 2.2],
			"to": [10, 5, 3.6],
			"rotation": {"angle": 45, "axis": "z", "origin": [0, 6, 3.6]},
			"faces": {
				"north": {"uv": [6, 6, 7, 6.5], "texture": "#0"},
				"east": {"uv": [0.5, 6, 1, 6.5], "texture": "#0"},
				"south": {"uv": [0.5, 6, 1.5, 6.5], "texture": "#0"},
				"west": {"uv": [1, 6, 1.5, 6.5], "texture": "#0"},
				"up": {"uv": [0.5, 6, 1.5, 6.5], "texture": "#0"},
				"down": {"uv": [0.5, 6, 1.5, 6.5], "rotation": 180, "texture": "#0"}
			}
		},
		{
			"from": [-1.2, 0.8, 2.2],
			"to": [10, 3.6, 3.6],
			"rotation": {"angle": 45, "axis": "z", "origin": [0, 6, 3.6]},
			"faces": {
				"north": {"uv": [6, 6.5, 10, 7.5], "texture": "#0"},
				"east": {"uv": [0.5, 6.5, 1, 7.5], "texture": "#0"},
				"south": {"uv": [0.5, 6.5, 4.5, 7.5], "texture": "#0"},
				"west": {"uv": [4, 6.5, 4.5, 7.5], "texture": "#0"},
				"up": {"uv": [0.5, 6.5, 4.5, 7], "texture": "#0"},
				"down": {"uv": [0.5, 7, 4.5, 7.5], "rotation": 180, "texture": "#0"}
			}
		},
		{
			"from": [7.2, 5, 2.2],
			"to": [8.6, 6.4, 3.6],
			"rotation": {"angle": 45, "axis": "z", "origin": [0, 6, 3.6]},
			"faces": {
				"north": {"uv": [6.5, 5.5, 7, 6], "texture": "#0"},
				"east": {"uv": [1, 5.5, 1.5, 6], "texture": "#0"},
				"south": {"uv": [1, 5.5, 1.5, 6], "texture": "#0"},
				"west": {"uv": [1, 5.5, 1.5, 6], "texture": "#0"},
				"up": {"uv": [1, 5.5, 1.5, 6], "texture": "#0"},
				"down": {"uv": [1, 5.5, 1.5, 6], "rotation": 180, "texture": "#0"}
			}
		},
		{
			"from": [0.2, 3.6, 2.2],
			"to": [1.6, 5, 3.6],
			"rotation": {"angle": 45, "axis": "z", "origin": [0, 6, 3.6]},
			"faces": {
				"north": {"uv": [9, 6, 9.5, 6.5], "texture": "#0"},
				"east": {"uv": [3.5, 6, 4, 6.5], "texture": "#0"},
				"south": {"uv": [3.5, 6, 4, 6.5], "texture": "#0"},
				"west": {"uv": [3.5, 6, 4, 6.5], "texture": "#0"},
				"up": {"uv": [3.5, 6, 4, 6.5], "texture": "#0"},
				"down": {"uv": [3.5, 6, 4, 6.5], "rotation": 180, "texture": "#0"}
			}
		},
		{
			"from": [3, 3.6, 1.5],
			"to": [5.8, 20.4, 2.9],
			"rotation": {"angle": 45, "axis": "z", "origin": [0, 6, 3.6]},
			"faces": {
				"north": {"uv": [7.5, 1.5, 8.5, 6.5], "texture": "#0"},
				"east": {"uv": [2.5, 1.5, 3, 6.5], "texture": "#0"},
				"south": {"uv": [2, 1.5, 3, 6.5], "texture": "#0"},
				"west": {"uv": [2, 1.5, 2.5, 6.5], "texture": "#0"},
				"up": {"uv": [2, 1.5, 3, 2], "texture": "#0"},
				"down": {"uv": [2, 6, 3, 6.5], "rotation": 180, "texture": "#0"}
			}
		},
		{
			"from": [2.3, 19.1847, 0.95198],
			"to": [6.5, 23.3847, 2.35198],
			"rotation": {"angle": 45, "axis": "z", "origin": [0, 6, 3.6]},
			"faces": {
				"north": {"uv": [7.25, 0, 8.75, 1.5], "texture": "#0"},
				"east": {"uv": [2.75, 0, 3.25, 1.5], "texture": "#0"},
				"south": {"uv": [1.75, 0, 3.25, 1.5], "texture": "#0"},
				"west": {"uv": [1.75, 0, 2.25, 1.5], "texture": "#0"},
				"up": {"uv": [1.75, 0, 3.25, 0.5], "texture": "#0"},
				"down": {"uv": [1.75, 1, 3.25, 1.5], "rotation": 180, "texture": "#0"}
			}
		},
		{
			"from": [0.2, -9, 1.92],
			"to": [1.6, -7.6, 2.2],
			"rotation": {"angle": 45, "axis": "z", "origin": [0, 6, 3.6]},
			"faces": {
				"north": {"uv": [9.25, 12, 9.5, 12.45], "rotation": 180, "texture": "#0"},
				"east": {"uv": [9.25, 12, 9.5, 12.45], "rotation": 90, "texture": "#0"},
				"south": {"uv": [9.25, 12, 9.5, 12.45], "texture": "#0"},
				"west": {"uv": [9.25, 12, 9.5, 12.45], "rotation": 270, "texture": "#0"},
				"up": {"uv": [9.25, 12, 9.5, 12.45], "texture": "#0"},
				"down": {"uv": [9.25, 12, 9.5, 12.45], "rotation": 180, "texture": "#0"}
			}
		},
		{
			"from": [0.9, -11.1, 1.92],
			"to": [2.3, -9.7, 2.2],
			"rotation": {"angle": 45, "axis": "z", "origin": [0, 6, 3.6]},
			"faces": {
				"north": {"uv": [9.25, 12, 9.5, 12.45], "rotation": 180, "texture": "#0"},
				"east": {"uv": [9.25, 12, 9.5, 12.45], "rotation": 90, "texture": "#0"},
				"south": {"uv": [9.25, 12, 9.5, 12.45], "texture": "#0"},
				"west": {"uv": [9.25, 12, 9.5, 12.45], "rotation": 270, "texture": "#0"},
				"up": {"uv": [9.25, 12, 9.5, 12.45], "texture": "#0"},
				"down": {"uv": [9.25, 12, 9.5, 12.45], "rotation": 180, "texture": "#0"}
			}
		},
		{
			"from": [3, -4.1, 1.92],
			"to": [5.8, -2.7, 2.2],
			"rotation": {"angle": 45, "axis": "z", "origin": [0, 6, 3.6]},
			"faces": {
				"north": {"uv": [7.5, 8.75, 8.5, 9.25], "rotation": 180, "texture": "#0"},
				"east": {"uv": [7.5, 8.75, 7.75, 9.25], "rotation": 90, "texture": "#0"},
				"south": {"uv": [7.5, 8.75, 8.5, 9.25], "texture": "#0"},
				"west": {"uv": [8.25, 8.75, 8.5, 9.25], "rotation": 270, "texture": "#0"},
				"up": {"uv": [7.5, 8.75, 8.5, 9], "texture": "#0"},
				"down": {"uv": [7.5, 9, 8.5, 9.25], "rotation": 180, "texture": "#0"}
			}
		},
		{
			"from": [3, -6.9, 1.5],
			"to": [5.8, -6.2, 2.2],
			"rotation": {"angle": 45, "axis": "z", "origin": [0, 6, 3.6]},
			"faces": {
				"north": {"uv": [7.5, 10, 8.5, 10.25], "rotation": 180, "texture": "#0"},
				"east": {"uv": [7.5, 10, 7.75, 10.25], "rotation": 90, "texture": "#0"},
				"south": {"uv": [7.5, 10, 8.5, 10.25], "texture": "#0"},
				"west": {"uv": [8.25, 10, 8.5, 10.25], "rotation": 270, "texture": "#0"},
				"up": {"uv": [7.5, 10, 8.5, 10.25], "texture": "#0"},
				"down": {"uv": [7.5, 10, 8.5, 10.25], "rotation": 180, "texture": "#0"}
			}
		},
		{
			"from": [2.3, -6.2, 1.5],
			"to": [6.5, -5.5, 2.2],
			"rotation": {"angle": 45, "axis": "z", "origin": [0, 6, 3.6]},
			"faces": {
				"north": {"uv": [7.25, 9.75, 8.75, 10], "rotation": 180, "texture": "#0"},
				"east": {"uv": [7.25, 9.75, 7.5, 10], "rotation": 90, "texture": "#0"},
				"south": {"uv": [7.25, 9.75, 8.75, 10], "texture": "#0"},
				"west": {"uv": [8.5, 9.75, 8.75, 10], "rotation": 270, "texture": "#0"},
				"up": {"uv": [7.25, 9.75, 8.75, 10], "texture": "#0"},
				"down": {"uv": [7.25, 9.75, 8.75, 10], "rotation": 180, "texture": "#0"}
			}
		},
		{
			"from": [3, 0.8, 1.92],
			"to": [5.8, 2.2, 2.2],
			"rotation": {"angle": 45, "axis": "z", "origin": [0, 6, 3.6]},
			"faces": {
				"north": {"uv": [7.5, 7, 8.5, 7.5], "rotation": 180, "texture": "#0"},
				"east": {"uv": [7.5, 7, 7.75, 7.5], "rotation": 90, "texture": "#0"},
				"south": {"uv": [7.5, 7, 8.5, 7.5], "texture": "#0"},
				"west": {"uv": [8.25, 7, 8.5, 7.5], "rotation": 270, "texture": "#0"},
				"up": {"uv": [7.5, 7.25, 8.5, 7.5], "texture": "#0"},
				"down": {"uv": [7.5, 7.25, 8.5, 7.5], "rotation": 180, "texture": "#0"}
			}
		},
		{
			"from": [3, -10.4, 1.5],
			"to": [5.8, -9, 2.2],
			"rotation": {"angle": 45, "axis": "z", "origin": [0, 6, 3.6]},
			"faces": {
				"north": {"uv": [7.5, 11, 8.5, 11.5], "rotation": 180, "texture": "#0"},
				"east": {"uv": [7.5, 11, 7.75, 11.5], "rotation": 90, "texture": "#0"},
				"south": {"uv": [7.5, 11, 8.5, 11.5], "texture": "#0"},
				"west": {"uv": [8.25, 11, 8.5, 11.5], "rotation": 270, "texture": "#0"},
				"up": {"uv": [7.5, 11, 8.5, 11.25], "texture": "#0"},
				"down": {"uv": [7.5, 11.25, 8.5, 11.5], "rotation": 180, "texture": "#0"}
			}
		},
		{
			"from": [3.14, -9.7, 1.22],
			"to": [3.42, 20.4, 1.5],
			"rotation": {"angle": 45, "axis": "z", "origin": [0, 6, 3.6]},
			"faces": {
				"north": {"uv": [15.75, 0, 16, 16], "rotation": 270, "texture": "#0"},
				"east": {"uv": [15.75, 0, 16, 16], "rotation": 180, "texture": "#0"},
				"south": {"uv": [15.75, 0, 16, 16], "rotation": 90, "texture": "#0"},
				"west": {"uv": [15.75, 0, 16, 16], "texture": "#0"},
				"up": {"uv": [15.75, 0, 15.95, 0.2], "texture": "#0"},
				"down": {"uv": [15.75, 0, 15.95, 0.2], "rotation": 180, "texture": "#0"}
			}
		},
		{
			"from": [3.7, -9.7, 1.22],
			"to": [3.98, 20.4, 1.5],
			"rotation": {"angle": 45, "axis": "z", "origin": [0, 6, 3.6]},
			"faces": {
				"north": {"uv": [15.75, 0, 16, 16], "rotation": 270, "texture": "#0"},
				"east": {"uv": [15.75, 0, 16, 16], "rotation": 180, "texture": "#0"},
				"south": {"uv": [15.75, 0, 16, 16], "rotation": 90, "texture": "#0"},
				"west": {"uv": [15.75, 0, 16, 16], "texture": "#0"},
				"up": {"uv": [15.75, 0, 15.95, 0.2], "texture": "#0"},
				"down": {"uv": [15.75, 0, 15.95, 0.2], "rotation": 180, "texture": "#0"}
			}
		},
		{
			"from": [4.26, -9.7, 1.22],
			"to": [4.54, 20.4, 1.5],
			"rotation": {"angle": 45, "axis": "z", "origin": [0, 6, 3.6]},
			"faces": {
				"north": {"uv": [15.75, 0, 16, 16], "rotation": 270, "texture": "#0"},
				"east": {"uv": [15.75, 0, 16, 16], "rotation": 180, "texture": "#0"},
				"south": {"uv": [15.75, 0, 16, 16], "rotation": 90, "texture": "#0"},
				"west": {"uv": [15.75, 0, 16, 16], "texture": "#0"},
				"up": {"uv": [15.75, 0, 15.95, 0.2], "texture": "#0"},
				"down": {"uv": [15.75, 0, 15.95, 0.2], "rotation": 180, "texture": "#0"}
			}
		},
		{
			"from": [4.82, -9.7, 1.22],
			"to": [5.1, 20.4, 1.5],
			"rotation": {"angle": 45, "axis": "z", "origin": [0, 6, 3.6]},
			"faces": {
				"north": {"uv": [15.75, 0, 16, 16], "rotation": 270, "texture": "#0"},
				"east": {"uv": [15.75, 0, 16, 16], "rotation": 180, "texture": "#0"},
				"south": {"uv": [15.75, 0, 16, 16], "rotation": 90, "texture": "#0"},
				"west": {"uv": [15.75, 0, 16, 16], "texture": "#0"},
				"up": {"uv": [15.75, 0, 15.95, 0.2], "texture": "#0"},
				"down": {"uv": [15.75, 0, 15.95, 0.2], "rotation": 180, "texture": "#0"}
			}
		}
	],
	"display": {
		"thirdperson_righthand": {
			"translation": [0, 0, 1.75],
			"scale": [0.5, 0.5, 0.5]
		},
		"thirdperson_lefthand": {
			"translation": [0, 0, 1.75],
			"scale": [0.5, 0.5, 0.5]
		},
		"gui": {
			"rotation": [0, 150, 0],
			"translation": [1, 0.75, 0],
			"scale": [0.5, 0.5, 0.5]
		},
		"head": {
			"rotation": [0, -180, 0],
			"translation": [0, -40, 0],
			"scale": [1.5, 1.5, 1.5]
		},
		"fixed": {
			"rotation": [-90, -45, 0],
			"translation": [3, -3, -7],
			"scale": [0.8, 0.8, 0.8]
		}
	},
	"groups": [0, 1, 2, 3,
		{
			"name": "Guitar",
			"origin": [0, 6, 5],
			"color": 0,
			"children": [4, 5, 6, 7, 8, 9, 10, 11, 12, 13, 14, 15, 16, 17, 18, 19, 20, 21, 22, 23, 24, 25, 26]
		}
	]
}