{
	"credit": "Made with Blockbench",
	"textures": {
		"layer0": "block/door_shield"
	},
	"elements": [
		{
			"from": [4, 0, 7.5],
			"to": [12, 16, 8],
			"faces": {
				"north": {"uv": [12, 0, 4, 16], "texture": "#layer0"},
				"east": {"uv": [11.5, 0, 12, 16], "texture": "#layer0"},
				"south": {"uv": [4, 0, 12, 16], "texture": "#layer0"},
				"west": {"uv": [4, 0, 4.5, 16], "texture": "#layer0"},
				"up": {"uv": [4, 0, 12, 0.5], "texture": "#layer0"},
				"down": {"uv": [4, 15.5, 12, 16], "texture": "#layer0"}
			}
		},
		{
			"from": [7.5, 6, 4.5],
			"to": [8.5, 9, 7.5],
			"faces": {
				"north": {"uv": [1, 0, 0, 3], "texture": "#layer0"},
				"east": {"uv": [1, 0, 4, 3], "texture": "#layer0"},
				"south": {"uv": [0, 0, 1, 3], "texture": "#layer0"},
				"west": {"uv": [1, 0, 4, 3], "texture": "#layer0"},
				"up": {"uv": [0, 0, 1, 3], "texture": "#layer0"},
				"down": {"uv": [0, 0, 1, 3], "texture": "#layer0"}
			}
		}
	],
	"display": {
		"thirdperson_righthand": {
			"rotation": [0, 90, 0],
			"translation": [4, -1, 3],
			"scale": [2, 2, 2]
		},
		"thirdperson_lefthand": {
			"rotation": [0, 90, 0],
			"translation": [4, -1, 3],
			"scale": [2, 2, 2]
		},
		"firstperson_righthand": {
			"rotation": [9, -179, 4],
			"translation": [-1, -12, -3],
			"scale": [2.2, 2.2, 2.2]
		},
		"firstperson_lefthand": {
			"rotation": [9, -179, 4],
			"translation": [-1, -12, -3],
			"scale": [2.2, 2.2, 2.2]
		},
		"ground": {
			"rotation": [90, 0, 0],
			"translation": [0, -2.75, 0],
			"scale": [2, 2, 2]
		},
		"gui": {
			"rotation": [10, -45, -5],
			"translation": [0, 0, -10],
			"scale": [0.9, 0.9, 0.9]
		},
		"head": {
			"rotation": [0, 1.5, 11],
			"translation": [0, -11.75, 7.5],
			"scale": [2, 2, 2]
		},
		"fixed": {
			"rotation": [0, -180, 0],
			"translation": [0, 0, -2],
			"scale": [2, 2, 2]
		}
	}
}