{
	"credit": "Made with Blockbench",
	"texture_size": [64, 64],
	"textures": {
		"particle": "block/flamethr",
		"2_0": "block/flamethr"
	},
	"elements": [
		{
			"from": [8, 9.75, 4],
			"to": [8, 13.25, 11],
			"rotation": {"angle": 0, "axis": "x", "origin": [8, 11, 6.75]},
			"faces": {
				"north": {"uv": [9, 0, 16, 3.5], "texture": "#2_0"},
				"east": {"uv": [16, 0, 9, 3.5], "texture": "#2_0"},
				"south": {"uv": [6.5, 10.25, 8.25, 12], "texture": "#2_0"},
				"west": {"uv": [9, 0, 16, 3.5], "texture": "#2_0"},
				"up": {"uv": [0, 4, 2.75, 5.75], "rotation": 90, "texture": "#2_0"},
				"down": {"uv": [0, 4, 2.75, 5.75], "rotation": 270, "texture": "#2_0"}
			}
		},
		{
			"from": [8, 9.75, 4],
			"to": [8, 13.25, 11],
			"rotation": {"angle": -45, "axis": "z", "origin": [8, 11, 6.75]},
			"faces": {
				"north": {"uv": [9, 0, 16, 3.5], "texture": "#2_0"},
				"east": {"uv": [16, 0, 9, 3.5], "texture": "#2_0"},
				"south": {"uv": [6.5, 10.25, 8.25, 12], "texture": "#2_0"},
				"west": {"uv": [9, 0, 16, 3.5], "texture": "#2_0"},
				"up": {"uv": [0, 4, 2.75, 5.75], "rotation": 90, "texture": "#2_0"},
				"down": {"uv": [0, 4, 2.75, 5.75], "rotation": 270, "texture": "#2_0"}
			}
		},
		{
			"from": [8, 9.75, 4],
			"to": [8, 13.25, 11],
			"rotation": {"angle": 45, "axis": "z", "origin": [8, 11, 6.75]},
			"faces": {
				"north": {"uv": [9, 0, 16, 3.5], "texture": "#2_0"},
				"east": {"uv": [16, 0, 9, 3.5], "texture": "#2_0"},
				"south": {"uv": [6.5, 10.25, 8.25, 12], "texture": "#2_0"},
				"west": {"uv": [9, 0, 16, 3.5], "texture": "#2_0"},
				"up": {"uv": [0, 4, 2.75, 5.75], "rotation": 90, "texture": "#2_0"},
				"down": {"uv": [0, 4, 2.75, 5.75], "rotation": 270, "texture": "#2_0"}
			}
		},
		{
			"from": [8, 10, -1.5],
			"to": [8, 13.5, 4],
			"rotation": {"angle": 0, "axis": "x", "origin": [8, 11.5, 1.25]},
			"faces": {
				"north": {"uv": [9, 0, 16, 3.5], "texture": "#2_0"},
				"east": {"uv": [14.5, 0, 9, 3.5], "texture": "#2_0"},
				"south": {"uv": [6.5, 10.25, 8.25, 12], "texture": "#2_0"},
				"west": {"uv": [9, 0, 14.5, 3.5], "texture": "#2_0"},
				"up": {"uv": [0, 4, 2.75, 5.75], "rotation": 90, "texture": "#2_0"},
				"down": {"uv": [0, 4, 2.75, 5.75], "rotation": 270, "texture": "#2_0"}
			}
		},
		{
			"from": [8, 11, 2.5],
			"to": [8, 14, 6],
			"rotation": {"angle": 22.5, "axis": "z", "origin": [8, 11, 5.25]},
			"faces": {
				"north": {"uv": [9, 0, 16, 3.5], "texture": "#2_0"},
				"east": {"uv": [15, 3.75, 11.5, 6.75], "texture": "#2_0"},
				"south": {"uv": [6.5, 10.25, 8.25, 12], "texture": "#2_0"},
				"west": {"uv": [11.5, 3.75, 15, 6.75], "texture": "#2_0"},
				"up": {"uv": [0, 4, 2.75, 5.75], "rotation": 90, "texture": "#2_0"},
				"down": {"uv": [0, 4, 2.75, 5.75], "rotation": 270, "texture": "#2_0"}
			}
		},
		{
			"from": [8, 11, -3.5],
			"to": [8, 14, 0],
			"rotation": {"angle": 22.5, "axis": "z", "origin": [8, 11, -0.75]},
			"faces": {
				"north": {"uv": [9, 0, 16, 3.5], "texture": "#2_0"},
				"east": {"uv": [15, 3.75, 11.5, 6.75], "texture": "#2_0"},
				"south": {"uv": [6.5, 10.25, 8.25, 12], "texture": "#2_0"},
				"west": {"uv": [11.5, 3.75, 15, 6.75], "texture": "#2_0"},
				"up": {"uv": [0, 4, 2.75, 5.75], "rotation": 90, "texture": "#2_0"},
				"down": {"uv": [0, 4, 2.75, 5.75], "rotation": 270, "texture": "#2_0"}
			}
		},
		{
			"from": [8, 11, 2.5],
			"to": [8, 14, 6],
			"rotation": {"angle": -22.5, "axis": "z", "origin": [8, 11, 5.25]},
			"faces": {
				"north": {"uv": [9, 0, 16, 3.5], "texture": "#2_0"},
				"east": {"uv": [15, 3.75, 11.5, 6.75], "texture": "#2_0"},
				"south": {"uv": [6.5, 10.25, 8.25, 12], "texture": "#2_0"},
				"west": {"uv": [11.5, 3.75, 15, 6.75], "texture": "#2_0"},
				"up": {"uv": [0, 4, 2.75, 5.75], "rotation": 90, "texture": "#2_0"},
				"down": {"uv": [0, 4, 2.75, 5.75], "rotation": 270, "texture": "#2_0"}
			}
		},
		{
			"from": [8, 11, -3.5],
			"to": [8, 14, 0],
			"rotation": {"angle": -22.5, "axis": "z", "origin": [8, 11, -0.75]},
			"faces": {
				"north": {"uv": [9, 0, 16, 3.5], "texture": "#2_0"},
				"east": {"uv": [15, 3.75, 11.5, 6.75], "texture": "#2_0"},
				"south": {"uv": [6.5, 10.25, 8.25, 12], "texture": "#2_0"},
				"west": {"uv": [11.5, 3.75, 15, 6.75], "texture": "#2_0"},
				"up": {"uv": [0, 4, 2.75, 5.75], "rotation": 90, "texture": "#2_0"},
				"down": {"uv": [0, 4, 2.75, 5.75], "rotation": 270, "texture": "#2_0"}
			}
		},
		{
			"from": [8, 10, -1],
			"to": [8, 13.5, 4.5],
			"rotation": {"angle": -45, "axis": "z", "origin": [8, 11.5, 1.75]},
			"faces": {
				"north": {"uv": [9, 0, 16, 3.5], "texture": "#2_0"},
				"east": {"uv": [14.5, 0, 9, 3.5], "texture": "#2_0"},
				"south": {"uv": [6.5, 10.25, 8.25, 12], "texture": "#2_0"},
				"west": {"uv": [9, 0, 14.5, 3.5], "texture": "#2_0"},
				"up": {"uv": [0, 4, 2.75, 5.75], "rotation": 90, "texture": "#2_0"},
				"down": {"uv": [0, 4, 2.75, 5.75], "rotation": 270, "texture": "#2_0"}
			}
		},
		{
			"from": [8, 10, -1],
			"to": [8, 13.5, 4.5],
			"rotation": {"angle": 45, "axis": "z", "origin": [8, 11.5, 1.75]},
			"faces": {
				"north": {"uv": [9, 0, 16, 3.5], "texture": "#2_0"},
				"east": {"uv": [14.5, 0, 9, 3.5], "texture": "#2_0"},
				"south": {"uv": [6.5, 10.25, 8.25, 12], "texture": "#2_0"},
				"west": {"uv": [9, 0, 14.5, 3.5], "texture": "#2_0"},
				"up": {"uv": [0, 4, 2.75, 5.75], "rotation": 90, "texture": "#2_0"},
				"down": {"uv": [0, 4, 2.75, 5.75], "rotation": 270, "texture": "#2_0"}
			}
		},
		{
			"from": [7.5, 10.15, 25.25],
			"to": [8.5, 11.65, 28.75],
			"rotation": {"angle": 0, "axis": "y", "origin": [15.5, 11.15, 23.5]},
			"faces": {
				"north": {"uv": [0, 0, 1.5, 1.5], "texture": "#2_0"},
				"east": {"uv": [5, 1.25, 8.5, 2.75], "texture": "#2_0"},
				"south": {"uv": [4.5, 6, 5.5, 7.5], "texture": "#2_0"},
				"west": {"uv": [8.5, 1.25, 5, 2.75], "texture": "#2_0"},
				"up": {"uv": [8.5, 1.25, 5, 2.25], "rotation": 90, "texture": "#2_0"},
				"down": {"uv": [5, 2.5, 8.5, 2.75], "rotation": 90, "texture": "#2_0"}
			}
		},
		{
			"from": [6.5, 13.4, 22.75],
			"to": [9.5, 14.15, 23.5],
			"rotation": {"angle": 0, "axis": "y", "origin": [14.5, 14.4, 21]},
			"faces": {
				"north": {"uv": [5, 12, 8, 12.75], "texture": "#2_0"},
				"east": {"uv": [8, 12, 8.75, 12.75], "texture": "#2_0"},
				"south": {"uv": [5, 12, 8, 12.75], "texture": "#2_0"},
				"west": {"uv": [8, 12, 8.75, 12.75], "texture": "#2_0"},
				"up": {"uv": [5, 12, 8, 12.25], "texture": "#2_0"},
				"down": {"uv": [5, 12.5, 8, 12.75], "rotation": 180, "texture": "#2_0"}
			}
		},
		{
			"from": [6.5, 11.9, 22.75],
			"to": [7, 13.4, 23.5],
			"rotation": {"angle": 0, "axis": "y", "origin": [14.5, 12.9, 21]},
			"faces": {
				"north": {"uv": [7.5, 12.75, 8, 14.25], "texture": "#2_0"},
				"east": {"uv": [7.5, 12.75, 7.75, 14.25], "texture": "#2_0"},
				"south": {"uv": [5, 12.75, 5.5, 14.25], "texture": "#2_0"},
				"west": {"uv": [8, 12.75, 8.75, 14.25], "texture": "#2_0"},
				"down": {"uv": [7.5, 14, 8, 14.25], "rotation": 180, "texture": "#2_0"}
			}
		},
		{
			"from": [9, 11.9, 22.75],
			"to": [9.5, 13.4, 23.5],
			"rotation": {"angle": 0, "axis": "y", "origin": [17, 12.9, 21]},
			"faces": {
				"north": {"uv": [5, 12.75, 5.5, 14.25], "texture": "#2_0"},
				"east": {"uv": [8.75, 12.75, 8, 14.25], "texture": "#2_0"},
				"south": {"uv": [7.5, 12.75, 8, 14.25], "texture": "#2_0"},
				"west": {"uv": [7.5, 12.75, 7.75, 14.25], "texture": "#2_0"},
				"down": {"uv": [7.5, 14, 8, 14.25], "texture": "#2_0"}
			}
		},
		{
			"from": [7.625, 11.65, 27.75],
			"to": [8.375, 14.15, 28.75],
			"rotation": {"angle": -22.5, "axis": "x", "origin": [8, 11.65, 28.75]},
			"faces": {
				"north": {"uv": [9.75, 11.75, 10.5, 14.25], "texture": "#2_0"},
				"east": {"uv": [8.75, 11.75, 9.75, 14.25], "texture": "#2_0"},
				"south": {"uv": [10.5, 11.75, 11.25, 14.25], "texture": "#2_0"},
				"west": {"uv": [9.75, 11.75, 8.75, 14.25], "texture": "#2_0"},
				"up": {"uv": [4, 2.5, 5, 3.25], "rotation": 270, "texture": "#2_0"},
				"down": {"uv": [0, 0, 1.5, 1.5], "texture": "#2_0"}
			}
		},
		{
			"from": [7, 9.9, 20.75],
			"to": [9, 12.4, 25.25],
			"rotation": {"angle": 0, "axis": "y", "origin": [15.5, 11.15, 23.5]},
			"faces": {
				"north": {"uv": [4.5, 3.5, 6.5, 6], "texture": "#2_0"},
				"east": {"uv": [0, 3.5, 4.5, 6], "texture": "#2_0"},
				"south": {"uv": [6.5, 3.5, 8.5, 6], "texture": "#2_0"},
				"west": {"uv": [4.5, 3.5, 0, 6], "texture": "#2_0"},
				"up": {"uv": [0, 6, 4.5, 8], "rotation": 270, "texture": "#2_0"},
				"down": {"uv": [0, 5.75, 4.5, 6], "rotation": 90, "texture": "#2_0"}
			}
		},
		{
			"from": [6, 11.65, 20.75],
			"to": [10, 15.4, 20.75],
			"rotation": {"angle": 22.5, "axis": "x", "origin": [7.75, 12.4, 20.75]},
			"faces": {
				"north": {"uv": [6.5, 7, 10.5, 10.75], "texture": "#2_0"},
				"east": {"uv": [9, 0, 0, 1], "texture": "#2_0"},
				"south": {"uv": [6.5, 7, 10.5, 10.75], "texture": "#2_0"},
				"west": {"uv": [0, 0, 9, 1], "texture": "#2_0"},
				"up": {"uv": [0, 1, 9, 2], "rotation": 90, "texture": "#2_0"},
				"down": {"uv": [0, 2, 9, 3], "rotation": 270, "texture": "#2_0"}
			}
		},
		{
			"from": [6.25, 6.15, 21.875],
			"to": [8.25, 9.9, 23.875],
			"rotation": {"angle": 0, "axis": "y", "origin": [15.5, 12.15, 23.75]},
			"faces": {
				"north": {"uv": [2.5, 8, 4.5, 11.75], "texture": "#2_0"},
				"east": {"uv": [4.5, 8, 2.5, 11.75], "texture": "#2_0"},
				"south": {"uv": [2.5, 8, 4.5, 11.75], "texture": "#2_0"},
				"west": {"uv": [2.5, 8, 4.5, 11.75], "texture": "#2_0"},
				"up": {"uv": [4.5, 8, 6.5, 10], "rotation": 90, "texture": "#2_0"},
				"down": {"uv": [4.5, 10, 6.5, 12], "rotation": 90, "texture": "#2_0"}
			}
		},
		{
			"from": [8, 8.15, 23.75],
			"to": [8, 10.15, 28],
			"rotation": {"angle": 0, "axis": "y", "origin": [17.25, 11.4, 23.25]},
			"faces": {
				"north": {"uv": [0, 0, 1.5, 1.5], "texture": "#2_0"},
				"east": {"uv": [15.5, 11.75, 11.25, 13.75], "texture": "#2_0"},
				"south": {"uv": [0, 0, 1.5, 1.5], "texture": "#2_0"},
				"west": {"uv": [11.25, 11.75, 15.5, 13.75], "texture": "#2_0"},
				"up": {"uv": [0, 1, 9, 2], "rotation": 90, "texture": "#2_0"},
				"down": {"uv": [0, 2, 9, 3], "rotation": 270, "texture": "#2_0"}
			}
		},
		{
			"from": [7.25, 5.4, 19.75],
			"to": [9.75, 10.15, 22.25],
			"rotation": {"angle": 22.5, "axis": "x", "origin": [8.5, 10.15, 21]},
			"faces": {
				"north": {"uv": [0, 8, 2.5, 12.75], "texture": "#2_0"},
				"east": {"uv": [0, 8, 2.5, 12.75], "texture": "#2_0"},
				"south": {"uv": [0, 8, 2.5, 12.75], "texture": "#2_0"},
				"west": {"uv": [0, 8, 2.5, 12.75], "texture": "#2_0"},
				"up": {"uv": [0, 12.75, 2.5, 15.25], "rotation": 90, "texture": "#2_0"},
				"down": {"uv": [2.5, 12.75, 5, 15.25], "rotation": 270, "texture": "#2_0"}
			}
		},
		{
			"from": [7.5, 10.4, 15.75],
			"to": [8.5, 11.65, 20.75],
			"rotation": {"angle": 0, "axis": "y", "origin": [15.5, 11.15, 23.5]},
			"faces": {
				"north": {"uv": [5, 0, 6, 1.25], "texture": "#2_0"},
				"east": {"uv": [0, 0, 5, 1.25], "texture": "#2_0"},
				"west": {"uv": [5, 0, 0, 1.25], "texture": "#2_0"},
				"up": {"uv": [0, 1.25, 5, 2.25], "rotation": 270, "texture": "#2_0"},
				"down": {"uv": [0, 2.25, 5, 2.5], "rotation": 90, "texture": "#2_0"}
			}
		},
		{
			"from": [8.75, 9.9, 10.75],
			"to": [8.75, 11.15, 20.75],
			"rotation": {"angle": 22.5, "axis": "z", "origin": [8.75, 10.65, 15.75]},
			"faces": {
				"north": {"uv": [0, 0, 1.5, 1.5], "texture": "#2_0"},
				"east": {"uv": [5, 14.75, 15, 16], "texture": "#2_0"},
				"south": {"uv": [0, 0, 1.5, 1.5], "texture": "#2_0"},
				"west": {"uv": [14.75, 14.75, 5, 16], "texture": "#2_0"},
				"up": {"uv": [0, 1, 9, 2], "rotation": 90, "texture": "#2_0"},
				"down": {"uv": [0, 2, 9, 3], "rotation": 270, "texture": "#2_0"}
			}
		},
		{
			"from": [7.75, 10.9, 11.75],
			"to": [8.25, 11.4, 15.75],
			"rotation": {"angle": 0, "axis": "y", "origin": [15.5, 11.15, 23.5]},
			"faces": {
				"north": {"uv": [0, 0, 1.5, 1.5], "texture": "#2_0"},
				"east": {"uv": [0, 2.5, 4, 3], "texture": "#2_0"},
				"south": {"uv": [0, 0, 1.5, 1.5], "texture": "#2_0"},
				"west": {"uv": [4, 2.5, 0, 3], "texture": "#2_0"},
				"up": {"uv": [0, 3, 4, 3.5], "rotation": 270, "texture": "#2_0"},
				"down": {"uv": [0, 2.75, 4, 3], "rotation": 90, "texture": "#2_0"}
			}
		},
		{
			"from": [7.5, 10.65, 10.75],
			"to": [8.5, 11.65, 11.75],
			"rotation": {"angle": 0, "axis": "y", "origin": [15.5, 11.15, 23.5]},
			"faces": {
				"north": {"uv": [7, 0, 8, 1], "texture": "#2_0"},
				"east": {"uv": [7.25, 0, 6.25, 1], "texture": "#2_0"},
				"south": {"uv": [6, 0, 6.25, 1], "texture": "#2_0"},
				"west": {"uv": [6.25, 0, 7.25, 1], "texture": "#2_0"},
				"up": {"uv": [6.25, 0, 7.25, 1], "rotation": 90, "texture": "#2_0"},
				"down": {"uv": [6.25, 0, 7.25, 1], "rotation": 270, "texture": "#2_0"}
			}
		}
	],
	"display": {
		"thirdperson_righthand": {
			"rotation": [8, -2, 1],
			"translation": [0.5, -5.25, -29.25],
			"scale": [1.6, 1.6, 1.6]
		},
		"thirdperson_lefthand": {
			"rotation": [8, -2, 1],
			"translation": [0.5, -5.25, -29.25],
			"scale": [1.6, 1.6, 1.6]
		},
		"firstperson_righthand": {
			"rotation": [27.5, 9, 6],
			"translation": [-1, 2.5, -30.5],
			"scale": [2, 2, 2]
		},
		"firstperson_lefthand": {
			"rotation": [27.5, 9, 6],
			"translation": [-1, 2.5, -30.5],
			"scale": [2, 2, 2]
		},
		"ground": {
			"rotation": [0, 0, 90],
			"translation": [3, -0.5, -18.75],
			"scale": [1.6, 1.6, 1.6]
		},
		"gui": {
			"rotation": [-35, 135, 5],
			"translation": [-9, 3.25, 0],
			"scale": [1.05, 1.05, 1.05]
		},
		"head": {
			"translation": [0, 2.25, -19.25],
			"scale": [1.6, 1.6, 1.6]
		},
		"fixed": {
			"rotation": [0, 90, 0],
			"translation": [-24.75, -6.5, -2.25],
			"scale": [2, 2, 2]
		}
	},
	"groups": [0, 1, 2, 3, 4, 5, 6, 7, 8, 9,
		{
			"name": "flamethr",
			"origin": [8, 8, 8],
			"children": [10, 11, 12, 13, 14, 15, 16, 17, 18, 19, 20, 21, 22, 23]
		}
	]
}