{
	"credit": "Made with Blockbench",
	"texture_size": [64, 48],
	"textures": {
		"0": "block/svk",
		"particle": "block/svk"
	},
	"elements": [
		{
			"from": [7.25, 12, -3],
			"to": [8.75, 14, 6],
			"rotation": {"angle": 0, "axis": "x", "origin": [8.75, 12, 6]},
			"faces": {
				"north": {"uv": [8.5, 0, 9.25, 1.33333], "texture": "#0"},
				"east": {"uv": [4.5, 0, 0, 1.33333], "texture": "#0"},
				"south": {"uv": [4.25, 0, 4.5, 1.33333], "texture": "#0"},
				"west": {"uv": [0, 0, 4.5, 1.33333], "texture": "#0"},
				"up": {"uv": [0, 2, 4.5, 3], "rotation": 90, "texture": "#0"},
				"down": {"uv": [0, 3, 4.5, 4], "rotation": 270, "texture": "#0"}
			}
		},
		{
			"from": [7.5, 13, 6],
			"to": [8.5, 14, 15.5],
			"rotation": {"angle": 0, "axis": "x", "origin": [9, 13, 15]},
			"faces": {
				"north": {"uv": [0, 0, 1, 1], "texture": "#0"},
				"east": {"uv": [4.75, 14.33333, 0, 15], "texture": "#0"},
				"south": {"uv": [4.5, 0, 5, 0.66667], "texture": "#0"},
				"west": {"uv": [0, 14.33333, 4.75, 15], "texture": "#0"},
				"up": {"uv": [0, 14.33333, 4.75, 14.66667], "rotation": 90, "texture": "#0"},
				"down": {"uv": [2.75, 7.33333, 3, 7.66667], "texture": "#0"}
			}
		},
		{
			"from": [7, 15.5, 6.5],
			"to": [9, 17.5, 16],
			"rotation": {"angle": 0, "axis": "x", "origin": [8.5, 15.5, 15.5]},
			"faces": {
				"north": {"uv": [12.75, 0, 13.75, 1.33333], "texture": "#0"},
				"east": {"uv": [16, 2.66667, 11.25, 4], "texture": "#0"},
				"south": {"uv": [12.75, 0, 13.75, 1.33333], "texture": "#0"},
				"west": {"uv": [11.25, 2.66667, 16, 4], "texture": "#0"},
				"up": {"uv": [11.25, 2.66667, 16, 4], "rotation": 90, "texture": "#0"},
				"down": {"uv": [11.25, 2.66667, 16, 4], "rotation": 270, "texture": "#0"}
			}
		},
		{
			"from": [7.5, 13, -12],
			"to": [8.5, 14, -3],
			"rotation": {"angle": 0, "axis": "x", "origin": [9, 13, -3]},
			"faces": {
				"north": {"uv": [0.75, 1.33333, 1.25, 2], "texture": "#0"},
				"east": {"uv": [4.5, 9.33333, 0, 10], "texture": "#0"},
				"south": {"uv": [13.75, 0, 14.25, 0.66667], "texture": "#0"},
				"west": {"uv": [0, 9.33333, 4.5, 10], "texture": "#0"},
				"up": {"uv": [0, 10, 4.5, 10.66667], "rotation": 90, "texture": "#0"},
				"down": {"uv": [0, 9.66667, 4.5, 10], "rotation": 270, "texture": "#0"}
			}
		},
		{
			"from": [8, 12, -7.5],
			"to": [8, 13, -3],
			"rotation": {"angle": 0, "axis": "x", "origin": [9.5, 12, 1.5]},
			"faces": {
				"north": {"uv": [0, 0, 0, 3], "texture": "#0"},
				"east": {"uv": [2.25, 10.66667, 0, 11.33333], "texture": "#0"},
				"south": {"uv": [0, 0, 0, 3], "texture": "#0"},
				"west": {"uv": [0, 10.66667, 2.25, 11.33333], "texture": "#0"},
				"up": {"uv": [0, 0, 0, 2], "texture": "#0"},
				"down": {"uv": [0, 0, 0, 2], "texture": "#0"}
			}
		},
		{
			"from": [8, 14, -12],
			"to": [8, 15, -10],
			"rotation": {"angle": 0, "axis": "x", "origin": [9.5, 14, -3]},
			"faces": {
				"north": {"uv": [0, 0, 0, 3], "texture": "#0"},
				"east": {"uv": [2.25, 1.33333, 1.25, 2], "texture": "#0"},
				"south": {"uv": [0, 0, 0, 3], "texture": "#0"},
				"west": {"uv": [1.25, 1.33333, 2.25, 2], "texture": "#0"},
				"up": {"uv": [0, 0, 0, 2], "texture": "#0"},
				"down": {"uv": [0, 0, 0, 2], "texture": "#0"}
			}
		},
		{
			"from": [8, 14, 6.5],
			"to": [8, 15.5, 16],
			"rotation": {"angle": 0, "axis": "x", "origin": [9.5, 14, 15.5]},
			"faces": {
				"north": {"uv": [0, 0, 0, 2], "texture": "#0"},
				"east": {"uv": [16, 4, 11.25, 5], "texture": "#0"},
				"south": {"uv": [0, 0, 0, 2], "texture": "#0"},
				"west": {"uv": [11.25, 4, 16, 5], "texture": "#0"},
				"up": {"uv": [0, 0, 0, 6], "texture": "#0"},
				"down": {"uv": [0, 0, 0, 6], "texture": "#0"}
			}
		},
		{
			"from": [8, 9, 11.5],
			"to": [8, 10.5, 16],
			"rotation": {"angle": 0, "axis": "x", "origin": [9.5, 9, 20.5]},
			"faces": {
				"north": {"uv": [0, 0, 0, 2], "texture": "#0"},
				"east": {"uv": [2.25, 12, 0, 13], "texture": "#0"},
				"south": {"uv": [0, 0, 0, 2], "texture": "#0"},
				"west": {"uv": [0, 12, 2.25, 13], "texture": "#0"},
				"up": {"uv": [0, 0, 0, 6], "texture": "#0"},
				"down": {"uv": [0, 0, 0, 6], "texture": "#0"}
			}
		},
		{
			"from": [8, 14, 12],
			"to": [9.5, 17, 12],
			"rotation": {"angle": -45, "axis": "z", "origin": [8, 14, 12]},
			"faces": {
				"north": {"uv": [9.5, 5.66667, 8, 6.66667], "rotation": 90, "texture": "#0"},
				"east": {"uv": [0, 0, 3, 0], "rotation": 270, "texture": "#0"},
				"south": {"uv": [8, 5.66667, 9.5, 6.66667], "rotation": 270, "texture": "#0"},
				"west": {"uv": [0, 0, 3, 0], "rotation": 270, "texture": "#0"},
				"up": {"uv": [0, 0, 0, 2.5], "rotation": 270, "texture": "#0"},
				"down": {"uv": [0, 0, 0, 2.5], "rotation": 270, "texture": "#0"}
			}
		},
		{
			"from": [7, 11, 2],
			"to": [9, 13, 9],
			"rotation": {"angle": 0, "axis": "x", "origin": [8.5, 11, 11]},
			"faces": {
				"north": {"uv": [0, 4, 1, 5.33333], "texture": "#0"},
				"east": {"uv": [6, 0.66667, 2.5, 2], "texture": "#0"},
				"south": {"uv": [0, 0, 2, 1.5], "texture": "#0"},
				"west": {"uv": [2.5, 0.66667, 6, 2], "texture": "#0"},
				"up": {"uv": [2.5, 0.66667, 6, 1], "rotation": 90, "texture": "#0"},
				"down": {"uv": [1, 4, 4.5, 5.33333], "rotation": 270, "texture": "#0"}
			}
		},
		{
			"from": [7, 10.5, 16],
			"to": [9, 13, 21],
			"rotation": {"angle": 22.5, "axis": "x", "origin": [9, 13, 16]},
			"faces": {
				"north": {"uv": [0, 0, 2, 2], "texture": "#0"},
				"east": {"uv": [8.5, 0, 6, 1.66667], "texture": "#0"},
				"south": {"uv": [0, 0, 2, 2], "texture": "#0"},
				"west": {"uv": [6, 0, 8.5, 1.66667], "texture": "#0"},
				"up": {"uv": [9.25, 1.33333, 11.75, 2.66667], "rotation": 90, "texture": "#0"},
				"down": {"uv": [9.25, 0, 11.75, 1.33333], "rotation": 270, "texture": "#0"}
			}
		},
		{
			"from": [7.25, 11.5, 18],
			"to": [8.75, 12.5, 19.5],
			"rotation": {"angle": -22.5, "axis": "x", "origin": [7.25, 12.5, 19.5]},
			"faces": {
				"north": {"uv": [8.25, 6.33333, 8.5, 6.66667], "texture": "#0"},
				"east": {"uv": [0.75, 1.33333, 0, 2], "texture": "#0"},
				"south": {"uv": [8, 6.33333, 8.25, 6.66667], "texture": "#0"},
				"west": {"uv": [0, 1.33333, 0.75, 2], "texture": "#0"},
				"up": {"uv": [4.5, 2, 4.75, 2.33333], "texture": "#0"},
				"down": {"uv": [8, 6.33333, 8.25, 6.66667], "texture": "#0"}
			}
		},
		{
			"from": [7.5, 9, 8.5],
			"to": [8.5, 11, 11.5],
			"rotation": {"angle": 0, "axis": "x", "origin": [7.75, 11.25, 9.5]},
			"faces": {
				"north": {"uv": [0, 13, 0.25, 14.33333], "texture": "#0"},
				"east": {"uv": [1.5, 13, 0, 14.33333], "texture": "#0"},
				"south": {"uv": [1.25, 13, 1.5, 14.33333], "texture": "#0"},
				"west": {"uv": [0, 13, 1.5, 14.33333], "texture": "#0"},
				"up": {"uv": [0, 0, 1, 1], "texture": "#0"},
				"down": {"uv": [0, 14, 1.5, 14.33333], "rotation": 270, "texture": "#0"}
			}
		},
		{
			"from": [6.75, 8, 19.5],
			"to": [9.25, 12.5, 28.5],
			"rotation": {"angle": 0, "axis": "x", "origin": [8.75, 8, 26.5]},
			"faces": {
				"north": {"uv": [4.5, 2, 4.75, 5], "texture": "#0"},
				"east": {"uv": [9, 2, 4.5, 5], "texture": "#0"},
				"south": {"uv": [8.75, 2, 9, 5], "texture": "#0"},
				"west": {"uv": [4.5, 2, 9, 5], "texture": "#0"},
				"up": {"uv": [3.5, 5.66667, 8, 7.33333], "rotation": 90, "texture": "#0"},
				"down": {"uv": [4.5, 4.66667, 9, 5], "rotation": 270, "texture": "#0"}
			}
		},
		{
			"from": [6.5, 7, 22],
			"to": [9.5, 11.5, 30],
			"rotation": {"angle": 0, "axis": "x", "origin": [8.5, 7, 29]},
			"faces": {
				"north": {"uv": [5.75, 2.66667, 6, 5.66667], "texture": "#0"},
				"east": {"uv": [9.75, 2.66667, 5.75, 5.66667], "texture": "#0"},
				"south": {"uv": [9.75, 2.66667, 11.25, 5.66667], "texture": "#0"},
				"west": {"uv": [5.75, 2.66667, 9.75, 5.66667], "texture": "#0"},
				"up": {"uv": [5.75, 2.66667, 9.75, 3], "rotation": 90, "texture": "#0"},
				"down": {"uv": [3.5, 7.33333, 7.5, 9.33333], "rotation": 270, "texture": "#0"}
			}
		},
		{
			"from": [6.75, 10.5, 9],
			"to": [9.25, 13, 16],
			"rotation": {"angle": 0, "axis": "x", "origin": [8.25, 10.5, 18]},
			"faces": {
				"north": {"uv": [0, 5.33333, 0.25, 7], "texture": "#0"},
				"east": {"uv": [3.5, 5.33333, 0, 7], "texture": "#0"},
				"south": {"uv": [3.25, 5.33333, 3.5, 7], "texture": "#0"},
				"west": {"uv": [0, 5.33333, 3.5, 7], "texture": "#0"},
				"up": {"uv": [0, 5.33333, 3.5, 5.66667], "rotation": 90, "texture": "#0"},
				"down": {"uv": [0, 7, 3.5, 8.66667], "rotation": 270, "texture": "#0"}
			}
		}
	],
	"display": {
		"thirdperson_righthand": {
			"rotation": [1.5, 0, 10],
			"translation": [0, -2, -6.75],
			"scale": [0.8, 0.8, 0.8]
		},
		"thirdperson_lefthand": {
			"rotation": [1.5, 0, 10],
			"translation": [0, -2, -6.75],
			"scale": [0.8, 0.8, 0.8]
		},
		"firstperson_righthand": {
			"rotation": [2.5, -0.5, 2],
			"translation": [-0.5, -1.5, -5]
		},
		"firstperson_lefthand": {
			"rotation": [2.5, -0.5, 2],
			"translation": [-0.5, -1.5, -5]
		},
		"ground": {
			"rotation": [0, 0, 90],
			"translation": [3.75, -1.75, -2.5],
			"scale": [0.8, 0.8, 0.8]
		},
		"gui": {
			"rotation": [-45, 145, 30],
			"translation": [-1, -0.75, 0],
			"scale": [0.5, 0.5, 0.5]
		},
		"head": {
			"rotation": [90, 20, 90],
			"translation": [2, -2, 7.25]
		},
		"fixed": {
			"rotation": [0, 90, 0],
			"translation": [-1.75, -4.5, -1]
		}
	}
}