{
	"credit": "Made with Blockbench",
	"textures": {
		"0": "customization:drums/2",
		"1": "customization:drums/1",
		"particle": "customization:drums/1"
	},
	"elements": [
		{
			"from": [3, -14, 6],
			"to": [13, -13, 18],
			"rotation": {"angle": 0, "axis": "y", "origin": [0, -15, 14]},
			"faces": {
				"north": {"uv": [2, 8, 7, 8.5], "texture": "#1"},
				"east": {"uv": [2, 10, 2.5, 16], "rotation": 270, "texture": "#1"},
				"south": {"uv": [2, 8, 7, 8.5], "texture": "#1"},
				"west": {"uv": [6.5, 10, 7, 16], "rotation": 270, "texture": "#1"},
				"up": {"uv": [2, 10, 7, 16], "texture": "#1"},
				"down": {"uv": [2, 10, 7, 16], "rotation": 180, "texture": "#1"}
			}
		},
		{
			"from": [2, -13, 6],
			"to": [14, -12, 18],
			"rotation": {"angle": 0, "axis": "y", "origin": [0, -15, 14]},
			"faces": {
				"north": {"uv": [1.5, 7.5, 7.5, 8], "texture": "#1"},
				"east": {"uv": [1.5, 10, 2, 16], "rotation": 270, "texture": "#1"},
				"south": {"uv": [1.5, 7.5, 7.5, 8], "texture": "#1"},
				"west": {"uv": [7, 10, 7.5, 16], "rotation": 270, "texture": "#1"},
				"up": {"uv": [1.5, 10, 7.5, 16], "texture": "#1"},
				"down": {"uv": [1.5, 10, 7.5, 16], "rotation": 180, "texture": "#1"}
			}
		},
		{
			"from": [1, -12, 6],
			"to": [15, -11, 18],
			"rotation": {"angle": 0, "axis": "y", "origin": [0, -15, 14]},
			"faces": {
				"north": {"uv": [1, 7, 8, 7.5], "texture": "#1"},
				"east": {"uv": [7, 10, 7.5, 16], "rotation": 270, "texture": "#1"},
				"south": {"uv": [1, 7, 8, 7.5], "texture": "#1"},
				"west": {"uv": [1.5, 10, 2, 16], "rotation": 270, "texture": "#1"},
				"up": {"uv": [1, 10, 8, 16], "texture": "#1"},
				"down": {"uv": [1, 10, 8, 16], "rotation": 180, "texture": "#1"}
			}
		},
		{
			"from": [0, -11, 6],
			"to": [16, -9, 18],
			"rotation": {"angle": 0, "axis": "y", "origin": [0, -15, 14]},
			"faces": {
				"north": {"uv": [0.5, 6, 8.5, 7], "texture": "#1"},
				"east": {"uv": [6, 10, 7, 16], "rotation": 270, "texture": "#1"},
				"south": {"uv": [0.5, 6, 8.5, 7], "texture": "#1"},
				"west": {"uv": [2, 10, 3, 16], "rotation": 270, "texture": "#1"},
				"up": {"uv": [0.5, 10, 8.5, 16], "texture": "#1"},
				"down": {"uv": [0.5, 10, 8.5, 16], "rotation": 180, "texture": "#1"}
			}
		},
		{
			"from": [-1, -9, 6],
			"to": [17, -3, 18],
			"rotation": {"angle": 0, "axis": "y", "origin": [0, -15, 14]},
			"faces": {
				"north": {"uv": [0, 3, 9, 6], "texture": "#1"},
				"east": {"uv": [3, 10, 6, 16], "rotation": 270, "texture": "#1"},
				"south": {"uv": [0, 3, 9, 6], "texture": "#1"},
				"west": {"uv": [3, 10, 6, 16], "rotation": 270, "texture": "#1"},
				"up": {"uv": [0.5, 10, 8.5, 16], "texture": "#1"},
				"down": {"uv": [0.5, 10, 8.5, 16], "rotation": 180, "texture": "#1"}
			}
		},
		{
			"from": [0, -3, 6],
			"to": [16, -1, 18],
			"rotation": {"angle": 0, "axis": "y", "origin": [0, -15, 14]},
			"faces": {
				"north": {"uv": [0.5, 2, 8.5, 3], "texture": "#1"},
				"east": {"uv": [2, 10, 3, 16], "rotation": 270, "texture": "#1"},
				"south": {"uv": [0.5, 2, 8.5, 3], "texture": "#1"},
				"west": {"uv": [6, 10, 7, 16], "rotation": 270, "texture": "#1"},
				"up": {"uv": [0.5, 10, 8.5, 16], "texture": "#1"},
				"down": {"uv": [0.5, 10, 8.5, 16], "rotation": 180, "texture": "#1"}
			}
		},
		{
			"from": [1, -1, 6],
			"to": [15, 0, 18],
			"rotation": {"angle": 0, "axis": "y", "origin": [0, -15, 14]},
			"faces": {
				"north": {"uv": [1, 1.5, 8, 2], "texture": "#1"},
				"east": {"uv": [1.5, 10, 2, 16], "rotation": 270, "texture": "#1"},
				"south": {"uv": [1, 1.5, 8, 2], "texture": "#1"},
				"west": {"uv": [7, 10, 7.5, 16], "rotation": 270, "texture": "#1"},
				"up": {"uv": [1, 10, 8, 16], "texture": "#1"},
				"down": {"uv": [1, 10, 8, 16], "rotation": 180, "texture": "#1"}
			}
		},
		{
			"from": [2, 0, 6],
			"to": [14, 1, 18],
			"rotation": {"angle": 0, "axis": "y", "origin": [0, -15, 14]},
			"faces": {
				"north": {"uv": [1.5, 1, 7.5, 1.5], "texture": "#1"},
				"east": {"uv": [7, 10, 7.5, 16], "rotation": 270, "texture": "#1"},
				"south": {"uv": [1.5, 1, 7.5, 1.5], "texture": "#1"},
				"west": {"uv": [1.5, 10, 2, 16], "rotation": 270, "texture": "#1"},
				"up": {"uv": [1.5, 10, 7.5, 16], "texture": "#1"},
				"down": {"uv": [1.5, 10, 7.5, 16], "rotation": 180, "texture": "#1"}
			}
		},
		{
			"from": [3, 1, 6],
			"to": [13, 2, 18],
			"rotation": {"angle": 0, "axis": "y", "origin": [0, -15, 14]},
			"faces": {
				"north": {"uv": [2, 0.5, 7, 1], "texture": "#1"},
				"east": {"uv": [6.5, 10, 7, 16], "rotation": 270, "texture": "#1"},
				"south": {"uv": [2, 0.5, 7, 1], "texture": "#1"},
				"west": {"uv": [2, 10, 2.5, 16], "rotation": 270, "texture": "#1"},
				"up": {"uv": [2, 10, 7, 16], "texture": "#1"},
				"down": {"uv": [2, 10, 7, 16], "rotation": 180, "texture": "#1"}
			}
		},
		{
			"from": [5, 2, 6],
			"to": [11, 3, 18],
			"rotation": {"angle": 0, "axis": "y", "origin": [0, -15, 14]},
			"faces": {
				"north": {"uv": [3, 0, 6, 0.5], "texture": "#1"},
				"east": {"uv": [5.5, 10, 6, 16], "rotation": 270, "texture": "#1"},
				"south": {"uv": [3, 0, 6, 0.5], "texture": "#1"},
				"west": {"uv": [3, 10, 3.5, 16], "rotation": 270, "texture": "#1"},
				"up": {"uv": [3, 10, 6, 16], "texture": "#1"},
				"down": {"uv": [3, 10, 6, 16], "rotation": 180, "texture": "#1"}
			}
		},
		{
			"from": [5, -15, 6],
			"to": [11, -14, 18],
			"rotation": {"angle": 0, "axis": "y", "origin": [0, -15, 14]},
			"faces": {
				"north": {"uv": [3, 8.5, 6, 9], "texture": "#1"},
				"east": {"uv": [3, 10, 3.5, 16], "rotation": 270, "texture": "#1"},
				"south": {"uv": [3, 8.5, 6, 9], "texture": "#1"},
				"west": {"uv": [5.5, 10, 6, 16], "rotation": 270, "texture": "#1"},
				"up": {"uv": [3, 10, 6, 16], "texture": "#1"},
				"down": {"uv": [3, 10, 6, 16], "rotation": 180, "texture": "#1"}
			}
		},
		{
			"from": [6.5, 3, 11.5],
			"to": [7.5, 8, 12.5],
			"rotation": {"angle": 0, "axis": "y", "origin": [0, -15, 14]},
			"faces": {
				"north": {"uv": [15.5, 0, 16, 5], "texture": "#0"},
				"east": {"uv": [15.5, 0, 16, 5], "texture": "#0"},
				"south": {"uv": [15.5, 0, 16, 5], "texture": "#0"},
				"west": {"uv": [15.5, 0, 16, 5], "texture": "#0"},
				"up": {"uv": [15.5, 0, 16, 0.5], "texture": "#0"},
				"down": {"uv": [15.5, 0, 16, 0.5], "texture": "#0"}
			}
		},
		{
			"from": [8.5, 3, 11.5],
			"to": [9.5, 8, 12.5],
			"rotation": {"angle": 0, "axis": "y", "origin": [0, -15, 14]},
			"faces": {
				"north": {"uv": [15.5, 0, 16, 5], "texture": "#0"},
				"east": {"uv": [15.5, 0, 16, 5], "texture": "#0"},
				"south": {"uv": [15.5, 0, 16, 5], "texture": "#0"},
				"west": {"uv": [15.5, 0, 16, 5], "texture": "#0"},
				"up": {"uv": [15.5, 0, 16, 0.5], "texture": "#0"},
				"down": {"uv": [15.5, 0, 16, 0.5], "texture": "#0"}
			}
		},
		{
			"from": [9.5, 7, 11.5],
			"to": [11.5, 8, 12.5],
			"rotation": {"angle": 0, "axis": "y", "origin": [0, -15, 14]},
			"faces": {
				"north": {"uv": [15.5, 0, 16, 1], "rotation": 90, "texture": "#0"},
				"east": {"uv": [15.5, 0, 16, 0.5], "texture": "#0"},
				"south": {"uv": [15.5, 0, 16, 1], "rotation": 90, "texture": "#0"},
				"west": {"uv": [15.5, 0, 16, 0.5], "texture": "#0"},
				"up": {"uv": [15.5, 0, 16, 1], "rotation": 90, "texture": "#0"},
				"down": {"uv": [15.5, 0, 16, 1], "rotation": 90, "texture": "#0"}
			}
		},
		{
			"from": [4.5, 7, 11.5],
			"to": [6.5, 8, 12.5],
			"rotation": {"angle": 0, "axis": "y", "origin": [0, -15, 14]},
			"faces": {
				"north": {"uv": [15.5, 0, 16, 1], "rotation": 90, "texture": "#0"},
				"east": {"uv": [15.5, 0, 16, 0.5], "texture": "#0"},
				"south": {"uv": [15.5, 0, 16, 1], "rotation": 90, "texture": "#0"},
				"west": {"uv": [15.5, 0, 16, 0.5], "texture": "#0"},
				"up": {"uv": [15.5, 0, 16, 1], "rotation": 90, "texture": "#0"},
				"down": {"uv": [15.5, 0, 16, 1], "rotation": 90, "texture": "#0"}
			}
		},
		{
			"from": [14.5, 3, 7],
			"to": [18.5, 11, 8],
			"rotation": {"angle": 22.5, "axis": "x", "origin": [8, 7, 12]},
			"faces": {
				"north": {"uv": [1.5, 5, 3.5, 9], "texture": "#0"},
				"east": {"uv": [1.5, 5, 2, 9], "texture": "#0"},
				"south": {"uv": [1.5, 5, 3.5, 9], "texture": "#0"},
				"west": {"uv": [3, 5, 3.5, 9], "texture": "#0"},
				"up": {"uv": [1.5, 4.5, 3.5, 5], "rotation": 180, "texture": "#0"},
				"down": {"uv": [1.5, 4.5, 3.5, 5], "texture": "#0"}
			}
		},
		{
			"from": [12.5, 3, 8],
			"to": [20.5, 11, 10],
			"rotation": {"angle": 22.5, "axis": "x", "origin": [8, 7, 12]},
			"faces": {
				"north": {"uv": [0.5, 5, 4.5, 9], "texture": "#0"},
				"east": {"uv": [0.5, 5, 1.5, 9], "texture": "#0"},
				"south": {"uv": [0.5, 5, 4.5, 9], "texture": "#0"},
				"west": {"uv": [3.5, 5, 4.5, 9], "texture": "#0"},
				"up": {"uv": [0.5, 3.5, 4.5, 4.5], "rotation": 180, "texture": "#0"},
				"down": {"uv": [0.5, 3.5, 4.5, 4.5], "texture": "#0"}
			}
		},
		{
			"from": [11.5, 3, 10],
			"to": [21.5, 11, 14],
			"rotation": {"angle": 22.5, "axis": "x", "origin": [8, 7, 12]},
			"faces": {
				"north": {"uv": [0, 5, 5, 9], "texture": "#0"},
				"east": {"uv": [1.5, 5, 3.5, 9], "texture": "#0"},
				"south": {"uv": [0, 5, 5, 9], "texture": "#0"},
				"west": {"uv": [1.5, 5, 3.5, 9], "texture": "#0"},
				"up": {"uv": [0, 1.5, 5, 3.5], "rotation": 180, "texture": "#0"},
				"down": {"uv": [0, 1.5, 5, 3.5], "texture": "#0"}
			}
		},
		{
			"from": [12.5, 3, 14],
			"to": [20.5, 11, 16],
			"rotation": {"angle": 22.5, "axis": "x", "origin": [8, 7, 12]},
			"faces": {
				"north": {"uv": [0.5, 5, 4.5, 9], "texture": "#0"},
				"east": {"uv": [3.5, 5, 4.5, 9], "texture": "#0"},
				"south": {"uv": [0.5, 5, 4.5, 9], "texture": "#0"},
				"west": {"uv": [0.5, 5, 1.5, 9], "texture": "#0"},
				"up": {"uv": [0.5, 0.5, 4.5, 1.5], "rotation": 180, "texture": "#0"},
				"down": {"uv": [0.5, 0.5, 4.5, 1.5], "texture": "#0"}
			}
		},
		{
			"from": [14.5, 3, 16],
			"to": [18.5, 11, 17],
			"rotation": {"angle": 22.5, "axis": "x", "origin": [8, 7, 12]},
			"faces": {
				"north": {"uv": [1.5, 5, 3.5, 9], "texture": "#0"},
				"east": {"uv": [3, 5, 3.5, 9], "texture": "#0"},
				"south": {"uv": [1.5, 5, 3.5, 9], "texture": "#0"},
				"west": {"uv": [1.5, 5, 2, 9], "texture": "#0"},
				"up": {"uv": [1.5, 0, 3.5, 0.5], "rotation": 180, "texture": "#0"},
				"down": {"uv": [1.5, 0, 3.5, 0.5], "texture": "#0"}
			}
		},
		{
			"from": [-2.5, 3, 7],
			"to": [1.5, 11, 8],
			"rotation": {"angle": 22.5, "axis": "x", "origin": [8, 7, 12]},
			"faces": {
				"north": {"uv": [1.5, 5, 3.5, 9], "texture": "#0"},
				"east": {"uv": [1.5, 5, 2, 9], "texture": "#0"},
				"south": {"uv": [1.5, 5, 3.5, 9], "texture": "#0"},
				"west": {"uv": [3, 5, 3.5, 9], "texture": "#0"},
				"up": {"uv": [1.5, 4.5, 3.5, 5], "rotation": 180, "texture": "#0"},
				"down": {"uv": [1.5, 4.5, 3.5, 5], "texture": "#0"}
			}
		},
		{
			"from": [-4.5, 3, 8],
			"to": [3.5, 11, 10],
			"rotation": {"angle": 22.5, "axis": "x", "origin": [8, 7, 12]},
			"faces": {
				"north": {"uv": [0.5, 5, 4.5, 9], "texture": "#0"},
				"east": {"uv": [0.5, 5, 1.5, 9], "texture": "#0"},
				"south": {"uv": [0.5, 5, 4.5, 9], "texture": "#0"},
				"west": {"uv": [3.5, 5, 4.5, 9], "texture": "#0"},
				"up": {"uv": [0.5, 3.5, 4.5, 4.5], "rotation": 180, "texture": "#0"},
				"down": {"uv": [0.5, 3.5, 4.5, 4.5], "texture": "#0"}
			}
		},
		{
			"from": [-5.5, 3, 10],
			"to": [4.5, 11, 14],
			"rotation": {"angle": 22.5, "axis": "x", "origin": [8, 7, 12]},
			"faces": {
				"north": {"uv": [0, 5, 5, 9], "texture": "#0"},
				"east": {"uv": [1.5, 5, 3.5, 9], "texture": "#0"},
				"south": {"uv": [0, 5, 5, 9], "texture": "#0"},
				"west": {"uv": [1.5, 5, 3.5, 9], "texture": "#0"},
				"up": {"uv": [0, 1.5, 5, 3.5], "rotation": 180, "texture": "#0"},
				"down": {"uv": [0, 1.5, 5, 3.5], "texture": "#0"}
			}
		},
		{
			"from": [-4.5, 3, 14],
			"to": [3.5, 11, 16],
			"rotation": {"angle": 22.5, "axis": "x", "origin": [8, 7, 12]},
			"faces": {
				"north": {"uv": [0.5, 5, 4.5, 9], "texture": "#0"},
				"east": {"uv": [3.5, 5, 4.5, 9], "texture": "#0"},
				"south": {"uv": [0.5, 5, 4.5, 9], "texture": "#0"},
				"west": {"uv": [0.5, 5, 1.5, 9], "texture": "#0"},
				"up": {"uv": [0.5, 0.5, 4.5, 1.5], "rotation": 180, "texture": "#0"},
				"down": {"uv": [0.5, 0.5, 4.5, 1.5], "texture": "#0"}
			}
		},
		{
			"from": [-2.5, 3, 16],
			"to": [1.5, 11, 17],
			"rotation": {"angle": 22.5, "axis": "x", "origin": [8, 7, 12]},
			"faces": {
				"north": {"uv": [1.5, 5, 3.5, 9], "texture": "#0"},
				"east": {"uv": [3, 5, 3.5, 9], "texture": "#0"},
				"south": {"uv": [1.5, 5, 3.5, 9], "texture": "#0"},
				"west": {"uv": [1.5, 5, 2, 9], "texture": "#0"},
				"up": {"uv": [1.5, 0, 3.5, 0.5], "rotation": 180, "texture": "#0"},
				"down": {"uv": [1.5, 0, 3.5, 0.5], "texture": "#0"}
			}
		},
		{
			"from": [19.5, -11, 16],
			"to": [23.5, 1, 17],
			"rotation": {"angle": 0, "axis": "y", "origin": [0, -15, 14]},
			"faces": {
				"north": {"uv": [6.5, 0, 8.5, 6], "texture": "#0"},
				"east": {"uv": [6.5, 0, 7, 6], "texture": "#0"},
				"south": {"uv": [6.5, 0, 8.5, 6], "texture": "#0"},
				"west": {"uv": [8, 0, 8.5, 6], "texture": "#0"},
				"up": {"uv": [1.5, 4.5, 3.5, 5], "rotation": 180, "texture": "#0"},
				"down": {"uv": [1.5, 4.5, 3.5, 5], "texture": "#0"}
			}
		},
		{
			"from": [17.5, -11, 17],
			"to": [25.5, 1, 19],
			"rotation": {"angle": 0, "axis": "y", "origin": [0, -15, 14]},
			"faces": {
				"north": {"uv": [5.5, 0, 9.5, 6], "texture": "#0"},
				"east": {"uv": [5.5, 0, 6.5, 6], "texture": "#0"},
				"south": {"uv": [5.5, 0, 9.5, 6], "texture": "#0"},
				"west": {"uv": [8.5, 0, 9.5, 6], "texture": "#0"},
				"up": {"uv": [0.5, 3.5, 4.5, 4.5], "rotation": 180, "texture": "#0"},
				"down": {"uv": [0.5, 3.5, 4.5, 4.5], "texture": "#0"}
			}
		},
		{
			"from": [16.5, -11, 19],
			"to": [26.5, 1, 23],
			"rotation": {"angle": 0, "axis": "y", "origin": [0, -15, 14]},
			"faces": {
				"north": {"uv": [5, 0, 10, 6], "texture": "#0"},
				"east": {"uv": [6.5, 0, 8.5, 6], "texture": "#0"},
				"south": {"uv": [5, 0, 10, 6], "texture": "#0"},
				"west": {"uv": [6.5, 0, 8.5, 6], "texture": "#0"},
				"up": {"uv": [0, 1.5, 5, 3.5], "rotation": 180, "texture": "#0"},
				"down": {"uv": [0, 1.5, 5, 3.5], "texture": "#0"}
			}
		},
		{
			"from": [17.5, -11, 23],
			"to": [25.5, 1, 25],
			"rotation": {"angle": 0, "axis": "y", "origin": [0, -15, 14]},
			"faces": {
				"north": {"uv": [5.5, 0, 9.5, 6], "texture": "#0"},
				"east": {"uv": [8.5, 0, 9.5, 6], "texture": "#0"},
				"south": {"uv": [5.5, 0, 9.5, 6], "texture": "#0"},
				"west": {"uv": [5.5, 0, 6.5, 6], "texture": "#0"},
				"up": {"uv": [0.5, 0.5, 4.5, 1.5], "rotation": 180, "texture": "#0"},
				"down": {"uv": [0.5, 0.5, 4.5, 1.5], "texture": "#0"}
			}
		},
		{
			"from": [19.5, -11, 25],
			"to": [23.5, 1, 26],
			"rotation": {"angle": 0, "axis": "y", "origin": [0, -15, 14]},
			"faces": {
				"north": {"uv": [6.5, 0, 8.5, 6], "texture": "#0"},
				"east": {"uv": [8, 0, 8.5, 6], "texture": "#0"},
				"south": {"uv": [6.5, 0, 8.5, 6], "texture": "#0"},
				"west": {"uv": [6.5, 0, 7, 6], "texture": "#0"},
				"up": {"uv": [1.5, 0, 3.5, 0.5], "rotation": 180, "texture": "#0"},
				"down": {"uv": [1.5, 0, 3.5, 0.5], "texture": "#0"}
			}
		},
		{
			"from": [15.5, -16, 20.5],
			"to": [16.5, -10, 21.5],
			"rotation": {"angle": -22.5, "axis": "z", "origin": [16.5, -10, 21.5]},
			"faces": {
				"north": {"uv": [15.5, 0, 16, 3], "texture": "#0"},
				"east": {"uv": [15.5, 0, 16, 3], "texture": "#0"},
				"south": {"uv": [15.5, 0, 16, 3], "texture": "#0"},
				"west": {"uv": [15.5, 0, 16, 3], "texture": "#0"},
				"up": {"uv": [15.5, 0, 16, 0.5], "texture": "#0"},
				"down": {"uv": [15.5, 0, 16, 0.5], "texture": "#0"}
			}
		},
		{
			"from": [21, -16, 26],
			"to": [22, -10, 27],
			"rotation": {"angle": -22.5, "axis": "x", "origin": [21.5, -10, 26]},
			"faces": {
				"north": {"uv": [15.5, 0, 16, 3], "texture": "#0"},
				"east": {"uv": [15.5, 0, 16, 3], "texture": "#0"},
				"south": {"uv": [15.5, 0, 16, 3], "texture": "#0"},
				"west": {"uv": [15.5, 0, 16, 3], "texture": "#0"},
				"up": {"uv": [15.5, 0, 16, 0.5], "texture": "#0"},
				"down": {"uv": [15.5, 0, 16, 0.5], "texture": "#0"}
			}
		},
		{
			"from": [21, -16, 15],
			"to": [22, -10, 16],
			"rotation": {"angle": 22.5, "axis": "x", "origin": [21.5, -10, 16]},
			"faces": {
				"north": {"uv": [15.5, 0, 16, 3], "texture": "#0"},
				"east": {"uv": [15.5, 0, 16, 3], "texture": "#0"},
				"south": {"uv": [15.5, 0, 16, 3], "texture": "#0"},
				"west": {"uv": [15.5, 0, 16, 3], "texture": "#0"},
				"up": {"uv": [15.5, 0, 16, 0.5], "texture": "#0"},
				"down": {"uv": [15.5, 0, 16, 0.5], "texture": "#0"}
			}
		},
		{
			"from": [26.5, -16, 20.5],
			"to": [27.5, -10, 21.5],
			"rotation": {"angle": 22.5, "axis": "z", "origin": [26.5, -10, 21.5]},
			"faces": {
				"north": {"uv": [15.5, 0, 16, 3], "texture": "#0"},
				"east": {"uv": [15.5, 0, 16, 3], "texture": "#0"},
				"south": {"uv": [15.5, 0, 16, 3], "texture": "#0"},
				"west": {"uv": [15.5, 0, 16, 3], "texture": "#0"},
				"up": {"uv": [15.5, 0, 16, 0.5], "texture": "#0"},
				"down": {"uv": [15.5, 0, 16, 0.5], "texture": "#0"}
			}
		},
		{
			"from": [-7.5, -3, 13],
			"to": [-3.5, 1, 14],
			"rotation": {"angle": 0, "axis": "y", "origin": [0, -15, 14]},
			"faces": {
				"north": {"uv": [1.5, 9, 3.5, 11], "texture": "#0"},
				"east": {"uv": [1.5, 9, 2, 11], "texture": "#0"},
				"south": {"uv": [1.5, 9, 3.5, 11], "texture": "#0"},
				"west": {"uv": [3, 9, 3.5, 11], "texture": "#0"},
				"up": {"uv": [1.5, 4.5, 3.5, 5], "rotation": 180, "texture": "#0"},
				"down": {"uv": [1.5, 4.5, 3.5, 5], "texture": "#0"}
			}
		},
		{
			"from": [-9.5, -3, 14],
			"to": [-1.5, 1, 16],
			"rotation": {"angle": 0, "axis": "y", "origin": [0, -15, 14]},
			"faces": {
				"north": {"uv": [0.5, 9, 4.5, 11], "texture": "#0"},
				"east": {"uv": [0.5, 9, 1.5, 11], "texture": "#0"},
				"south": {"uv": [0.5, 9, 4.5, 11], "texture": "#0"},
				"west": {"uv": [3.5, 9, 4.5, 11], "texture": "#0"},
				"up": {"uv": [0.5, 3.5, 4.5, 4.5], "rotation": 180, "texture": "#0"},
				"down": {"uv": [0.5, 3.5, 4.5, 4.5], "texture": "#0"}
			}
		},
		{
			"from": [-10.5, -3, 16],
			"to": [-0.5, 1, 20],
			"rotation": {"angle": 0, "axis": "y", "origin": [0, -15, 14]},
			"faces": {
				"north": {"uv": [0, 9, 5, 11], "texture": "#0"},
				"east": {"uv": [1.5, 9, 3.5, 11], "texture": "#0"},
				"south": {"uv": [0, 9, 5, 11], "texture": "#0"},
				"west": {"uv": [1.5, 9, 3.5, 11], "texture": "#0"},
				"up": {"uv": [0, 1.5, 5, 3.5], "rotation": 180, "texture": "#0"},
				"down": {"uv": [0, 1.5, 5, 3.5], "texture": "#0"}
			}
		},
		{
			"from": [-9.5, -3, 20],
			"to": [-1.5, 1, 22],
			"rotation": {"angle": 0, "axis": "y", "origin": [0, -15, 14]},
			"faces": {
				"north": {"uv": [0.5, 9, 4.5, 11], "texture": "#0"},
				"east": {"uv": [3.5, 9, 4.5, 11], "texture": "#0"},
				"south": {"uv": [0.5, 9, 4.5, 11], "texture": "#0"},
				"west": {"uv": [0.5, 9, 1.5, 11], "texture": "#0"},
				"up": {"uv": [0.5, 0.5, 4.5, 1.5], "rotation": 180, "texture": "#0"},
				"down": {"uv": [0.5, 0.5, 4.5, 1.5], "texture": "#0"}
			}
		},
		{
			"from": [-7.5, -3, 22],
			"to": [-3.5, 1, 23],
			"rotation": {"angle": 0, "axis": "y", "origin": [0, -15, 14]},
			"faces": {
				"north": {"uv": [1.5, 9, 3.5, 11], "texture": "#0"},
				"east": {"uv": [3, 9, 3.5, 11], "texture": "#0"},
				"south": {"uv": [1.5, 9, 3.5, 11], "texture": "#0"},
				"west": {"uv": [1.5, 9, 2, 11], "texture": "#0"},
				"up": {"uv": [1.5, 0, 3.5, 0.5], "rotation": 180, "texture": "#0"},
				"down": {"uv": [1.5, 0, 3.5, 0.5], "texture": "#0"}
			}
		},
		{
			"from": [-6, -9, 17.5],
			"to": [-5, -3, 18.5],
			"rotation": {"angle": 0, "axis": "y", "origin": [0, -15, 14]},
			"faces": {
				"north": {"uv": [15.5, 0, 16, 3], "texture": "#0"},
				"east": {"uv": [15.5, 0, 16, 3], "texture": "#0"},
				"south": {"uv": [15.5, 0, 16, 3], "texture": "#0"},
				"west": {"uv": [15.5, 0, 16, 3], "texture": "#0"},
				"up": {"uv": [15.5, 0, 16, 0.5], "texture": "#0"},
				"down": {"uv": [15.5, 0, 16, 0.5], "texture": "#0"}
			}
		},
		{
			"from": [-6, -16, 16.5],
			"to": [-5, -9, 17.5],
			"rotation": {"angle": 22.5, "axis": "x", "origin": [-5.5, -11, 18]},
			"faces": {
				"north": {"uv": [15.5, 0, 16, 3.5], "texture": "#0"},
				"east": {"uv": [15.5, 0, 16, 3.5], "texture": "#0"},
				"south": {"uv": [15.5, 0, 16, 3.5], "texture": "#0"},
				"west": {"uv": [15.5, 0, 16, 3.5], "texture": "#0"},
				"up": {"uv": [15.5, 0, 16, 0.5], "texture": "#0"},
				"down": {"uv": [15.5, 0, 16, 0.5], "texture": "#0"}
			}
		},
		{
			"from": [-6, -16, 18.5],
			"to": [-5, -9, 19.5],
			"rotation": {"angle": -22.5, "axis": "x", "origin": [-5.5, -11, 18]},
			"faces": {
				"north": {"uv": [15.5, 0, 16, 3.5], "texture": "#0"},
				"east": {"uv": [15.5, 0, 16, 3.5], "texture": "#0"},
				"south": {"uv": [15.5, 0, 16, 3.5], "texture": "#0"},
				"west": {"uv": [15.5, 0, 16, 3.5], "texture": "#0"},
				"up": {"uv": [15.5, 0, 16, 0.5], "texture": "#0"},
				"down": {"uv": [15.5, 0, 16, 0.5], "texture": "#0"}
			}
		},
		{
			"from": [-7, -16, 17.5],
			"to": [-6, -9, 18.5],
			"rotation": {"angle": -22.5, "axis": "z", "origin": [-5.5, -11, 18]},
			"faces": {
				"north": {"uv": [15.5, 0, 16, 3.5], "texture": "#0"},
				"east": {"uv": [15.5, 0, 16, 3.5], "texture": "#0"},
				"south": {"uv": [15.5, 0, 16, 3.5], "texture": "#0"},
				"west": {"uv": [15.5, 0, 16, 3.5], "texture": "#0"},
				"up": {"uv": [15.5, 0, 16, 0.5], "texture": "#0"},
				"down": {"uv": [15.5, 0, 16, 0.5], "texture": "#0"}
			}
		},
		{
			"from": [-5, -16, 17.5],
			"to": [-4, -9, 18.5],
			"rotation": {"angle": 22.5, "axis": "z", "origin": [-5.5, -11, 18]},
			"faces": {
				"north": {"uv": [15.5, 0, 16, 3.5], "texture": "#0"},
				"east": {"uv": [15.5, 0, 16, 3.5], "rotation": 180, "texture": "#0"},
				"south": {"uv": [15.5, 0, 16, 3.5], "texture": "#0"},
				"west": {"uv": [15.5, 0, 16, 3.5], "rotation": 180, "texture": "#0"},
				"up": {"uv": [15.5, 0, 16, 0.5], "rotation": 180, "texture": "#0"},
				"down": {"uv": [15.5, 0, 16, 0.5], "rotation": 180, "texture": "#0"}
			}
		},
		{
			"from": [-9.5, 7, 22],
			"to": [-5.5, 8, 23],
			"rotation": {"angle": 0, "axis": "y", "origin": [0, -15, 14]},
			"faces": {
				"north": {"uv": [6.5, 10.5, 8.5, 11], "texture": "#0"},
				"east": {"uv": [6.5, 10.5, 7, 11], "texture": "#0"},
				"south": {"uv": [6.5, 10.5, 8.5, 11], "texture": "#0"},
				"west": {"uv": [8, 10.5, 8.5, 11], "texture": "#0"},
				"up": {"uv": [6.5, 10.5, 8.5, 11], "rotation": 180, "texture": "#0"},
				"down": {"uv": [6.5, 10.5, 8.5, 11], "texture": "#0"}
			}
		},
		{
			"from": [-11.5, 7, 23],
			"to": [-3.5, 8, 25],
			"rotation": {"angle": 0, "axis": "y", "origin": [0, -15, 14]},
			"faces": {
				"north": {"uv": [5.5, 10, 9.5, 10.5], "texture": "#0"},
				"east": {"uv": [5.5, 10, 6.5, 10.5], "texture": "#0"},
				"south": {"uv": [5.5, 10, 9.5, 10.5], "texture": "#0"},
				"west": {"uv": [8.5, 10, 9.5, 10.5], "texture": "#0"},
				"up": {"uv": [5.5, 9.5, 9.5, 10.5], "rotation": 180, "texture": "#0"},
				"down": {"uv": [5.5, 9.5, 9.5, 10.5], "texture": "#0"}
			}
		},
		{
			"from": [-12.5, 7, 25],
			"to": [-2.5, 8, 29],
			"rotation": {"angle": 0, "axis": "y", "origin": [0, -15, 14]},
			"faces": {
				"north": {"uv": [5, 9, 10, 9.5], "texture": "#0"},
				"east": {"uv": [6.5, 10.5, 8.5, 11], "texture": "#0"},
				"south": {"uv": [5, 9, 10, 9.5], "texture": "#0"},
				"west": {"uv": [6.5, 10.5, 8.5, 11], "texture": "#0"},
				"up": {"uv": [5, 7.5, 10, 9.5], "rotation": 180, "texture": "#0"},
				"down": {"uv": [5, 7.5, 10, 9.5], "texture": "#0"}
			}
		},
		{
			"from": [-11.5, 7, 29],
			"to": [-3.5, 8, 31],
			"rotation": {"angle": 0, "axis": "y", "origin": [0, -15, 14]},
			"faces": {
				"north": {"uv": [5.5, 6.5, 9.5, 7], "texture": "#0"},
				"east": {"uv": [5.5, 6.5, 6.5, 7], "texture": "#0"},
				"south": {"uv": [5.5, 6.5, 9.5, 7], "texture": "#0"},
				"west": {"uv": [8.5, 6.5, 9.5, 7], "texture": "#0"},
				"up": {"uv": [5.5, 6.5, 9.5, 7.5], "rotation": 180, "texture": "#0"},
				"down": {"uv": [5.5, 6.5, 9.5, 7.5], "texture": "#0"}
			}
		},
		{
			"from": [-9.5, 7, 31],
			"to": [-5.5, 8, 32],
			"rotation": {"angle": 0, "axis": "y", "origin": [0, -15, 14]},
			"faces": {
				"north": {"uv": [6.5, 6, 8.5, 6.5], "texture": "#0"},
				"east": {"uv": [5.5, 6.5, 6, 7], "texture": "#0"},
				"south": {"uv": [6.5, 6, 8.5, 6.5], "texture": "#0"},
				"west": {"uv": [9, 6.5, 9.5, 7], "texture": "#0"},
				"up": {"uv": [6.5, 6, 8.5, 6.5], "rotation": 180, "texture": "#0"},
				"down": {"uv": [6.5, 6, 8.5, 6.5], "texture": "#0"}
			}
		},
		{
			"from": [-8, -9, 26.5],
			"to": [-7, 9, 27.5],
			"rotation": {"angle": 0, "axis": "y", "origin": [0, -15, 14]},
			"faces": {
				"north": {"uv": [15.5, 0, 16, 8.5], "texture": "#0"},
				"east": {"uv": [15.5, 0, 16, 8.5], "texture": "#0"},
				"south": {"uv": [15.5, 0, 16, 8.5], "texture": "#0"},
				"west": {"uv": [15.5, 0, 16, 8.5], "texture": "#0"},
				"up": {"uv": [15.5, 0, 16, 0.5], "texture": "#0"},
				"down": {"uv": [15.5, 0, 16, 0.5], "texture": "#0"}
			}
		},
		{
			"from": [-8, -16, 25.5],
			"to": [-7, -9, 26.5],
			"rotation": {"angle": 22.5, "axis": "x", "origin": [-7.5, -11, 27]},
			"faces": {
				"north": {"uv": [15.5, 0, 16, 3.5], "texture": "#0"},
				"east": {"uv": [15.5, 0, 16, 3.5], "texture": "#0"},
				"south": {"uv": [15.5, 0, 16, 3.5], "texture": "#0"},
				"west": {"uv": [15.5, 0, 16, 3.5], "texture": "#0"},
				"up": {"uv": [15.5, 0, 16, 0.5], "texture": "#0"},
				"down": {"uv": [15.5, 0, 16, 0.5], "texture": "#0"}
			}
		},
		{
			"from": [-8, -16, 27.5],
			"to": [-7, -9, 28.5],
			"rotation": {"angle": -22.5, "axis": "x", "origin": [-7.5, -11, 27]},
			"faces": {
				"north": {"uv": [15.5, 0, 16, 3.5], "texture": "#0"},
				"east": {"uv": [15.5, 0, 16, 3.5], "texture": "#0"},
				"south": {"uv": [15.5, 0, 16, 3.5], "texture": "#0"},
				"west": {"uv": [15.5, 0, 16, 3.5], "texture": "#0"},
				"up": {"uv": [15.5, 0, 16, 0.5], "texture": "#0"},
				"down": {"uv": [15.5, 0, 16, 0.5], "texture": "#0"}
			}
		},
		{
			"from": [-9, -16, 26.5],
			"to": [-8, -9, 27.5],
			"rotation": {"angle": -22.5, "axis": "z", "origin": [-7.5, -11, 27]},
			"faces": {
				"north": {"uv": [15.5, 0, 16, 3.5], "texture": "#0"},
				"east": {"uv": [15.5, 0, 16, 3.5], "texture": "#0"},
				"south": {"uv": [15.5, 0, 16, 3.5], "texture": "#0"},
				"west": {"uv": [15.5, 0, 16, 3.5], "texture": "#0"},
				"up": {"uv": [15.5, 0, 16, 0.5], "texture": "#0"},
				"down": {"uv": [15.5, 0, 16, 0.5], "texture": "#0"}
			}
		},
		{
			"from": [-7, -16, 26.5],
			"to": [-6, -9, 27.5],
			"rotation": {"angle": 22.5, "axis": "z", "origin": [-7.5, -11, 27]},
			"faces": {
				"north": {"uv": [15.5, 0, 16, 3.5], "texture": "#0"},
				"east": {"uv": [15.5, 0, 16, 3.5], "rotation": 180, "texture": "#0"},
				"south": {"uv": [15.5, 0, 16, 3.5], "texture": "#0"},
				"west": {"uv": [15.5, 0, 16, 3.5], "rotation": 180, "texture": "#0"},
				"up": {"uv": [15.5, 0, 16, 0.5], "rotation": 180, "texture": "#0"},
				"down": {"uv": [15.5, 0, 16, 0.5], "rotation": 180, "texture": "#0"}
			}
		},
		{
			"from": [23.5, 15, 9],
			"to": [27.5, 16, 10],
			"rotation": {"angle": 22.5, "axis": "x", "origin": [25.5, 15, 14]},
			"faces": {
				"north": {"uv": [6.5, 10.5, 8.5, 11], "texture": "#0"},
				"east": {"uv": [6.5, 10.5, 7, 11], "texture": "#0"},
				"south": {"uv": [6.5, 10.5, 8.5, 11], "texture": "#0"},
				"west": {"uv": [8, 10.5, 8.5, 11], "texture": "#0"},
				"up": {"uv": [6.5, 10.5, 8.5, 11], "rotation": 180, "texture": "#0"},
				"down": {"uv": [6.5, 10.5, 8.5, 11], "texture": "#0"}
			}
		},
		{
			"from": [21.5, 15, 10],
			"to": [29.5, 16, 12],
			"rotation": {"angle": 22.5, "axis": "x", "origin": [25.5, 15, 14]},
			"faces": {
				"north": {"uv": [5.5, 10, 9.5, 10.5], "texture": "#0"},
				"east": {"uv": [5.5, 10, 6.5, 10.5], "texture": "#0"},
				"south": {"uv": [5.5, 10, 9.5, 10.5], "texture": "#0"},
				"west": {"uv": [8.5, 10, 9.5, 10.5], "texture": "#0"},
				"up": {"uv": [5.5, 9.5, 9.5, 10.5], "rotation": 180, "texture": "#0"},
				"down": {"uv": [5.5, 9.5, 9.5, 10.5], "texture": "#0"}
			}
		},
		{
			"from": [20.5, 15, 12],
			"to": [30.5, 16, 16],
			"rotation": {"angle": 22.5, "axis": "x", "origin": [25.5, 15, 14]},
			"faces": {
				"north": {"uv": [5, 9, 10, 9.5], "texture": "#0"},
				"east": {"uv": [6.5, 10.5, 8.5, 11], "texture": "#0"},
				"south": {"uv": [5, 9, 10, 9.5], "texture": "#0"},
				"west": {"uv": [6.5, 10.5, 8.5, 11], "texture": "#0"},
				"up": {"uv": [5, 7.5, 10, 9.5], "rotation": 180, "texture": "#0"},
				"down": {"uv": [5, 7.5, 10, 9.5], "texture": "#0"}
			}
		},
		{
			"from": [21.5, 15, 16],
			"to": [29.5, 16, 18],
			"rotation": {"angle": 22.5, "axis": "x", "origin": [25.5, 15, 14]},
			"faces": {
				"north": {"uv": [5.5, 6.5, 9.5, 7], "texture": "#0"},
				"east": {"uv": [5.5, 6.5, 6.5, 7], "texture": "#0"},
				"south": {"uv": [5.5, 6.5, 9.5, 7], "texture": "#0"},
				"west": {"uv": [8.5, 6.5, 9.5, 7], "texture": "#0"},
				"up": {"uv": [5.5, 6.5, 9.5, 7.5], "rotation": 180, "texture": "#0"},
				"down": {"uv": [5.5, 6.5, 9.5, 7.5], "texture": "#0"}
			}
		},
		{
			"from": [23.5, 15, 18],
			"to": [27.5, 16, 19],
			"rotation": {"angle": 22.5, "axis": "x", "origin": [25.5, 15, 14]},
			"faces": {
				"north": {"uv": [6.5, 6, 8.5, 6.5], "texture": "#0"},
				"east": {"uv": [5.5, 6.5, 6, 7], "texture": "#0"},
				"south": {"uv": [6.5, 6, 8.5, 6.5], "texture": "#0"},
				"west": {"uv": [9, 6.5, 9.5, 7], "texture": "#0"},
				"up": {"uv": [6.5, 6, 8.5, 6.5], "rotation": 180, "texture": "#0"},
				"down": {"uv": [6.5, 6, 8.5, 6.5], "texture": "#0"}
			}
		},
		{
			"from": [25, -9, 13.5],
			"to": [26, 17, 14.5],
			"rotation": {"angle": 0, "axis": "y", "origin": [0, -15, 14]},
			"faces": {
				"north": {"uv": [15.5, 0, 16, 13], "texture": "#0"},
				"east": {"uv": [15.5, 0, 16, 13], "texture": "#0"},
				"south": {"uv": [15.5, 0, 16, 13], "texture": "#0"},
				"west": {"uv": [15.5, 0, 16, 13], "texture": "#0"},
				"up": {"uv": [15.5, 0, 16, 13], "texture": "#0"},
				"down": {"uv": [15.5, 0, 16, 0.5], "texture": "#0"}
			}
		},
		{
			"from": [25, -16, 12.5],
			"to": [26, -9, 13.5],
			"rotation": {"angle": 22.5, "axis": "x", "origin": [25.5, -11, 14]},
			"faces": {
				"north": {"uv": [15.5, 0, 16, 3.5], "texture": "#0"},
				"east": {"uv": [15.5, 0, 16, 3.5], "texture": "#0"},
				"south": {"uv": [15.5, 0, 16, 3.5], "texture": "#0"},
				"west": {"uv": [15.5, 0, 16, 3.5], "texture": "#0"},
				"up": {"uv": [15.5, 0, 16, 0.5], "texture": "#0"},
				"down": {"uv": [15.5, 0, 16, 0.5], "texture": "#0"}
			}
		},
		{
			"from": [25, -16, 14.5],
			"to": [26, -9, 15.5],
			"rotation": {"angle": -22.5, "axis": "x", "origin": [25.5, -11, 14]},
			"faces": {
				"north": {"uv": [15.5, 0, 16, 3.5], "texture": "#0"},
				"east": {"uv": [15.5, 0, 16, 3.5], "texture": "#0"},
				"south": {"uv": [15.5, 0, 16, 3.5], "texture": "#0"},
				"west": {"uv": [15.5, 0, 16, 3.5], "texture": "#0"},
				"up": {"uv": [15.5, 0, 16, 0.5], "texture": "#0"},
				"down": {"uv": [15.5, 0, 16, 0.5], "texture": "#0"}
			}
		},
		{
			"from": [24, -16, 13.5],
			"to": [25, -9, 14.5],
			"rotation": {"angle": -22.5, "axis": "z", "origin": [25.5, -11, 14]},
			"faces": {
				"north": {"uv": [15.5, 0, 16, 3.5], "texture": "#0"},
				"east": {"uv": [15.5, 0, 16, 3.5], "texture": "#0"},
				"south": {"uv": [15.5, 0, 16, 3.5], "texture": "#0"},
				"west": {"uv": [15.5, 0, 16, 3.5], "texture": "#0"},
				"up": {"uv": [15.5, 0, 16, 0.5], "texture": "#0"},
				"down": {"uv": [15.5, 0, 16, 0.5], "texture": "#0"}
			}
		},
		{
			"from": [26, -16, 13.5],
			"to": [27, -9, 14.5],
			"rotation": {"angle": 22.5, "axis": "z", "origin": [25.5, -11, 14]},
			"faces": {
				"north": {"uv": [15.5, 0, 16, 3.5], "texture": "#0"},
				"east": {"uv": [15.5, 0, 16, 3.5], "rotation": 180, "texture": "#0"},
				"south": {"uv": [15.5, 0, 16, 3.5], "texture": "#0"},
				"west": {"uv": [15.5, 0, 16, 3.5], "rotation": 180, "texture": "#0"},
				"up": {"uv": [15.5, 0, 16, 0.5], "rotation": 180, "texture": "#0"},
				"down": {"uv": [15.5, 0, 16, 0.5], "rotation": 180, "texture": "#0"}
			}
		}
	],
	"display": {
		"thirdperson_righthand": {
			"translation": [0, 0, 1.75],
			"scale": [0.5, 0.5, 0.5]
		},
		"thirdperson_lefthand": {
			"translation": [0, 0, 1.75],
			"scale": [0.5, 0.5, 0.5]
		},
		"gui": {
			"rotation": [0, 150, 0],
			"translation": [-0.75, 2, 0],
			"scale": [0.33, 0.33, 0.33]
		},
		"head": {
			"translation": [0, -48, -36],
			"scale": [1.5, 1.5, 1.5]
		},
		"fixed": {
			"rotation": [-90, -45, 0],
			"translation": [3, -3, -7],
			"scale": [0.8, 0.8, 0.8]
		}
	},
	"groups": [
		{
			"name": "drum 1",
			"origin": [8, 8, 8],
			"color": 0,
			"children": [0, 1, 2, 3, 4, 5, 6, 7, 8, 9, 10, 11, 12, 13, 14]
		},
		{
			"name": "drum 2",
			"origin": [8, 16, 9],
			"color": 0,
			"children": [15, 16, 17, 18, 19]
		},
		{
			"name": "drum 3",
			"origin": [8, 16, 9],
			"color": 0,
			"children": [20, 21, 22, 23, 24]
		},
		{
			"name": "drum 4",
			"origin": [8, 16, 9],
			"color": 0,
			"children": [25, 26, 27, 28, 29, 30, 31, 32, 33]
		},
		{
			"name": "drum 5",
			"origin": [8, 16, 9],
			"color": 0,
			"children": [34, 35, 36, 37, 38, 39, 40, 41, 42, 43]
		},
		{
			"name": "drum 6",
			"origin": [8, 16, 9],
			"color": 0,
			"children": [44, 45, 46, 47, 48, 49, 50, 51, 52, 53]
		},
		{
			"name": "drum 7",
			"origin": [8, 16, 9],
			"color": 0,
			"children": [54, 55, 56, 57, 58, 59, 60, 61, 62, 63]
		}
	]
}