{
	"credit": "Made with Blockbench",
	"textures": {
		"2": "customization:synth/synth",
		"3": "customization:synth/synth_leg",
		"particle": "customization:quiver"
	},
	"elements": [
		{
			"from": [-7.875, 9.5, 24.5],
			"to": [22.75, 10.375, 31.5],
			"faces": {
				"north": {"uv": [7, 0, 7.5, 9], "rotation": 270, "texture": "#2"},
				"east": {"uv": [10, 0.5, 8, 0], "texture": "#2"},
				"south": {"uv": [2, 0, 2.5, 9], "rotation": 90, "texture": "#2"},
				"west": {"uv": [10, 0.5, 8, 1], "rotation": 180, "texture": "#2"},
				"up": {"uv": [0, 0, 2, 9], "rotation": 90, "texture": "#2"},
				"down": {"uv": [2, 0, 4, 9], "rotation": 90, "texture": "#2"}
			}
		},
		{
			"from": [-7.875, 10.375, 28.7],
			"to": [22.75, 11.075, 31.5],
			"faces": {
				"north": {"uv": [6, 0, 6.5, 9], "rotation": 270, "texture": "#2"},
				"east": {"uv": [11.5, 10.5, 10.5, 10], "texture": "#2"},
				"south": {"uv": [2.5, 0, 3, 9], "rotation": 90, "texture": "#2"},
				"west": {"uv": [11.5, 10.5, 10.5, 11], "rotation": 180, "texture": "#2"},
				"up": {"uv": [4.5, 0, 5.5, 9], "rotation": 90, "texture": "#2"},
				"down": {"uv": [5, 0, 6, 9], "rotation": 90, "texture": "#2"}
			}
		},
		{
			"from": [21, 10.375, 24.5],
			"to": [22.75, 10.725, 28.875],
			"faces": {
				"north": {"uv": [0, 12, 0.5, 12.5], "rotation": 270, "texture": "#2"},
				"east": {"uv": [9.5, 2.5, 8, 2], "texture": "#2"},
				"south": {"uv": [0.5, 12, 1, 12.5], "rotation": 90, "texture": "#2"},
				"west": {"uv": [9.5, 2.5, 8, 3], "rotation": 180, "texture": "#2"},
				"up": {"uv": [8, 1, 9.5, 1.5], "rotation": 90, "texture": "#2"},
				"down": {"uv": [8, 1.5, 9.5, 2], "rotation": 90, "texture": "#2"}
			}
		},
		{
			"from": [19.95, 10.375, 26.25],
			"to": [21.7, 10.9, 28.875],
			"faces": {
				"north": {"uv": [1, 12, 1.5, 12.5], "rotation": 270, "texture": "#2"},
				"east": {"uv": [12, 1.5, 11, 1], "texture": "#2"},
				"south": {"uv": [12, 1, 12.5, 1.5], "rotation": 90, "texture": "#2"},
				"west": {"uv": [12, 1.5, 11, 2], "rotation": 180, "texture": "#2"},
				"up": {"uv": [0, 11, 1, 11.5], "rotation": 90, "texture": "#2"},
				"down": {"uv": [1, 11, 2, 11.5], "rotation": 90, "texture": "#2"}
			}
		},
		{
			"from": [18.025, 10.375, 26.25],
			"to": [19.775, 10.9, 28.875],
			"faces": {
				"north": {"uv": [1.5, 12, 2, 12.5], "rotation": 270, "texture": "#2"},
				"east": {"uv": [12, 3, 11, 2.5], "texture": "#2"},
				"south": {"uv": [12, 1.5, 12.5, 2], "rotation": 90, "texture": "#2"},
				"west": {"uv": [4, 11, 3, 11.5], "rotation": 180, "texture": "#2"},
				"up": {"uv": [2, 11, 3, 11.5], "rotation": 90, "texture": "#2"},
				"down": {"uv": [11, 2, 12, 2.5], "rotation": 90, "texture": "#2"}
			}
		},
		{
			"from": [16.1, 10.375, 26.25],
			"to": [17.85, 10.9, 28.875],
			"faces": {
				"north": {"uv": [2, 12, 2.5, 12.5], "rotation": 270, "texture": "#2"},
				"east": {"uv": [5, 11.5, 4, 11], "texture": "#2"},
				"south": {"uv": [12, 2, 12.5, 2.5], "rotation": 90, "texture": "#2"},
				"west": {"uv": [12, 4, 11, 4.5], "rotation": 180, "texture": "#2"},
				"up": {"uv": [11, 3, 12, 3.5], "rotation": 90, "texture": "#2"},
				"down": {"uv": [11, 3.5, 12, 4], "rotation": 90, "texture": "#2"}
			}
		},
		{
			"from": [12.425, 10.375, 26.25],
			"to": [14.175, 10.9, 28.875],
			"faces": {
				"north": {"uv": [2.5, 12, 3, 12.5], "rotation": 270, "texture": "#2"},
				"east": {"uv": [12, 5.5, 11, 5], "texture": "#2"},
				"south": {"uv": [12, 2.5, 12.5, 3], "rotation": 90, "texture": "#2"},
				"west": {"uv": [12, 5.5, 11, 6], "rotation": 180, "texture": "#2"},
				"up": {"uv": [11, 4.5, 12, 5], "rotation": 90, "texture": "#2"},
				"down": {"uv": [5, 11, 6, 11.5], "rotation": 90, "texture": "#2"}
			}
		},
		{
			"from": [10.5, 10.375, 26.25],
			"to": [12.25, 10.9, 28.875],
			"faces": {
				"north": {"uv": [3, 12, 3.5, 12.5], "rotation": 270, "texture": "#2"},
				"east": {"uv": [12, 7, 11, 6.5], "texture": "#2"},
				"south": {"uv": [12, 3, 12.5, 3.5], "rotation": 90, "texture": "#2"},
				"west": {"uv": [8, 11, 7, 11.5], "rotation": 180, "texture": "#2"},
				"up": {"uv": [6, 11, 7, 11.5], "rotation": 90, "texture": "#2"},
				"down": {"uv": [11, 6, 12, 6.5], "rotation": 90, "texture": "#2"}
			}
		},
		{
			"from": [6.65, 10.375, 26.25],
			"to": [8.4, 10.9, 28.875],
			"faces": {
				"north": {"uv": [3.5, 12, 4, 12.5], "rotation": 270, "texture": "#2"},
				"east": {"uv": [9, 11.5, 8, 11], "texture": "#2"},
				"south": {"uv": [12, 3.5, 12.5, 4], "rotation": 90, "texture": "#2"},
				"west": {"uv": [12, 8, 11, 8.5], "rotation": 180, "texture": "#2"},
				"up": {"uv": [11, 7, 12, 7.5], "rotation": 90, "texture": "#2"},
				"down": {"uv": [11, 7.5, 12, 8], "rotation": 90, "texture": "#2"}
			}
		},
		{
			"from": [4.725, 10.375, 26.25],
			"to": [6.475, 10.9, 28.875],
			"faces": {
				"north": {"uv": [4, 12, 4.5, 12.5], "rotation": 270, "texture": "#2"},
				"east": {"uv": [11, 11.5, 10, 11], "texture": "#2"},
				"south": {"uv": [12, 4, 12.5, 4.5], "rotation": 90, "texture": "#2"},
				"west": {"uv": [12, 11, 11, 11.5], "rotation": 180, "texture": "#2"},
				"up": {"uv": [11, 8.5, 12, 9], "rotation": 90, "texture": "#2"},
				"down": {"uv": [9, 11, 10, 11.5], "rotation": 90, "texture": "#2"}
			}
		},
		{
			"from": [2.8, 10.375, 26.25],
			"to": [4.55, 10.9, 28.875],
			"faces": {
				"north": {"uv": [4.5, 12, 5, 12.5], "rotation": 270, "texture": "#2"},
				"east": {"uv": [12.5, 1, 11.5, 0.5], "texture": "#2"},
				"south": {"uv": [12, 4.5, 12.5, 5], "rotation": 90, "texture": "#2"},
				"west": {"uv": [2, 11.5, 1, 12], "rotation": 180, "texture": "#2"},
				"up": {"uv": [0, 11.5, 1, 12], "rotation": 90, "texture": "#2"},
				"down": {"uv": [11.5, 0, 12.5, 0.5], "rotation": 90, "texture": "#2"}
			}
		},
		{
			"from": [-1.05, 10.375, 26.25],
			"to": [0.7, 10.9, 28.875],
			"faces": {
				"north": {"uv": [5, 12, 5.5, 12.5], "rotation": 270, "texture": "#2"},
				"east": {"uv": [5, 12, 4, 11.5], "texture": "#2"},
				"south": {"uv": [12, 5, 12.5, 5.5], "rotation": 90, "texture": "#2"},
				"west": {"uv": [6, 11.5, 5, 12], "rotation": 180, "texture": "#2"},
				"up": {"uv": [2, 11.5, 3, 12], "rotation": 90, "texture": "#2"},
				"down": {"uv": [3, 11.5, 4, 12], "rotation": 90, "texture": "#2"}
			}
		},
		{
			"from": [-2.975, 10.375, 26.25],
			"to": [-1.225, 10.9, 28.875],
			"faces": {
				"north": {"uv": [5.5, 12, 6, 12.5], "rotation": 270, "texture": "#2"},
				"east": {"uv": [9, 12, 8, 11.5], "texture": "#2"},
				"south": {"uv": [12, 5.5, 12.5, 6], "rotation": 90, "texture": "#2"},
				"west": {"uv": [10, 11.5, 9, 12], "rotation": 180, "texture": "#2"},
				"up": {"uv": [6, 11.5, 7, 12], "rotation": 90, "texture": "#2"},
				"down": {"uv": [7, 11.5, 8, 12], "rotation": 90, "texture": "#2"}
			}
		},
		{
			"from": [-7, 10.375, 26.25],
			"to": [-5.25, 10.9, 28.875],
			"faces": {
				"north": {"uv": [6, 12, 6.5, 12.5], "rotation": 270, "texture": "#2"},
				"east": {"uv": [12.5, 11, 11.5, 10.5], "texture": "#2"},
				"south": {"uv": [12, 6, 12.5, 6.5], "rotation": 90, "texture": "#2"},
				"west": {"uv": [12, 11.5, 11, 12], "rotation": 180, "texture": "#2"},
				"up": {"uv": [10, 11.5, 11, 12], "rotation": 90, "texture": "#2"},
				"down": {"uv": [11.5, 10, 12.5, 10.5], "rotation": 90, "texture": "#2"}
			}
		},
		{
			"from": [19.075, 10.375, 24.5],
			"to": [20.825, 10.725, 28.875],
			"faces": {
				"north": {"uv": [6.5, 12, 7, 12.5], "rotation": 270, "texture": "#2"},
				"east": {"uv": [9.5, 4.5, 8, 4], "texture": "#2"},
				"south": {"uv": [12, 6.5, 12.5, 7], "rotation": 90, "texture": "#2"},
				"west": {"uv": [9.5, 4.5, 8, 5], "rotation": 180, "texture": "#2"},
				"up": {"uv": [8, 3, 9.5, 3.5], "rotation": 90, "texture": "#2"},
				"down": {"uv": [8, 3.5, 9.5, 4], "rotation": 90, "texture": "#2"}
			}
		},
		{
			"from": [17.15, 10.375, 24.5],
			"to": [18.9, 10.725, 28.875],
			"faces": {
				"north": {"uv": [7, 12, 7.5, 12.5], "rotation": 270, "texture": "#2"},
				"east": {"uv": [9.5, 6.5, 8, 6], "texture": "#2"},
				"south": {"uv": [12, 7, 12.5, 7.5], "rotation": 90, "texture": "#2"},
				"west": {"uv": [9.5, 6.5, 8, 7], "rotation": 180, "texture": "#2"},
				"up": {"uv": [8, 5, 9.5, 5.5], "rotation": 90, "texture": "#2"},
				"down": {"uv": [8, 5.5, 9.5, 6], "rotation": 90, "texture": "#2"}
			}
		},
		{
			"from": [15.225, 10.375, 24.5],
			"to": [16.975, 10.725, 28.875],
			"faces": {
				"north": {"uv": [7.5, 12, 8, 12.5], "rotation": 270, "texture": "#2"},
				"east": {"uv": [9.5, 8.5, 8, 8], "texture": "#2"},
				"south": {"uv": [12, 7.5, 12.5, 8], "rotation": 90, "texture": "#2"},
				"west": {"uv": [9.5, 8.5, 8, 9], "rotation": 180, "texture": "#2"},
				"up": {"uv": [8, 7, 9.5, 7.5], "rotation": 90, "texture": "#2"},
				"down": {"uv": [8, 7.5, 9.5, 8], "rotation": 90, "texture": "#2"}
			}
		},
		{
			"from": [13.3, 10.375, 24.5],
			"to": [15.05, 10.725, 28.875],
			"faces": {
				"north": {"uv": [8, 12, 8.5, 12.5], "rotation": 270, "texture": "#2"},
				"east": {"uv": [4.5, 9.5, 3, 9], "texture": "#2"},
				"south": {"uv": [12, 8, 12.5, 8.5], "rotation": 90, "texture": "#2"},
				"west": {"uv": [6, 9, 4.5, 9.5], "rotation": 180, "texture": "#2"},
				"up": {"uv": [0, 9, 1.5, 9.5], "rotation": 90, "texture": "#2"},
				"down": {"uv": [1.5, 9, 3, 9.5], "rotation": 90, "texture": "#2"}
			}
		},
		{
			"from": [11.375, 10.375, 24.5],
			"to": [13.125, 10.725, 28.875],
			"faces": {
				"north": {"uv": [8.5, 12, 9, 12.5], "rotation": 270, "texture": "#2"},
				"east": {"uv": [10.5, 9.5, 9, 9], "texture": "#2"},
				"south": {"uv": [12, 8.5, 12.5, 9], "rotation": 90, "texture": "#2"},
				"west": {"uv": [1.5, 9.5, 0, 10], "rotation": 180, "texture": "#2"},
				"up": {"uv": [6, 9, 7.5, 9.5], "rotation": 90, "texture": "#2"},
				"down": {"uv": [7.5, 9, 9, 9.5], "rotation": 90, "texture": "#2"}
			}
		},
		{
			"from": [9.45, 10.375, 24.5],
			"to": [11.2, 10.725, 28.875],
			"faces": {
				"north": {"uv": [9, 12, 9.5, 12.5], "rotation": 270, "texture": "#2"},
				"east": {"uv": [11, 2, 9.5, 1.5], "texture": "#2"},
				"south": {"uv": [12, 9, 12.5, 9.5], "rotation": 90, "texture": "#2"},
				"west": {"uv": [11, 2, 9.5, 2.5], "rotation": 180, "texture": "#2"},
				"up": {"uv": [9.5, 1, 11, 1.5], "rotation": 90, "texture": "#2"},
				"down": {"uv": [1.5, 9.5, 3, 10], "rotation": 90, "texture": "#2"}
			}
		},
		{
			"from": [7.525, 10.375, 24.5],
			"to": [9.275, 10.725, 28.875],
			"faces": {
				"north": {"uv": [9.5, 12, 10, 12.5], "rotation": 270, "texture": "#2"},
				"east": {"uv": [11, 3.5, 9.5, 3], "texture": "#2"},
				"south": {"uv": [12, 9.5, 12.5, 10], "rotation": 90, "texture": "#2"},
				"west": {"uv": [11, 3.5, 9.5, 4], "rotation": 180, "texture": "#2"},
				"up": {"uv": [9.5, 2.5, 11, 3], "rotation": 90, "texture": "#2"},
				"down": {"uv": [3, 9.5, 4.5, 10], "rotation": 90, "texture": "#2"}
			}
		},
		{
			"from": [5.6, 10.375, 24.5],
			"to": [7.35, 10.725, 28.875],
			"faces": {
				"north": {"uv": [10, 12, 10.5, 12.5], "rotation": 270, "texture": "#2"},
				"east": {"uv": [11, 5, 9.5, 4.5], "texture": "#2"},
				"south": {"uv": [10.5, 12, 11, 12.5], "rotation": 90, "texture": "#2"},
				"west": {"uv": [11, 5, 9.5, 5.5], "rotation": 180, "texture": "#2"},
				"up": {"uv": [9.5, 4, 11, 4.5], "rotation": 90, "texture": "#2"},
				"down": {"uv": [4.5, 9.5, 6, 10], "rotation": 90, "texture": "#2"}
			}
		},
		{
			"from": [3.675, 10.375, 24.5],
			"to": [5.425, 10.725, 28.875],
			"faces": {
				"north": {"uv": [11, 12, 11.5, 12.5], "rotation": 270, "texture": "#2"},
				"east": {"uv": [11, 6.5, 9.5, 6], "texture": "#2"},
				"south": {"uv": [12, 11, 12.5, 11.5], "rotation": 90, "texture": "#2"},
				"west": {"uv": [11, 6.5, 9.5, 7], "rotation": 180, "texture": "#2"},
				"up": {"uv": [9.5, 5.5, 11, 6], "rotation": 90, "texture": "#2"},
				"down": {"uv": [6, 9.5, 7.5, 10], "rotation": 90, "texture": "#2"}
			}
		},
		{
			"from": [1.75, 10.375, 24.5],
			"to": [3.5, 10.725, 28.875],
			"faces": {
				"north": {"uv": [11.5, 12, 12, 12.5], "rotation": 270, "texture": "#2"},
				"east": {"uv": [11, 8, 9.5, 7.5], "texture": "#2"},
				"south": {"uv": [12, 11.5, 12.5, 12], "rotation": 90, "texture": "#2"},
				"west": {"uv": [11, 8, 9.5, 8.5], "rotation": 180, "texture": "#2"},
				"up": {"uv": [9.5, 7, 11, 7.5], "rotation": 90, "texture": "#2"},
				"down": {"uv": [7.5, 9.5, 9, 10], "rotation": 90, "texture": "#2"}
			}
		},
		{
			"from": [-4.025, 10.375, 24.5],
			"to": [-2.275, 10.725, 28.875],
			"faces": {
				"north": {"uv": [12, 12, 12.5, 12.5], "rotation": 270, "texture": "#2"},
				"east": {"uv": [1.5, 10.5, 0, 10], "texture": "#2"},
				"south": {"uv": [0, 12.5, 0.5, 13], "rotation": 90, "texture": "#2"},
				"west": {"uv": [11.5, 0, 10, 0.5], "rotation": 180, "texture": "#2"},
				"up": {"uv": [9.5, 8.5, 11, 9], "rotation": 90, "texture": "#2"},
				"down": {"uv": [9, 9.5, 10.5, 10], "rotation": 90, "texture": "#2"}
			}
		},
		{
			"from": [-5.95, 10.375, 24.5],
			"to": [-4.2, 10.725, 28.875],
			"faces": {
				"north": {"uv": [12.5, 0, 13, 0.5], "rotation": 270, "texture": "#2"},
				"east": {"uv": [4.5, 10.5, 3, 10], "texture": "#2"},
				"south": {"uv": [0.5, 12.5, 1, 13], "rotation": 90, "texture": "#2"},
				"west": {"uv": [6, 10, 4.5, 10.5], "rotation": 180, "texture": "#2"},
				"up": {"uv": [10, 0.5, 11.5, 1], "rotation": 90, "texture": "#2"},
				"down": {"uv": [1.5, 10, 3, 10.5], "rotation": 90, "texture": "#2"}
			}
		},
		{
			"from": [-7.875, 10.375, 24.5],
			"to": [-6.125, 10.725, 28.875],
			"faces": {
				"north": {"uv": [12.5, 0.5, 13, 1], "rotation": 270, "texture": "#2"},
				"east": {"uv": [10.5, 10.5, 9, 10], "texture": "#2"},
				"south": {"uv": [1, 12.5, 1.5, 13], "rotation": 90, "texture": "#2"},
				"west": {"uv": [1.5, 10.5, 0, 11], "rotation": 180, "texture": "#2"},
				"up": {"uv": [6, 10, 7.5, 10.5], "rotation": 90, "texture": "#2"},
				"down": {"uv": [7.5, 10, 9, 10.5], "rotation": 90, "texture": "#2"}
			}
		},
		{
			"from": [-2.1, 10.375, 24.5],
			"to": [-0.35, 10.725, 28.875],
			"faces": {
				"north": {"uv": [12.5, 1, 13, 1.5], "rotation": 270, "texture": "#2"},
				"east": {"uv": [6, 11, 4.5, 10.5], "texture": "#2"},
				"south": {"uv": [1.5, 12.5, 2, 13], "rotation": 90, "texture": "#2"},
				"west": {"uv": [7.5, 10.5, 6, 11], "rotation": 180, "texture": "#2"},
				"up": {"uv": [1.5, 10.5, 3, 11], "rotation": 90, "texture": "#2"},
				"down": {"uv": [3, 10.5, 4.5, 11], "rotation": 90, "texture": "#2"}
			}
		},
		{
			"from": [-0.175, 10.375, 24.5],
			"to": [1.575, 10.725, 28.875],
			"faces": {
				"north": {"uv": [12.5, 1.5, 13, 2], "rotation": 270, "texture": "#2"},
				"east": {"uv": [12, 9.5, 10.5, 9], "texture": "#2"},
				"south": {"uv": [2, 12.5, 2.5, 13], "rotation": 90, "texture": "#2"},
				"west": {"uv": [12, 9.5, 10.5, 10], "rotation": 180, "texture": "#2"},
				"up": {"uv": [7.5, 10.5, 9, 11], "rotation": 90, "texture": "#2"},
				"down": {"uv": [9, 10.5, 10.5, 11], "rotation": 90, "texture": "#2"}
			}
		},
		{
			"from": [-7, -1.875, 26.95],
			"to": [-5.25, 10.375, 28.7],
			"faces": {
				"north": {"uv": [5, 0, 6, 7], "rotation": 180, "texture": "#3"},
				"east": {"uv": [4, 0, 5, 7], "rotation": 180, "texture": "#3"},
				"south": {"uv": [7, 0, 8, 7], "rotation": 180, "texture": "#3"},
				"west": {"uv": [6, 0, 7, 7], "rotation": 180, "texture": "#3"},
				"up": {"uv": [2, 9, 1, 10], "rotation": 270, "texture": "#3"},
				"down": {"uv": [1, 10, 0, 9], "rotation": 90, "texture": "#3"}
			}
		},
		{
			"from": [-7, -14.125, 26.95],
			"to": [-5.25, -1.875, 28.7],
			"faces": {
				"north": {"uv": [5, 0, 6, 7], "rotation": 180, "texture": "#3"},
				"east": {"uv": [4, 0, 5, 7], "rotation": 180, "texture": "#3"},
				"south": {"uv": [7, 0, 8, 7], "rotation": 180, "texture": "#3"},
				"west": {"uv": [6, 0, 7, 7], "rotation": 180, "texture": "#3"},
				"up": {"uv": [2, 9, 1, 10], "rotation": 270, "texture": "#3"},
				"down": {"uv": [1, 10, 0, 9], "rotation": 90, "texture": "#3"}
			}
		},
		{
			"from": [19.25, -14.125, 26.95],
			"to": [21, -1.875, 28.7],
			"faces": {
				"north": {"uv": [5, 0, 6, 7], "rotation": 180, "texture": "#3"},
				"east": {"uv": [4, 0, 5, 7], "rotation": 180, "texture": "#3"},
				"south": {"uv": [7, 0, 8, 7], "rotation": 180, "texture": "#3"},
				"west": {"uv": [6, 0, 7, 7], "rotation": 180, "texture": "#3"},
				"up": {"uv": [2, 9, 1, 10], "rotation": 270, "texture": "#3"},
				"down": {"uv": [1, 10, 0, 9], "rotation": 90, "texture": "#3"}
			}
		},
		{
			"from": [19.25, -1.875, 26.95],
			"to": [21, 10.375, 28.7],
			"faces": {
				"north": {"uv": [5, 0, 6, 7], "rotation": 180, "texture": "#3"},
				"east": {"uv": [4, 0, 5, 7], "rotation": 180, "texture": "#3"},
				"south": {"uv": [7, 0, 8, 7], "rotation": 180, "texture": "#3"},
				"west": {"uv": [6, 0, 7, 7], "rotation": 180, "texture": "#3"},
				"up": {"uv": [2, 9, 1, 10], "rotation": 270, "texture": "#3"},
				"down": {"uv": [1, 10, 0, 9], "rotation": 90, "texture": "#3"}
			}
		},
		{
			"from": [-7, -15.875, 25.2],
			"to": [-5.25, -14.125, 30.45],
			"faces": {
				"north": {"uv": [7, 8, 8, 9], "rotation": 180, "texture": "#3"},
				"east": {"uv": [8, 1, 11, 2], "rotation": 180, "texture": "#3"},
				"south": {"uv": [8, 8, 9, 9], "rotation": 180, "texture": "#3"},
				"west": {"uv": [8, 2, 11, 3], "rotation": 180, "texture": "#3"},
				"up": {"uv": [11, 3, 8, 4], "rotation": 270, "texture": "#3"},
				"down": {"uv": [6, 9, 3, 8], "rotation": 90, "texture": "#3"}
			}
		},
		{
			"from": [19.25, -15.875, 25.2],
			"to": [21, -14.125, 30.45],
			"faces": {
				"north": {"uv": [8, 4, 9, 5], "texture": "#3"},
				"east": {"uv": [7, 7, 10, 8], "texture": "#3"},
				"south": {"uv": [8, 5, 9, 6], "texture": "#3"},
				"west": {"uv": [4, 7, 7, 8], "texture": "#3"},
				"up": {"uv": [3, 9, 0, 8], "rotation": 270, "texture": "#3"},
				"down": {"uv": [11, 0, 8, 1], "rotation": 90, "texture": "#3"}
			}
		}
	],
	"display": {
		"thirdperson_righthand": {
			"translation": [0, 0, 1.75],
			"scale": [0.5, 0.5, 0.5]
		},
		"thirdperson_lefthand": {
			"translation": [0, 0, 1.75],
			"scale": [0.5, 0.5, 0.5]
		},
		"gui": {
			"rotation": [0, 150, 0],
			"translation": [1, 0.75, 0],
			"scale": [0.5, 0.5, 0.5]
		},
		"head": {
			"rotation": [0, -180, 0],
			"translation": [0, -52, 0],
			"scale": [1.5, 1.5, 1.5]
		},
		"fixed": {
			"rotation": [-90, -45, 0],
			"translation": [3, -3, -7],
			"scale": [0.8, 0.8, 0.8]
		}
	},
	"groups": [
		{
			"name": "group",
			"origin": [0, 0, 0],
			"color": 0,
			"children": [0, 1, 2, 3, 4, 5, 6, 7, 8, 9, 10, 11, 12, 13, 14, 15, 16, 17, 18, 19, 20, 21, 22, 23, 24, 25, 26, 27, 28, 29, 30, 31, 32, 33, 34]
		}
	]
}