{
	"credit": "Made with Blockbench",
	"texture_size": [96, 64],
	"textures": {
		"particle": "block/sasha"
	},
	"elements": [
		{
			"from": [5.5, 11.25, -14.5],
			"to": [10.5, 16.25, 3.5],
			"rotation": {"angle": 0, "axis": "x", "origin": [7, 11.25, -4.5]},
			"faces": {
				"north": {"uv": [6, 0, 7.66667, 2.5], "rotation": 90, "texture": "#particle"},
				"east": {"uv": [0, 2.5, 6, 5], "texture": "#particle"},
				"south": {"uv": [13.75, 0, 14.25, 0.66667], "texture": "#particle"},
				"west": {"uv": [6, 2.5, 0, 5], "texture": "#particle"},
				"up": {"uv": [6, 0, 0, 2.5], "rotation": 90, "texture": "#particle"},
				"down": {"uv": [6, 0, 0, 2.5], "rotation": 270, "texture": "#particle"}
			}
		},
		{
			"from": [5.75, 2.25, 2],
			"to": [14.25, 10.75, 18],
			"rotation": {"angle": 0, "axis": "x", "origin": [7.25, 2.25, 12]},
			"faces": {
				"north": {"uv": [11.5, 8.5, 14.33333, 12.75], "texture": "#particle"},
				"east": {"uv": [9, 4.25, 14.33333, 8.5], "texture": "#particle"},
				"south": {"uv": [11.5, 8.5, 14.33333, 12.75], "texture": "#particle"},
				"west": {"uv": [14.33333, 0, 9, 4.25], "texture": "#particle"},
				"up": {"uv": [14.33333, 0, 9, 4.25], "rotation": 90, "texture": "#particle"},
				"down": {"uv": [14.33333, 0, 9, 4.25], "rotation": 270, "texture": "#particle"}
			}
		},
		{
			"from": [4.75, 11.25, 3.5],
			"to": [11.25, 17.25, 8.5],
			"rotation": {"angle": 0, "axis": "x", "origin": [6.25, 11.25, 13.5]},
			"faces": {
				"north": {"uv": [1.66667, 5, 3.83333, 8], "texture": "#particle"},
				"east": {"uv": [0, 5, 1.66667, 8], "texture": "#particle"},
				"south": {"uv": [1.66667, 5, 3.83333, 8], "texture": "#particle"},
				"west": {"uv": [1.66667, 5, 0, 8.25], "texture": "#particle"},
				"up": {"uv": [0, 8, 1.66667, 11.25], "rotation": 270, "texture": "#particle"},
				"down": {"uv": [1.66667, 8, 3.33333, 11.25], "rotation": 90, "texture": "#particle"}
			}
		},
		{
			"from": [4.75, 7.75, 6.5],
			"to": [11.25, 11.25, 6.5],
			"rotation": {"angle": 22.5, "axis": "z", "origin": [4.75, 11.25, 6.5]},
			"faces": {
				"north": {"uv": [6.83333, 6.75, 9, 8.5], "texture": "#particle"},
				"east": {"uv": [5.5, 6, 0, 6.66667], "texture": "#particle"},
				"south": {"uv": [6.83333, 6.75, 9.16667, 8.5], "texture": "#particle"},
				"west": {"uv": [0, 6, 5.5, 6.66667], "texture": "#particle"},
				"up": {"uv": [0, 6.66667, 5.5, 7.33333], "rotation": 90, "texture": "#particle"},
				"down": {"uv": [0, 6.33333, 5.5, 6.66667], "rotation": 270, "texture": "#particle"}
			}
		},
		{
			"from": [10, 17.25, 4.5],
			"to": [11, 19.75, 6],
			"rotation": {"angle": 0, "axis": "x", "origin": [10, 17.25, 4.5]},
			"faces": {
				"north": {"uv": [3.83333, 5.75, 4.16667, 7], "texture": "#particle"},
				"east": {"uv": [6.33333, 5.75, 5.83333, 7], "texture": "#particle"},
				"south": {"uv": [5.5, 5.75, 5.83333, 7], "texture": "#particle"},
				"west": {"uv": [5.5, 5.75, 5.66667, 7], "texture": "#particle"}
			}
		},
		{
			"from": [5, 19.75, 4.5],
			"to": [11, 21.25, 6],
			"rotation": {"angle": 0, "axis": "x", "origin": [5, 19.75, 4.5]},
			"faces": {
				"north": {"uv": [3.83333, 5, 5.83333, 5.75], "texture": "#particle"},
				"east": {"uv": [6.33333, 5, 5.83333, 5.75], "texture": "#particle"},
				"south": {"uv": [3.83333, 5, 5.83333, 5.75], "texture": "#particle"},
				"west": {"uv": [5.83333, 5, 6.33333, 5.75], "texture": "#particle"},
				"up": {"uv": [3.83333, 7, 5.83333, 7.75], "rotation": 180, "texture": "#particle"},
				"down": {"uv": [3.83333, 5.5, 5.83333, 5.75], "rotation": 180, "texture": "#particle"}
			}
		},
		{
			"from": [5, 17.25, 4.5],
			"to": [6, 19.75, 6],
			"rotation": {"angle": 0, "axis": "x", "origin": [5, 17.25, 4.5]},
			"faces": {
				"north": {"uv": [5.5, 5.75, 5.83333, 7], "texture": "#particle"},
				"east": {"uv": [5.66667, 5.75, 5.5, 7], "texture": "#particle"},
				"south": {"uv": [3.83333, 5.75, 4.16667, 7], "texture": "#particle"},
				"west": {"uv": [5.83333, 5.75, 6.33333, 7], "texture": "#particle"}
			}
		},
		{
			"from": [7.25, 17.25, 21.5],
			"to": [8.75, 23.25, 23],
			"rotation": {"angle": -45, "axis": "x", "origin": [7.25, 17.25, 21.5]},
			"faces": {
				"north": {"uv": [3.83333, 8, 4.33333, 11], "texture": "#particle"},
				"east": {"uv": [3.83333, 8, 3.33333, 11], "texture": "#particle"},
				"south": {"uv": [3.66667, 8, 3.83333, 11], "texture": "#particle"},
				"west": {"uv": [3.33333, 8, 3.83333, 11], "texture": "#particle"},
				"up": {"uv": [3.33333, 8, 3.83333, 8.25], "rotation": 90, "texture": "#particle"},
				"down": {"uv": [3.33333, 10.75, 3.83333, 11], "rotation": 270, "texture": "#particle"}
			}
		},
		{
			"from": [8, 15.25, 5.5],
			"to": [8, 22.25, 23.5],
			"rotation": {"angle": 0, "axis": "x", "origin": [8, 15.25, 5.5]},
			"faces": {
				"north": {"uv": [5.5, 6.66667, 6, 7.33333], "texture": "#particle"},
				"east": {"uv": [5.5, 8.5, 11.5, 12], "texture": "#particle"},
				"south": {"uv": [13.75, 0, 14.25, 0.66667], "texture": "#particle"},
				"west": {"uv": [11.5, 8.5, 5.5, 12], "texture": "#particle"},
				"up": {"uv": [0, 6.66667, 5.5, 7.33333], "rotation": 90, "texture": "#particle"},
				"down": {"uv": [0, 6.33333, 5.5, 6.66667], "rotation": 270, "texture": "#particle"}
			}
		},
		{
			"from": [8, 7.25, 17.5],
			"to": [8, 15.25, 20.5],
			"rotation": {"angle": 0, "axis": "x", "origin": [8, 7.25, 10.5]},
			"faces": {
				"north": {"uv": [5.5, 6.66667, 6, 7.33333], "texture": "#particle"},
				"east": {"uv": [15.33333, 0, 14.33333, 4], "texture": "#particle"},
				"south": {"uv": [13.75, 0, 14.25, 0.66667], "texture": "#particle"},
				"west": {"uv": [14.33333, 0, 15.33333, 4], "texture": "#particle"},
				"up": {"uv": [0, 6.66667, 5.5, 7.33333], "rotation": 90, "texture": "#particle"},
				"down": {"uv": [0, 6.33333, 5.5, 6.66667], "rotation": 270, "texture": "#particle"}
			}
		},
		{
			"from": [10, 0.75, -2],
			"to": [10, 7.75, 18],
			"rotation": {"angle": 0, "axis": "x", "origin": [10, 0.75, -2]},
			"faces": {
				"north": {"uv": [5.5, 6.66667, 6, 7.33333], "texture": "#particle"},
				"east": {"uv": [4.83333, 12, 11.5, 15.5], "texture": "#particle"},
				"south": {"uv": [13.75, 0, 14.25, 0.66667], "texture": "#particle"},
				"west": {"uv": [11.5, 12, 4.83333, 15.5], "texture": "#particle"},
				"up": {"uv": [0, 6.66667, 5.5, 7.33333], "rotation": 90, "texture": "#particle"},
				"down": {"uv": [0, 6.33333, 5.5, 6.66667], "rotation": 270, "texture": "#particle"}
			}
		},
		{
			"from": [6.25, 12, 8.5],
			"to": [9.75, 15.5, 17.5],
			"rotation": {"angle": 0, "axis": "x", "origin": [7.75, 12, 17.5]},
			"faces": {
				"north": {"uv": [6.5, 0, 7.5, 1.66667], "texture": "#particle"},
				"east": {"uv": [0, 11.25, 3, 13], "texture": "#particle"},
				"south": {"uv": [3, 11.25, 4.16667, 13], "texture": "#particle"},
				"west": {"uv": [3, 11.25, 0, 13], "texture": "#particle"},
				"up": {"uv": [3, 11.25, 0, 13], "rotation": 90, "texture": "#particle"},
				"down": {"uv": [3, 11.25, 0, 13], "rotation": 270, "texture": "#particle"}
			}
		},
		{
			"from": [9.75, 10.75, 11.5],
			"to": [12.75, 13.75, 17.5],
			"rotation": {"angle": 0, "axis": "x", "origin": [11.25, 10.75, 20.5]},
			"faces": {
				"north": {"uv": [8, 2.5, 9, 4], "texture": "#particle"},
				"east": {"uv": [6, 2.5, 8, 4], "texture": "#particle"},
				"south": {"uv": [7.66667, 0, 8.66667, 1.5], "texture": "#particle"},
				"west": {"uv": [8, 2.5, 6, 4], "texture": "#particle"},
				"up": {"uv": [8, 2.5, 6, 4], "rotation": 90, "texture": "#particle"},
				"down": {"uv": [8, 2.5, 6, 4], "rotation": 270, "texture": "#particle"}
			}
		},
		{
			"from": [8.75, 5.25, 0],
			"to": [11.25, 7.75, 2],
			"rotation": {"angle": 0, "axis": "x", "origin": [10.25, 5.25, 9]},
			"faces": {
				"north": {"uv": [4.16667, 5.75, 5, 7], "texture": "#particle"},
				"east": {"uv": [5.5, 5.75, 4.83333, 7], "texture": "#particle"},
				"west": {"uv": [4.83333, 5.75, 5.5, 7], "texture": "#particle"},
				"up": {"uv": [4.83333, 5.75, 5.5, 7], "rotation": 90, "texture": "#particle"},
				"down": {"uv": [4.83333, 5.75, 5.5, 7], "rotation": 270, "texture": "#particle"}
			}
		}
	],
	"display": {
		"thirdperson_righthand": {
			"rotation": [3.5, -2, -2],
			"translation": [-0.25, -11.25, -3.75],
			"scale": [0.8, 0.8, 0.8]
		},
		"thirdperson_lefthand": {
			"rotation": [3.5, -2, -2],
			"translation": [-0.25, -11.25, -3.75],
			"scale": [0.8, 0.8, 0.8]
		},
		"firstperson_righthand": {
			"rotation": [22, 5.5, 6.5],
			"translation": [2, -9.5, -3.5]
		},
		"firstperson_lefthand": {
			"rotation": [22, 5.5, 6.5],
			"translation": [2, -9.5, -3.5]
		},
		"ground": {
			"rotation": [0, 0, 90],
			"translation": [3.75, -0.75, 3],
			"scale": [0.8, 0.8, 0.8]
		},
		"gui": {
			"rotation": [-35, 145, 5],
			"translation": [1.25, -1.75, 0],
			"scale": [0.5, 0.5, 0.5]
		},
		"head": {
			"rotation": [90, 20, 90],
			"translation": [4.25, -14.25, 8]
		},
		"fixed": {
			"rotation": [0, 90, 0],
			"translation": [3.75, -4.5, -1]
		}
	}
}