{
	"credit": "Made with Blockbench",
	"texture_size": [48, 48],
	"textures": {
		"0": "block/spas",
		"particle": "block/spas"
	},
	"elements": [
		{
			"from": [7.25, 15.5, -7.5],
			"to": [8.75, 17, -1],
			"rotation": {"angle": 0, "axis": "y", "origin": [15.25, 23.5, 4]},
			"faces": {
				"north": {"uv": [4.33333, 11, 5.33333, 12], "texture": "#0"},
				"east": {"uv": [0, 11, 4.33333, 12], "texture": "#0"},
				"south": {"uv": [0, 0, 0.5, 0.5], "texture": "#0"},
				"west": {"uv": [4.33333, 11, 0, 12], "texture": "#0"},
				"up": {"uv": [0, 12, 4.33333, 13], "rotation": 270, "texture": "#0"},
				"down": {"uv": [0, 11.66667, 4.33333, 12], "rotation": 90, "texture": "#0"}
			}
		},
		{
			"from": [7.25, 14, -6.5],
			"to": [8.75, 15.5, -1],
			"rotation": {"angle": 0, "axis": "y", "origin": [15.25, 21.5, 6.5]},
			"faces": {
				"north": {"uv": [3.66667, 13, 4.66667, 14], "texture": "#0"},
				"east": {"uv": [0, 13, 3.66667, 14], "texture": "#0"},
				"south": {"uv": [0, 0, 0.5, 0.5], "texture": "#0"},
				"west": {"uv": [3.66667, 13, 0, 14], "texture": "#0"},
				"up": {"uv": [0, 1, 9, 2], "rotation": 90, "texture": "#0"},
				"down": {"uv": [0, 13.66667, 3.66667, 14], "rotation": 90, "texture": "#0"}
			}
		},
		{
			"from": [8, 17, -6.5],
			"to": [8, 18.5, -4.5],
			"rotation": {"angle": 0, "axis": "y", "origin": [16, 25, -0.5]},
			"faces": {
				"north": {"uv": [0, 0, 0, 1], "texture": "#0"},
				"east": {"uv": [3, 3.66667, 4.33333, 4.66667], "texture": "#0"},
				"south": {"uv": [0, 0, 0, 1], "texture": "#0"},
				"west": {"uv": [4.33333, 3.66667, 3, 4.66667], "texture": "#0"},
				"up": {"uv": [0, 0, 0, 2.5], "texture": "#0"},
				"down": {"uv": [0, 0, 0, 2.5], "texture": "#0"}
			}
		},
		{
			"from": [7, 14, 10.5],
			"to": [9, 17, 19],
			"rotation": {"angle": 0, "axis": "y", "origin": [15, 21.25, 17.5]},
			"faces": {
				"north": {"uv": [0, 7.66667, 0.333, 7.997], "texture": "#0"},
				"east": {"uv": [5.66667, 7.66667, 0, 9.66667], "texture": "#0"},
				"south": {"uv": [1.66667, 3.66667, 3, 5.66667], "texture": "#0"},
				"west": {"uv": [0, 5.66667, 5.66667, 7.66667], "texture": "#0"},
				"up": {"uv": [0, 9.66667, 5.66667, 11], "rotation": 90, "texture": "#0"},
				"down": {"uv": [8.33333, 7, 13.99999, 8.33334], "rotation": 270, "texture": "#0"}
			}
		},
		{
			"from": [7, 14, -1],
			"to": [9, 17.5, 10.5],
			"rotation": {"angle": 0, "axis": "y", "origin": [15, 21.75, 17.5]},
			"faces": {
				"north": {"uv": [6.66667, 0, 7, 2.33333], "texture": "#0"},
				"east": {"uv": [14.33333, 0, 6.66667, 2.33333], "texture": "#0"},
				"south": {"uv": [14, 0, 14.33334, 2.33333], "texture": "#0"},
				"west": {"uv": [6.66667, 0, 14.33333, 2.33333], "texture": "#0"},
				"up": {"uv": [6.66667, 4, 14.33333, 5.33333], "rotation": 90, "texture": "#0"},
				"down": {"uv": [6.66667, 2.66667, 14.33333, 4.00001], "rotation": 270, "texture": "#0"}
			}
		},
		{
			"from": [8, 12, 12],
			"to": [8, 14, 19],
			"rotation": {"angle": 0, "axis": "y", "origin": [16, 19.75, 20]},
			"faces": {
				"north": {"uv": [0, 0, 0, 0.5], "texture": "#0"},
				"east": {"uv": [13, 5.66667, 8.33333, 7], "texture": "#0"},
				"south": {"uv": [0, 0, 0, 0.5], "texture": "#0"},
				"west": {"uv": [8.33333, 5.66667, 13, 7], "texture": "#0"},
				"up": {"uv": [0, 0, 0, 1.33333], "texture": "#0"},
				"down": {"uv": [0, 0, 0, 1.33333], "texture": "#0"}
			}
		},
		{
			"from": [7, 17, 4],
			"to": [7, 19.5, 19],
			"rotation": {"angle": 0, "axis": "x", "origin": [15, 24.75, 12]},
			"faces": {
				"north": {"uv": [0, 0, 0, 0.5], "texture": "#0"},
				"east": {"uv": [16, 14.33333, 6, 16], "texture": "#0"},
				"south": {"uv": [0, 0, 0, 0.5], "texture": "#0"},
				"west": {"uv": [6, 14.33333, 16, 16], "texture": "#0"},
				"up": {"uv": [0, 0, 0, 1.33333], "texture": "#0"},
				"down": {"uv": [0, 0, 0, 1.33333], "texture": "#0"}
			}
		},
		{
			"from": [7, 17.5, 4],
			"to": [9, 19.5, 4],
			"rotation": {"angle": 0, "axis": "y", "origin": [15, 25.25, 12]},
			"faces": {
				"north": {"uv": [4.66667, 14.33333, 6, 15.66667], "texture": "#0"},
				"east": {"uv": [16, 13.66667, 6, 16], "texture": "#0"},
				"south": {"uv": [6, 14.33333, 4.66667, 15.66667], "texture": "#0"},
				"west": {"uv": [6, 13.66667, 16, 16], "texture": "#0"},
				"up": {"uv": [0, 0, 0, 1.33333], "texture": "#0"},
				"down": {"uv": [0, 0, 0, 1.33333], "texture": "#0"}
			}
		},
		{
			"from": [9, 17, 4],
			"to": [9, 19.5, 19],
			"rotation": {"angle": 0, "axis": "y", "origin": [17, 24.75, 12]},
			"faces": {
				"north": {"uv": [0, 0, 0, 0.5], "texture": "#0"},
				"east": {"uv": [16, 14.33333, 6, 16], "texture": "#0"},
				"south": {"uv": [0, 0, 0, 0.5], "texture": "#0"},
				"west": {"uv": [6, 14.33333, 16, 16], "texture": "#0"},
				"up": {"uv": [0, 0, 0, 1.33333], "texture": "#0"},
				"down": {"uv": [0, 0, 0, 1.33333], "texture": "#0"}
			}
		},
		{
			"from": [7.25, 10, 17.5],
			"to": [8.75, 15.5, 20],
			"rotation": {"angle": -22.5, "axis": "x", "origin": [7.25, 10, 20]},
			"faces": {
				"north": {"uv": [5.66667, 5.66667, 6, 9.33333], "texture": "#0"},
				"east": {"uv": [7.33333, 5.66667, 5.66667, 9.33333], "texture": "#0"},
				"south": {"uv": [7.33333, 5.66667, 8.33333, 9.33333], "texture": "#0"},
				"west": {"uv": [5.66667, 5.66667, 7.33333, 9.33333], "texture": "#0"},
				"up": {"uv": [0, 0, 0.5, 0.83333], "texture": "#0"},
				"down": {"uv": [5.66667, 9, 7.33333, 9.33333], "rotation": 270, "texture": "#0"}
			}
		},
		{
			"from": [6.75, 13.5, -1.5],
			"to": [9.25, 16.5, 8.5],
			"rotation": {"angle": 0, "axis": "y", "origin": [14.75, 21.25, 7.5]},
			"faces": {
				"north": {"uv": [0, 3.66667, 1.66667, 5.66667], "texture": "#0"},
				"east": {"uv": [6.66667, 0, 0, 2], "texture": "#0"},
				"south": {"uv": [6.33333, 0, 6.66667, 2], "texture": "#0"},
				"west": {"uv": [0, 0, 6.66667, 2], "texture": "#0"},
				"up": {"uv": [0, 0, 6.66667, 0.33333], "rotation": 90, "texture": "#0"},
				"down": {"uv": [0, 2, 6.66667, 3.66667], "rotation": 270, "texture": "#0"}
			}
		}
	],
	"display": {
		"thirdperson_righthand": {
			"rotation": [12, 20, 2.5],
			"translation": [-3, -3.5, -5.5],
			"scale": [0.8, 0.8, 0.8]
		},
		"thirdperson_lefthand": {
			"rotation": [12, 20, 2.5],
			"translation": [-3, -3.5, -5.5],
			"scale": [0.8, 0.8, 0.8]
		},
		"firstperson_righthand": {
			"rotation": [2.5, -0.5, 2],
			"translation": [0, -4.25, -6.5]
		},
		"firstperson_lefthand": {
			"rotation": [2.5, -0.5, 2],
			"translation": [0, -4.25, -6.5]
		},
		"ground": {
			"rotation": [0, 0, 90],
			"translation": [5.75, -1.5, 1.5],
			"scale": [0.8, 0.8, 0.8]
		},
		"gui": {
			"rotation": [-30, 130, 4],
			"translation": [0.75, -4.25, 0],
			"scale": [0.67, 0.67, 0.67]
		},
		"head": {
			"rotation": [0, 51, 90],
			"translation": [3, 7.5, -5]
		},
		"fixed": {
			"rotation": [0, 90, 0],
			"translation": [2.5, -6.75, -1.5]
		}
	}
}