{
	"credit": "Made with Blockbench",
	"texture_size": [32, 32],
	"textures": {
		"particle": "block/uzi"
	},
	"elements": [
		{
			"from": [8, 11.5, 10.25],
			"to": [8, 13, 12.25],
			"rotation": {"angle": 0, "axis": "x", "origin": [9.5, 11.5, 19.25]},
			"faces": {
				"north": {"uv": [0, 0, 0, 2], "texture": "#missing"},
				"east": {"uv": [15.5, 0, 13.5, 1.5], "texture": "#particle"},
				"south": {"uv": [0, 0, 0, 2], "texture": "#missing"},
				"west": {"uv": [13.5, 0, 15.5, 1.5], "texture": "#particle"},
				"up": {"uv": [0, 0, 0, 6], "texture": "#missing"},
				"down": {"uv": [0, 0, 0, 6], "texture": "#missing"}
			}
		},
		{
			"from": [8, 11.5, 14.75],
			"to": [8, 13, 15.75],
			"rotation": {"angle": 0, "axis": "x", "origin": [9.5, 11.5, 23.75]},
			"faces": {
				"north": {"uv": [0, 0, 0, 2], "texture": "#missing"},
				"east": {"uv": [13.5, 7.5, 12.5, 9], "texture": "#particle"},
				"south": {"uv": [0, 0, 0, 2], "texture": "#missing"},
				"west": {"uv": [12.5, 7.5, 13.5, 9], "texture": "#particle"},
				"up": {"uv": [0, 0, 0, 6], "texture": "#missing"},
				"down": {"uv": [0, 0, 0, 6], "texture": "#missing"}
			}
		},
		{
			"from": [7.25, 4.5, 12.25],
			"to": [8.75, 8.5, 14.25],
			"rotation": {"angle": 0, "axis": "x", "origin": [7.25, 9.5, 12.25]},
			"faces": {
				"north": {"uv": [11, 7.5, 12.5, 11.5], "texture": "#particle"},
				"east": {"uv": [11, 7.5, 9, 11.5], "texture": "#particle"},
				"south": {"uv": [10.5, 7.5, 11, 11.5], "texture": "#particle"},
				"west": {"uv": [9, 7.5, 11, 11.5], "texture": "#particle"},
				"down": {"uv": [9, 11, 11, 11.5], "rotation": 270, "texture": "#particle"}
			}
		},
		{
			"from": [7, 8.5, 12.25],
			"to": [9, 13, 14.75],
			"rotation": {"angle": 0, "axis": "x", "origin": [7, 13.5, 12.25]},
			"faces": {
				"north": {"uv": [13.5, 3, 15.5, 7.5], "texture": "#particle"},
				"east": {"uv": [11.5, 3, 9, 7.5], "texture": "#particle"},
				"south": {"uv": [11.5, 3, 13.5, 7.5], "texture": "#particle"},
				"west": {"uv": [9, 3, 11.5, 7.5], "texture": "#particle"},
				"down": {"uv": [9, 7, 11.5, 7.5], "rotation": 270, "texture": "#particle"}
			}
		},
		{
			"from": [6.75, 13, 8.75],
			"to": [9.25, 16, 17.75],
			"rotation": {"angle": 0, "axis": "x", "origin": [8.25, 13, 17.75]},
			"faces": {
				"north": {"uv": [9, 0, 11.5, 3], "texture": "#particle"},
				"east": {"uv": [9, 5.5, 0, 8.5], "texture": "#particle"},
				"south": {"uv": [9, 0, 11.5, 3], "texture": "#particle"},
				"west": {"uv": [0, 0, 9, 3], "texture": "#particle"},
				"up": {"uv": [0, 3, 9, 5.5], "rotation": 90, "texture": "#particle"},
				"down": {"uv": [0, 2.5, 9, 3], "rotation": 270, "texture": "#particle"}
			}
		},
		{
			"from": [7, 17, 15.75],
			"to": [9, 17, 18.75],
			"rotation": {"angle": 0, "axis": "x", "origin": [8.5, 17, 24.75]},
			"faces": {
				"north": {"uv": [16, 7.5, 14, 12], "texture": "#particle"},
				"east": {"uv": [10, 6, 0, 9.5], "texture": "#particle"},
				"south": {"uv": [14, 7.5, 16, 12], "texture": "#particle"},
				"west": {"uv": [0, 0, 10, 3.5], "texture": "#particle"},
				"up": {"uv": [13, 14, 16, 16], "rotation": 90, "texture": "#particle"},
				"down": {"uv": [16, 14, 13, 16], "rotation": 90, "texture": "#particle"}
			}
		},
		{
			"from": [7, 16, 8.75],
			"to": [7, 17, 17.75],
			"rotation": {"angle": 0, "axis": "x", "origin": [8.5, 16, 17.75]},
			"faces": {
				"north": {"uv": [6.5, 0, 7.5, 1.66667], "texture": "#particle"},
				"east": {"uv": [9, 10.5, 0, 11.5], "texture": "#particle"},
				"south": {"uv": [6.5, 1.66667, 7.5, 3.33333], "texture": "#particle"},
				"west": {"uv": [0, 10.5, 9, 11.5], "texture": "#particle"},
				"up": {"uv": [6.25, 7.66667, 12.75, 9], "rotation": 90, "texture": "#particle"},
				"down": {"uv": [0, 4.66667, 6.5, 6], "rotation": 270, "texture": "#particle"}
			}
		},
		{
			"from": [7, 12.5, 17.75],
			"to": [7, 17, 20.25],
			"rotation": {"angle": 0, "axis": "x", "origin": [8.5, 12.5, 26.75]},
			"faces": {
				"north": {"uv": [6.5, 0, 7.5, 1.66667], "texture": "#particle"},
				"east": {"uv": [2.5, 11.5, 0, 16], "texture": "#particle"},
				"south": {"uv": [6.5, 1.66667, 7.5, 3.33333], "texture": "#particle"},
				"west": {"uv": [0, 11.5, 2.5, 16], "texture": "#particle"},
				"up": {"uv": [6.25, 7.66667, 12.75, 9], "rotation": 90, "texture": "#particle"},
				"down": {"uv": [0, 4.66667, 6.5, 6], "rotation": 270, "texture": "#particle"}
			}
		},
		{
			"from": [9, 12.5, 17.75],
			"to": [9, 17, 20.25],
			"rotation": {"angle": 0, "axis": "x", "origin": [10.5, 12.5, 26.75]},
			"faces": {
				"north": {"uv": [6.5, 0, 7.5, 1.66667], "texture": "#particle"},
				"east": {"uv": [2.5, 11.5, 0, 16], "texture": "#particle"},
				"south": {"uv": [6.5, 1.66667, 7.5, 3.33333], "texture": "#particle"},
				"west": {"uv": [0, 11.5, 2.5, 16], "texture": "#particle"},
				"up": {"uv": [6.25, 7.66667, 12.75, 9], "rotation": 90, "texture": "#particle"},
				"down": {"uv": [0, 4.66667, 6.5, 6], "rotation": 270, "texture": "#particle"}
			}
		},
		{
			"from": [9, 16, 8.75],
			"to": [9, 17, 17.75],
			"rotation": {"angle": 0, "axis": "x", "origin": [10.5, 16, 17.75]},
			"faces": {
				"north": {"uv": [6.5, 0, 7.5, 1.66667], "texture": "#particle"},
				"east": {"uv": [9, 10.5, 0, 11.5], "texture": "#particle"},
				"south": {"uv": [6.5, 1.66667, 7.5, 3.33333], "texture": "#particle"},
				"west": {"uv": [0, 10.5, 9, 11.5], "texture": "#particle"},
				"up": {"uv": [6.25, 7.66667, 12.75, 9], "rotation": 90, "texture": "#particle"},
				"down": {"uv": [0, 4.66667, 6.5, 6], "rotation": 270, "texture": "#particle"}
			}
		},
		{
			"from": [8, 16, 14.25],
			"to": [8, 17, 15.25],
			"rotation": {"angle": 0, "axis": "x", "origin": [9.5, 16, 21.25]},
			"faces": {
				"north": {"uv": [6.5, 0, 7.5, 1.66667], "texture": "#particle"},
				"east": {"uv": [13.5, 9, 12.5, 10], "texture": "#particle"},
				"south": {"uv": [6.5, 1.66667, 7.5, 3.33333], "texture": "#particle"},
				"west": {"uv": [12.5, 9, 13.5, 10], "texture": "#particle"},
				"up": {"uv": [6.25, 7.66667, 12.75, 9], "rotation": 90, "texture": "#particle"},
				"down": {"uv": [0, 4.66667, 6.5, 6], "rotation": 270, "texture": "#particle"}
			}
		},
		{
			"from": [7, 13.25, -0.25],
			"to": [9, 15.25, 7.75],
			"rotation": {"angle": 0, "axis": "x", "origin": [8, 12.25, 1.75]},
			"faces": {
				"north": {"uv": [11.5, 0, 13.5, 2], "texture": "#particle"},
				"east": {"uv": [8, 8.5, 0, 10.5], "texture": "#particle"},
				"south": {"uv": [11.5, 0, 13.5, 2], "texture": "#particle"},
				"west": {"uv": [0, 8.5, 8, 10.5], "texture": "#particle"},
				"up": {"uv": [0, 8.5, 8, 10.5], "rotation": 90, "texture": "#particle"},
				"down": {"uv": [0, 8.5, 8, 10.5], "rotation": 270, "texture": "#particle"}
			}
		},
		{
			"from": [7.25, 13.5, 7.75],
			"to": [8.75, 15, 8.75],
			"rotation": {"angle": 0, "axis": "x", "origin": [8.25, 12.5, 9.75]},
			"faces": {
				"north": {"uv": [13.5, 1.5, 15, 3], "texture": "#particle"},
				"east": {"uv": [13.5, 10, 12.5, 11.5], "texture": "#particle"},
				"west": {"uv": [12.5, 10, 13.5, 11.5], "texture": "#particle"},
				"up": {"uv": [12.5, 10, 13.5, 11.5], "rotation": 90, "texture": "#particle"},
				"down": {"uv": [12.5, 10, 13.5, 11.5], "rotation": 270, "texture": "#particle"}
			}
		}
	],
	"display": {
		"thirdperson_righthand": {
			"rotation": [1.5, -0.5, -1.5],
			"translation": [-0.25, -3.75, -3.25],
			"scale": [0.8, 0.8, 0.8]
		},
		"thirdperson_lefthand": {
			"rotation": [1.5, -0.5, -1.5],
			"translation": [-0.25, -3.75, -3.25],
			"scale": [0.8, 0.8, 0.8]
		},
		"firstperson_righthand": {
			"rotation": [22, 5, 6],
			"translation": [2, -1.5, -13.25]
		},
		"firstperson_lefthand": {
			"rotation": [22, 5, 6],
			"translation": [2, -1.5, -13.25]
		},
		"ground": {
			"rotation": [0, 0, 90],
			"translation": [2.75, -1.75, -3.75],
			"scale": [0.8, 0.8, 0.8]
		},
		"gui": {
			"rotation": [-35, 135, 5],
			"translation": [-1.5, -1.75, 0],
			"scale": [0.85, 0.85, 0.85]
		},
		"head": {
			"rotation": [90, 20, 90],
			"translation": [2.25, -2, 7.5]
		},
		"fixed": {
			"rotation": [0, 90, 0],
			"translation": [-1.5, -3.75, -1]
		}
	}
}