{
	"credit": "Made with Blockbench",
	"texture_size": [32, 32],
	"textures": {
		"0": "customization:quiver",
		"particle": "customization:quiver"
	},
	"elements": [
		{
			"from": [4, 0, 4.01],
			"to": [12, 12, 4.01],
			"faces": {
				"north": {"uv": [0, 0, 4, 6], "texture": "#0"},
				"east": {"uv": [0, 6, 2, 12], "texture": "#0"},
				"south": {"uv": [4, 0, 8, 6], "texture": "#0"},
				"west": {"uv": [2, 6, 4, 12], "texture": "#0"},
				"up": {"uv": [12, 5, 8, 3], "texture": "#0"},
				"down": {"uv": [8, 9, 4, 11], "texture": "#0"}
			}
		},
		{
			"from": [4, 0, 12],
			"to": [12, 12, 12],
			"faces": {
				"north": {"uv": [0, 0, 4, 6], "texture": "#0"},
				"east": {"uv": [0, 6, 2, 12], "texture": "#0"},
				"south": {"uv": [4, 0, 8, 6], "texture": "#0"},
				"west": {"uv": [2, 6, 4, 12], "texture": "#0"},
				"up": {"uv": [12, 5, 8, 3], "texture": "#0"},
				"down": {"uv": [8, 9, 4, 11], "texture": "#0"}
			}
		},
		{
			"from": [12, 0, 4],
			"to": [12, 12, 12],
			"faces": {
				"north": {"uv": [0, 0, 4, 6], "texture": "#0"},
				"east": {"uv": [0, 6, 2, 12], "texture": "#0"},
				"south": {"uv": [4, 0, 8, 6], "texture": "#0"},
				"west": {"uv": [2, 6, 4, 12], "rotation": 180, "texture": "#0"},
				"up": {"uv": [12, 5, 8, 3], "texture": "#0"},
				"down": {"uv": [8, 9, 4, 11], "texture": "#0"}
			}
		},
		{
			"from": [4, 0, 4],
			"to": [4, 12, 12],
			"faces": {
				"north": {"uv": [0, 0, 4, 6], "texture": "#0"},
				"east": {"uv": [0, 6, 2, 12], "rotation": 180, "texture": "#0"},
				"south": {"uv": [4, 0, 8, 6], "texture": "#0"},
				"west": {"uv": [2, 6, 4, 12], "texture": "#0"},
				"up": {"uv": [12, 5, 8, 3], "texture": "#0"},
				"down": {"uv": [8, 9, 4, 11], "texture": "#0"}
			}
		},
		{
			"from": [4, -3, 3.99],
			"to": [17, 0, 3.99],
			"rotation": {"angle": 45, "axis": "z", "origin": [0, 0, 0]},
			"faces": {
				"north": {"uv": [4, 6, 10.5, 7.5], "texture": "#0"},
				"east": {"uv": [8, 9, 9.5, 10.5], "texture": "#0"},
				"south": {"uv": [4, 7.5, 10.5, 9], "texture": "#0"},
				"west": {"uv": [9.5, 9, 11, 10.5], "texture": "#0"},
				"up": {"uv": [14.5, 1.5, 8, 0], "texture": "#0"},
				"down": {"uv": [14.5, 1.5, 8, 3], "texture": "#0"}
			}
		},
		{
			"from": [4, -3, 1],
			"to": [17, 0, 1],
			"rotation": {"angle": 45, "axis": "z", "origin": [0, 0, 0]},
			"faces": {
				"north": {"uv": [4, 6, 10.5, 7.5], "texture": "#0"},
				"east": {"uv": [8, 9, 9.5, 10.5], "texture": "#0"},
				"south": {"uv": [4, 7.5, 10.5, 9], "texture": "#0"},
				"west": {"uv": [9.5, 9, 11, 10.5], "texture": "#0"},
				"up": {"uv": [14.5, 1.5, 8, 0], "texture": "#0"},
				"down": {"uv": [14.5, 1.5, 8, 3], "texture": "#0"}
			}
		},
		{
			"from": [4, 0, 1],
			"to": [17, 0, 4],
			"rotation": {"angle": 45, "axis": "z", "origin": [0, 0, 0]},
			"faces": {
				"north": {"uv": [4, 6, 10.5, 7.5], "texture": "#0"},
				"east": {"uv": [8, 9, 9.5, 10.5], "texture": "#0"},
				"south": {"uv": [4, 7.5, 10.5, 9], "texture": "#0"},
				"west": {"uv": [9.5, 9, 11, 10.5], "texture": "#0"},
				"up": {"uv": [14.5, 1.5, 8, 0], "texture": "#0"},
				"down": {"uv": [14.5, 1.5, 8, 3], "texture": "#0"}
			}
		},
		{
			"from": [4, -3, 1],
			"to": [17, -3, 4],
			"rotation": {"angle": 45, "axis": "z", "origin": [0, 0, 0]},
			"faces": {
				"north": {"uv": [4, 6, 10.5, 7.5], "texture": "#0"},
				"east": {"uv": [8, 9, 9.5, 10.5], "texture": "#0"},
				"south": {"uv": [4, 7.5, 10.5, 9], "texture": "#0"},
				"west": {"uv": [9.5, 9, 11, 10.5], "texture": "#0"},
				"up": {"uv": [14.5, 1.5, 8, 0], "texture": "#0"},
				"down": {"uv": [14.5, 1.5, 8, 3], "texture": "#0"}
			}
		},
		{
			"from": [4, -3, 1],
			"to": [4, 0, 4],
			"rotation": {"angle": 45, "axis": "z", "origin": [0, 0, 0]},
			"faces": {
				"north": {"uv": [4, 6, 10.5, 7.5], "texture": "#0"},
				"east": {"uv": [8, 9, 9.5, 10.5], "texture": "#0"},
				"south": {"uv": [4, 7.5, 10.5, 9], "texture": "#0"},
				"west": {"uv": [9.5, 9, 11, 10.5], "texture": "#0"},
				"up": {"uv": [14.5, 1.5, 8, 0], "texture": "#0"},
				"down": {"uv": [14.5, 1.5, 8, 3], "texture": "#0"}
			}
		},
		{
			"from": [4, -3, 4],
			"to": [17, 0, 4],
			"rotation": {"angle": 45, "axis": "z", "origin": [0, 0, 0]},
			"faces": {
				"north": {"uv": [4, 6, 10.5, 7.5], "texture": "#0"},
				"east": {"uv": [8, 9, 9.5, 10.5], "texture": "#0"},
				"south": {"uv": [4, 7.5, 10.5, 9], "texture": "#0"},
				"west": {"uv": [9.5, 9, 11, 10.5], "texture": "#0"},
				"up": {"uv": [14.5, 1.5, 8, 0], "texture": "#0"},
				"down": {"uv": [14.5, 1.5, 8, 3], "texture": "#0"}
			}
		}
	],
	"display": {
		"thirdperson_righthand": {
			"translation": [0, 0, 1.75],
			"scale": [0.5, 0.5, 0.5]
		},
		"thirdperson_lefthand": {
			"translation": [0, 0, 1.75],
			"scale": [0.5, 0.5, 0.5]
		},
		"gui": {
			"rotation": [0, 150, 0],
			"translation": [1, 0.75, 0],
			"scale": [0.75, 0.75, 0.75]
		},
		"head": {
			"rotation": [-30, -180, 0],
			"translation": [0, -42.5, 3],
			"scale": [1.5, 1.5, 1.5]
		}
	}
}