{
	"credit": "Made with Blockbench",
	"texture_size": [32, 32],
	"textures": {
		"0": "customization:quiver",
		"1": "customization:quiver_arrow",
		"particle": "customization:quiver"
	},
	"elements": [
		{
			"from": [4, 0, 4.01],
			"to": [12, 12, 4.01],
			"faces": {
				"north": {"uv": [0, 0, 4, 6], "texture": "#0"},
				"east": {"uv": [0, 6, 2, 12], "texture": "#0"},
				"south": {"uv": [4, 0, 8, 6], "texture": "#0"},
				"west": {"uv": [2, 6, 4, 12], "texture": "#0"},
				"up": {"uv": [12, 5, 8, 3], "texture": "#0"},
				"down": {"uv": [8, 9, 4, 11], "texture": "#0"}
			}
		},
		{
			"from": [4, 0, 12],
			"to": [12, 12, 12],
			"faces": {
				"north": {"uv": [0, 0, 4, 6], "texture": "#0"},
				"east": {"uv": [0, 6, 2, 12], "texture": "#0"},
				"south": {"uv": [4, 0, 8, 6], "texture": "#0"},
				"west": {"uv": [2, 6, 4, 12], "texture": "#0"},
				"up": {"uv": [12, 5, 8, 3], "texture": "#0"},
				"down": {"uv": [8, 9, 4, 11], "texture": "#0"}
			}
		},
		{
			"from": [12, 0, 4],
			"to": [12, 12, 12],
			"faces": {
				"north": {"uv": [0, 0, 4, 6], "texture": "#0"},
				"east": {"uv": [0, 6, 2, 12], "texture": "#0"},
				"south": {"uv": [4, 0, 8, 6], "texture": "#0"},
				"west": {"uv": [2, 6, 4, 12], "rotation": 180, "texture": "#0"},
				"up": {"uv": [12, 5, 8, 3], "texture": "#0"},
				"down": {"uv": [8, 9, 4, 11], "texture": "#0"}
			}
		},
		{
			"from": [4, 0, 4],
			"to": [4, 12, 12],
			"faces": {
				"north": {"uv": [0, 0, 4, 6], "texture": "#0"},
				"east": {"uv": [0, 6, 2, 12], "rotation": 180, "texture": "#0"},
				"south": {"uv": [4, 0, 8, 6], "texture": "#0"},
				"west": {"uv": [2, 6, 4, 12], "texture": "#0"},
				"up": {"uv": [12, 5, 8, 3], "texture": "#0"},
				"down": {"uv": [8, 9, 4, 11], "texture": "#0"}
			}
		},
		{
			"from": [4, -3, 3.99],
			"to": [17, 0, 3.99],
			"rotation": {"angle": 45, "axis": "z", "origin": [0, 0, 0]},
			"faces": {
				"north": {"uv": [4, 6, 10.5, 7.5], "texture": "#0"},
				"east": {"uv": [8, 9, 9.5, 10.5], "texture": "#0"},
				"south": {"uv": [4, 7.5, 10.5, 9], "texture": "#0"},
				"west": {"uv": [9.5, 9, 11, 10.5], "texture": "#0"},
				"up": {"uv": [14.5, 1.5, 8, 0], "texture": "#0"},
				"down": {"uv": [14.5, 1.5, 8, 3], "texture": "#0"}
			}
		},
		{
			"from": [4, -3, 1],
			"to": [17, 0, 1],
			"rotation": {"angle": 45, "axis": "z", "origin": [0, 0, 0]},
			"faces": {
				"north": {"uv": [4, 6, 10.5, 7.5], "texture": "#0"},
				"east": {"uv": [8, 9, 9.5, 10.5], "texture": "#0"},
				"south": {"uv": [4, 7.5, 10.5, 9], "texture": "#0"},
				"west": {"uv": [9.5, 9, 11, 10.5], "texture": "#0"},
				"up": {"uv": [14.5, 1.5, 8, 0], "texture": "#0"},
				"down": {"uv": [14.5, 1.5, 8, 3], "texture": "#0"}
			}
		},
		{
			"from": [4, 0, 1],
			"to": [17, 0, 4],
			"rotation": {"angle": 45, "axis": "z", "origin": [0, 0, 0]},
			"faces": {
				"north": {"uv": [4, 6, 10.5, 7.5], "texture": "#0"},
				"east": {"uv": [8, 9, 9.5, 10.5], "texture": "#0"},
				"south": {"uv": [4, 7.5, 10.5, 9], "texture": "#0"},
				"west": {"uv": [9.5, 9, 11, 10.5], "texture": "#0"},
				"up": {"uv": [14.5, 1.5, 8, 0], "texture": "#0"},
				"down": {"uv": [14.5, 1.5, 8, 3], "texture": "#0"}
			}
		},
		{
			"from": [4, -3, 1],
			"to": [17, -3, 4],
			"rotation": {"angle": 45, "axis": "z", "origin": [0, 0, 0]},
			"faces": {
				"north": {"uv": [4, 6, 10.5, 7.5], "texture": "#0"},
				"east": {"uv": [8, 9, 9.5, 10.5], "texture": "#0"},
				"south": {"uv": [4, 7.5, 10.5, 9], "texture": "#0"},
				"west": {"uv": [9.5, 9, 11, 10.5], "texture": "#0"},
				"up": {"uv": [14.5, 1.5, 8, 0], "texture": "#0"},
				"down": {"uv": [14.5, 1.5, 8, 3], "texture": "#0"}
			}
		},
		{
			"from": [4, -3, 1],
			"to": [4, 0, 4],
			"rotation": {"angle": 45, "axis": "z", "origin": [0, 0, 0]},
			"faces": {
				"north": {"uv": [4, 6, 10.5, 7.5], "texture": "#0"},
				"east": {"uv": [8, 9, 9.5, 10.5], "texture": "#0"},
				"south": {"uv": [4, 7.5, 10.5, 9], "texture": "#0"},
				"west": {"uv": [9.5, 9, 11, 10.5], "texture": "#0"},
				"up": {"uv": [14.5, 1.5, 8, 0], "texture": "#0"},
				"down": {"uv": [14.5, 1.5, 8, 3], "texture": "#0"}
			}
		},
		{
			"from": [4, -3, 4],
			"to": [17, 0, 4],
			"rotation": {"angle": 45, "axis": "z", "origin": [0, 0, 0]},
			"faces": {
				"north": {"uv": [4, 6, 10.5, 7.5], "texture": "#0"},
				"east": {"uv": [8, 9, 9.5, 10.5], "texture": "#0"},
				"south": {"uv": [4, 7.5, 10.5, 9], "texture": "#0"},
				"west": {"uv": [9.5, 9, 11, 10.5], "texture": "#0"},
				"up": {"uv": [14.5, 1.5, 8, 0], "texture": "#0"},
				"down": {"uv": [14.5, 1.5, 8, 3], "texture": "#0"}
			}
		},
		{
			"name": "arrow_0",
			"from": [3.7, 4.5, 0.6],
			"to": [5.2, 5, 1.1],
			"rotation": {"angle": 45, "axis": "z", "origin": [1, 19.2, 1]},
			"faces": {
				"north": {"uv": [1.5, 0, 0, 0.5], "rotation": 180, "texture": "#1"},
				"east": {"uv": [0, 0, 0.5, 0.5], "rotation": 90, "texture": "#1"},
				"south": {"uv": [0, 0, 1.5, 0.5], "rotation": 180, "texture": "#1"},
				"west": {"uv": [1, 0, 1.5, 0.5], "rotation": 270, "texture": "#1"},
				"up": {"uv": [0, 0.5, 1.5, 0], "rotation": 180, "texture": "#1"},
				"down": {"uv": [0, 0, 1.5, 0.5], "rotation": 180, "texture": "#1"}
			}
		},
		{
			"name": "arrow_1",
			"from": [3.2, 4.5, 1.1],
			"to": [4.7, 5, 2.6],
			"rotation": {"angle": 45, "axis": "z", "origin": [1, 19.2, 1]},
			"faces": {
				"north": {"uv": [2, 0.5, 0.5, 1], "rotation": 180, "texture": "#1"},
				"east": {"uv": [0.5, 0.5, 1, 2], "rotation": 90, "texture": "#1"},
				"south": {"uv": [0.5, 1.5, 2, 2], "rotation": 180, "texture": "#1"},
				"west": {"uv": [1.5, 0.5, 2, 2], "rotation": 270, "texture": "#1"},
				"up": {"uv": [0.5, 2, 2, 0.5], "rotation": 180, "texture": "#1"},
				"down": {"uv": [0.5, 0.5, 2, 2], "rotation": 180, "texture": "#1"}
			}
		},
		{
			"name": "arrow_2",
			"from": [3.2, 4, 1.6],
			"to": [4.7, 5.5, 2.1],
			"rotation": {"angle": 45, "axis": "z", "origin": [1, 19.2, 1]},
			"faces": {
				"north": {"uv": [0.5, 2, 2, 0.5], "texture": "#1"},
				"east": {"uv": [0.5, 0.5, 1, 2], "rotation": 180, "texture": "#1"},
				"south": {"uv": [0.5, 0.5, 2, 2], "rotation": 180, "texture": "#1"},
				"west": {"uv": [1.5, 0.5, 2, 2], "rotation": 180, "texture": "#1"},
				"up": {"uv": [0.5, 1.5, 2, 2], "rotation": 180, "texture": "#1"},
				"down": {"uv": [2, 0.5, 0.5, 1], "texture": "#1"}
			}
		},
		{
			"name": "arrow_2",
			"from": [-2.3, 4.5, 1.1],
			"to": [-1.3, 5, 2.6],
			"rotation": {"angle": 45, "axis": "z", "origin": [1, 19.2, 1]},
			"faces": {
				"north": {"uv": [7.5, 0.5, 6.5, 1], "rotation": 180, "texture": "#1"},
				"east": {"uv": [6.5, 0.5, 7, 2], "rotation": 90, "texture": "#1"},
				"south": {"uv": [6.5, 1.5, 7.5, 2], "rotation": 180, "texture": "#1"},
				"west": {"uv": [7, 0.5, 7.5, 2], "rotation": 270, "texture": "#1"},
				"up": {"uv": [6.5, 2, 7.5, 0.5], "rotation": 180, "texture": "#1"},
				"down": {"uv": [6.5, 0.5, 7.5, 2], "rotation": 180, "texture": "#1"}
			}
		},
		{
			"name": "arrow_3",
			"from": [-2.3, 4, 1.6],
			"to": [-1.3, 5.5, 2.1],
			"rotation": {"angle": 45, "axis": "z", "origin": [1, 19.2, 1]},
			"faces": {
				"north": {"uv": [6.5, 2, 7.5, 0.5], "texture": "#1"},
				"east": {"uv": [6.5, 0.5, 7, 2], "rotation": 180, "texture": "#1"},
				"south": {"uv": [6.5, 0.5, 7.5, 2], "rotation": 180, "texture": "#1"},
				"west": {"uv": [7, 0.5, 7.5, 2], "rotation": 180, "texture": "#1"},
				"up": {"uv": [6.5, 1.5, 7.5, 2], "rotation": 180, "texture": "#1"},
				"down": {"uv": [7.5, 0.5, 6.5, 1], "texture": "#1"}
			}
		},
		{
			"name": "arrow_3",
			"from": [4.7, 4.5, 1.6],
			"to": [5.2, 5, 2.1],
			"rotation": {"angle": 45, "axis": "z", "origin": [1, 19.2, 1]},
			"faces": {
				"north": {"uv": [0.5, 1, 0, 1.5], "rotation": 180, "texture": "#1"},
				"east": {"uv": [0, 1, 0.5, 1.5], "rotation": 90, "texture": "#1"},
				"south": {"uv": [0, 1, 0.5, 1.5], "rotation": 180, "texture": "#1"},
				"west": {"uv": [0, 1, 0.5, 1.5], "rotation": 270, "texture": "#1"},
				"up": {"uv": [0, 1.5, 0.5, 1], "rotation": 180, "texture": "#1"},
				"down": {"uv": [0, 1, 0.5, 1.5], "rotation": 180, "texture": "#1"}
			}
		},
		{
			"name": "arrow_4",
			"from": [-1.3, 4.5, 1.6],
			"to": [3.2, 5, 2.1],
			"rotation": {"angle": 45, "axis": "z", "origin": [1, 19.2, 1]},
			"faces": {
				"north": {"uv": [6.5, 1, 2, 1.5], "rotation": 180, "texture": "#1"},
				"east": {"uv": [2, 1, 2.5, 1.5], "rotation": 90, "texture": "#1"},
				"south": {"uv": [2, 1, 6.5, 1.5], "rotation": 180, "texture": "#1"},
				"west": {"uv": [6, 1, 6.5, 1.5], "rotation": 270, "texture": "#1"},
				"up": {"uv": [2, 1.5, 6.5, 1], "rotation": 180, "texture": "#1"},
				"down": {"uv": [2, 1, 6.5, 1.5], "rotation": 180, "texture": "#1"}
			}
		},
		{
			"name": "arrow_5",
			"from": [-2.8, 4.5, 1.6],
			"to": [-2.3, 5, 2.1],
			"rotation": {"angle": 45, "axis": "z", "origin": [1, 19.2, 1]},
			"faces": {
				"north": {"uv": [8, 1, 7.5, 1.5], "rotation": 180, "texture": "#1"},
				"east": {"uv": [7.5, 1, 8, 1.5], "rotation": 90, "texture": "#1"},
				"south": {"uv": [7.5, 1, 8, 1.5], "rotation": 180, "texture": "#1"},
				"west": {"uv": [7.5, 1, 8, 1.5], "rotation": 270, "texture": "#1"},
				"up": {"uv": [7.5, 1.5, 8, 1], "rotation": 180, "texture": "#1"},
				"down": {"uv": [7.5, 1, 8, 1.5], "rotation": 180, "texture": "#1"}
			}
		},
		{
			"name": "arrow_6",
			"from": [3.7, 4.5, 2.6],
			"to": [5.2, 5, 3.1],
			"rotation": {"angle": 45, "axis": "z", "origin": [1, 19.2, 1]},
			"faces": {
				"north": {"uv": [1.5, 2, 0, 2.5], "rotation": 180, "texture": "#1"},
				"east": {"uv": [0, 2, 0.5, 2.5], "rotation": 90, "texture": "#1"},
				"south": {"uv": [0, 2, 1.5, 2.5], "rotation": 180, "texture": "#1"},
				"west": {"uv": [1, 2, 1.5, 2.5], "rotation": 270, "texture": "#1"},
				"up": {"uv": [0, 2.5, 1.5, 2], "rotation": 180, "texture": "#1"},
				"down": {"uv": [0, 2, 1.5, 2.5], "rotation": 180, "texture": "#1"}
			}
		},
		{
			"name": "arrow_7",
			"from": [3.7, 5.5, 1.6],
			"to": [5.2, 6, 2.1],
			"rotation": {"angle": 45, "axis": "z", "origin": [1, 19.2, 1]},
			"faces": {
				"north": {"uv": [0, 2.5, 1.5, 2], "texture": "#1"},
				"east": {"uv": [0, 2, 0.5, 2.5], "rotation": 180, "texture": "#1"},
				"south": {"uv": [0, 2, 1.5, 2.5], "rotation": 180, "texture": "#1"},
				"west": {"uv": [1, 2, 1.5, 2.5], "rotation": 180, "texture": "#1"},
				"up": {"uv": [0, 2, 1.5, 2.5], "rotation": 180, "texture": "#1"},
				"down": {"uv": [1.5, 2, 0, 2.5], "texture": "#1"}
			}
		},
		{
			"name": "arrow_1",
			"from": [3.7, 3.5, 1.6],
			"to": [5.2, 4, 2.1],
			"rotation": {"angle": 45, "axis": "z", "origin": [1, 19.2, 1]},
			"faces": {
				"north": {"uv": [0, 0.5, 1.5, 0], "texture": "#1"},
				"east": {"uv": [0, 0, 0.5, 0.5], "rotation": 180, "texture": "#1"},
				"south": {"uv": [0, 0, 1.5, 0.5], "rotation": 180, "texture": "#1"},
				"west": {"uv": [1, 0, 1.5, 0.5], "rotation": 180, "texture": "#1"},
				"up": {"uv": [0, 0, 1.5, 0.5], "rotation": 180, "texture": "#1"},
				"down": {"uv": [1.5, 0, 0, 0.5], "texture": "#1"}
			}
		},
		{
			"name": "arrow_1",
			"from": [4.4, 5.3, 2],
			"to": [5.9, 5.8, 2.5],
			"rotation": {"angle": 45, "axis": "z", "origin": [1, 19.2, 1]},
			"faces": {
				"north": {"uv": [1.5, 0, 0, 0.5], "rotation": 180, "texture": "#1"},
				"east": {"uv": [0, 0, 0.5, 0.5], "rotation": 90, "texture": "#1"},
				"south": {"uv": [0, 0, 1.5, 0.5], "rotation": 180, "texture": "#1"},
				"west": {"uv": [1, 0, 1.5, 0.5], "rotation": 270, "texture": "#1"},
				"up": {"uv": [0, 0.5, 1.5, 0], "rotation": 180, "texture": "#1"},
				"down": {"uv": [0, 0, 1.5, 0.5], "rotation": 180, "texture": "#1"}
			}
		},
		{
			"name": "arrow_2",
			"from": [3.9, 5.3, 2.5],
			"to": [5.4, 5.8, 4],
			"rotation": {"angle": 45, "axis": "z", "origin": [1, 19.2, 1]},
			"faces": {
				"north": {"uv": [2, 0.5, 0.5, 1], "rotation": 180, "texture": "#1"},
				"east": {"uv": [0.5, 0.5, 1, 2], "rotation": 90, "texture": "#1"},
				"south": {"uv": [0.5, 1.5, 2, 2], "rotation": 180, "texture": "#1"},
				"west": {"uv": [1.5, 0.5, 2, 2], "rotation": 270, "texture": "#1"},
				"up": {"uv": [0.5, 2, 2, 0.5], "rotation": 180, "texture": "#1"},
				"down": {"uv": [0.5, 0.5, 2, 2], "rotation": 180, "texture": "#1"}
			}
		},
		{
			"name": "arrow_3",
			"from": [3.9, 4.8, 3],
			"to": [5.4, 6.3, 3.5],
			"rotation": {"angle": 45, "axis": "z", "origin": [1, 19.2, 1]},
			"faces": {
				"north": {"uv": [0.5, 2, 2, 0.5], "texture": "#1"},
				"east": {"uv": [0.5, 0.5, 1, 2], "rotation": 180, "texture": "#1"},
				"south": {"uv": [0.5, 0.5, 2, 2], "rotation": 180, "texture": "#1"},
				"west": {"uv": [1.5, 0.5, 2, 2], "rotation": 180, "texture": "#1"},
				"up": {"uv": [0.5, 1.5, 2, 2], "rotation": 180, "texture": "#1"},
				"down": {"uv": [2, 0.5, 0.5, 1], "texture": "#1"}
			}
		},
		{
			"name": "arrow_3",
			"from": [-1.6, 5.3, 2.5],
			"to": [-0.6, 5.8, 4],
			"rotation": {"angle": 45, "axis": "z", "origin": [1, 19.2, 1]},
			"faces": {
				"north": {"uv": [7.5, 0.5, 6.5, 1], "rotation": 180, "texture": "#1"},
				"east": {"uv": [6.5, 0.5, 7, 2], "rotation": 90, "texture": "#1"},
				"south": {"uv": [6.5, 1.5, 7.5, 2], "rotation": 180, "texture": "#1"},
				"west": {"uv": [7, 0.5, 7.5, 2], "rotation": 270, "texture": "#1"},
				"up": {"uv": [6.5, 2, 7.5, 0.5], "rotation": 180, "texture": "#1"},
				"down": {"uv": [6.5, 0.5, 7.5, 2], "rotation": 180, "texture": "#1"}
			}
		},
		{
			"name": "arrow_4",
			"from": [-1.6, 4.8, 3],
			"to": [-0.6, 6.3, 3.5],
			"rotation": {"angle": 45, "axis": "z", "origin": [1, 19.2, 1]},
			"faces": {
				"north": {"uv": [6.5, 2, 7.5, 0.5], "texture": "#1"},
				"east": {"uv": [6.5, 0.5, 7, 2], "rotation": 180, "texture": "#1"},
				"south": {"uv": [6.5, 0.5, 7.5, 2], "rotation": 180, "texture": "#1"},
				"west": {"uv": [7, 0.5, 7.5, 2], "rotation": 180, "texture": "#1"},
				"up": {"uv": [6.5, 1.5, 7.5, 2], "rotation": 180, "texture": "#1"},
				"down": {"uv": [7.5, 0.5, 6.5, 1], "texture": "#1"}
			}
		},
		{
			"name": "arrow_4",
			"from": [5.4, 5.3, 3],
			"to": [5.9, 5.8, 3.5],
			"rotation": {"angle": 45, "axis": "z", "origin": [1, 19.2, 1]},
			"faces": {
				"north": {"uv": [0.5, 1, 0, 1.5], "rotation": 180, "texture": "#1"},
				"east": {"uv": [0, 1, 0.5, 1.5], "rotation": 90, "texture": "#1"},
				"south": {"uv": [0, 1, 0.5, 1.5], "rotation": 180, "texture": "#1"},
				"west": {"uv": [0, 1, 0.5, 1.5], "rotation": 270, "texture": "#1"},
				"up": {"uv": [0, 1.5, 0.5, 1], "rotation": 180, "texture": "#1"},
				"down": {"uv": [0, 1, 0.5, 1.5], "rotation": 180, "texture": "#1"}
			}
		},
		{
			"name": "arrow_5",
			"from": [-0.6, 5.3, 3],
			"to": [3.9, 5.8, 3.5],
			"rotation": {"angle": 45, "axis": "z", "origin": [1, 19.2, 1]},
			"faces": {
				"north": {"uv": [6.5, 1, 2, 1.5], "rotation": 180, "texture": "#1"},
				"east": {"uv": [2, 1, 2.5, 1.5], "rotation": 90, "texture": "#1"},
				"south": {"uv": [2, 1, 6.5, 1.5], "rotation": 180, "texture": "#1"},
				"west": {"uv": [6, 1, 6.5, 1.5], "rotation": 270, "texture": "#1"},
				"up": {"uv": [2, 1.5, 6.5, 1], "rotation": 180, "texture": "#1"},
				"down": {"uv": [2, 1, 6.5, 1.5], "rotation": 180, "texture": "#1"}
			}
		},
		{
			"name": "arrow_6",
			"from": [-2.1, 5.3, 3],
			"to": [-1.6, 5.8, 3.5],
			"rotation": {"angle": 45, "axis": "z", "origin": [1, 19.2, 1]},
			"faces": {
				"north": {"uv": [8, 1, 7.5, 1.5], "rotation": 180, "texture": "#1"},
				"east": {"uv": [7.5, 1, 8, 1.5], "rotation": 90, "texture": "#1"},
				"south": {"uv": [7.5, 1, 8, 1.5], "rotation": 180, "texture": "#1"},
				"west": {"uv": [7.5, 1, 8, 1.5], "rotation": 270, "texture": "#1"},
				"up": {"uv": [7.5, 1.5, 8, 1], "rotation": 180, "texture": "#1"},
				"down": {"uv": [7.5, 1, 8, 1.5], "rotation": 180, "texture": "#1"}
			}
		},
		{
			"name": "arrow_7",
			"from": [4.4, 5.3, 4],
			"to": [5.9, 5.8, 4.5],
			"rotation": {"angle": 45, "axis": "z", "origin": [1, 19.2, 1]},
			"faces": {
				"north": {"uv": [1.5, 2, 0, 2.5], "rotation": 180, "texture": "#1"},
				"east": {"uv": [0, 2, 0.5, 2.5], "rotation": 90, "texture": "#1"},
				"south": {"uv": [0, 2, 1.5, 2.5], "rotation": 180, "texture": "#1"},
				"west": {"uv": [1, 2, 1.5, 2.5], "rotation": 270, "texture": "#1"},
				"up": {"uv": [0, 2.5, 1.5, 2], "rotation": 180, "texture": "#1"},
				"down": {"uv": [0, 2, 1.5, 2.5], "rotation": 180, "texture": "#1"}
			}
		},
		{
			"name": "arrow_8",
			"from": [4.4, 6.3, 3],
			"to": [5.9, 6.8, 3.5],
			"rotation": {"angle": 45, "axis": "z", "origin": [1, 19.2, 1]},
			"faces": {
				"north": {"uv": [0, 2.5, 1.5, 2], "texture": "#1"},
				"east": {"uv": [0, 2, 0.5, 2.5], "rotation": 180, "texture": "#1"},
				"south": {"uv": [0, 2, 1.5, 2.5], "rotation": 180, "texture": "#1"},
				"west": {"uv": [1, 2, 1.5, 2.5], "rotation": 180, "texture": "#1"},
				"up": {"uv": [0, 2, 1.5, 2.5], "rotation": 180, "texture": "#1"},
				"down": {"uv": [1.5, 2, 0, 2.5], "texture": "#1"}
			}
		},
		{
			"name": "arrow_2",
			"from": [4.4, 4.3, 4],
			"to": [5.9, 4.8, 4.5],
			"rotation": {"angle": 45, "axis": "z", "origin": [1, 19.2, 1]},
			"faces": {
				"north": {"uv": [0, 0.5, 1.5, 0], "texture": "#1"},
				"east": {"uv": [0, 0, 0.5, 0.5], "rotation": 180, "texture": "#1"},
				"south": {"uv": [0, 0, 1.5, 0.5], "rotation": 180, "texture": "#1"},
				"west": {"uv": [1, 0, 1.5, 0.5], "rotation": 180, "texture": "#1"},
				"up": {"uv": [0, 0, 1.5, 0.5], "rotation": 180, "texture": "#1"},
				"down": {"uv": [1.5, 0, 0, 0.5], "texture": "#1"}
			}
		}
	],
	"display": {
		"thirdperson_righthand": {
			"translation": [0, 0, 1.75],
			"scale": [0.5, 0.5, 0.5]
		},
		"thirdperson_lefthand": {
			"translation": [0, 0, 1.75],
			"scale": [0.5, 0.5, 0.5]
		},
		"gui": {
			"rotation": [0, 150, 0],
			"translation": [1, 0.75, 0],
			"scale": [0.75, 0.75, 0.75]
		},
		"head": {
			"rotation": [-30, -180, 0],
			"translation": [0, -42.5, 3],
			"scale": [1.5, 1.5, 1.5]
		}
	}
}