{
	"credit": "Made with Blockbench",
	"parent": "item/generated",
	"textures": {
		"layer0": "items/iron_sword"
	},
	"display": {
		"thirdperson_righthand": {
			"rotation": [0, -90, 55],
			"translation": [0, 6, 0],
			"scale": [3, 3, 0.85]
		},
		"thirdperson_lefthand": {
			"rotation": [0, 90, -55],
			"translation": [0, 5, 0.5],
			"scale": [3, 3, 0.85]
		},
		"firstperson_righthand": {
			"rotation": [0, -90, 25],
			"translation": [1.13, 3.2, 1.13],
			"scale": [1.72, 1.72, 0.68]
		},
		"firstperson_lefthand": {
			"rotation": [0, 90, -25],
			"translation": [1.13, 3.2, 1.13],
			"scale": [1.72, 1.72, 0.68]
		},
		"ground": {
			"scale": [1.5, 1.5, 0.5]
		},
		"gui": {
			"scale": [4, 4, 1]
		},
		"fixed": {
			"scale": [3.99, 3.99, 2.1]
		}
	}
}