{
	"credit": "Made with Blockbench",
	"texture_size": [32, 32],
	"textures": {
		"0": "customization:electric_guitar/black",
		"1": "customization:quiver",
		"particle": "customization:electric_guitar/black"
	},
	"elements": [
		{
			"from": [4, 0, 3],
			"to": [12, 12, 3],
			"rotation": {"angle": 0, "axis": "y", "origin": [0, 0, 16]},
			"faces": {
				"north": {"uv": [8, 0, 4.5, 6], "texture": "#1"},
				"east": {"uv": [4, 12, 0, 24], "texture": "#1"},
				"south": {"uv": [4.5, 6, 8, 0], "rotation": 270, "texture": "#1"},
				"west": {"uv": [8, 12, 4, 24], "texture": "#1"},
				"up": {"uv": [24, 6, 16, 10], "texture": "#1"},
				"down": {"uv": [16, 22, 8, 18], "texture": "#missing"}
			}
		},
		{
			"from": [4, 0, 12],
			"to": [12, 12, 12],
			"rotation": {"angle": 0, "axis": "y", "origin": [16, 0, 16]},
			"faces": {
				"north": {"uv": [8, 6, 4.5, 0], "rotation": 90, "texture": "#1"},
				"east": {"uv": [4, 12, 8, 24], "texture": "#1"},
				"south": {"uv": [8, 5.5, 4.5, 0], "rotation": 180, "texture": "#1"},
				"west": {"uv": [0, 12, 4, 24], "texture": "#1"},
				"up": {"uv": [16, 6, 24, 10], "texture": "#1"},
				"down": {"uv": [8, 22, 16, 18], "texture": "#missing"}
			}
		},
		{
			"from": [4, 0, 3],
			"to": [4, 12, 12],
			"rotation": {"angle": 0, "axis": "y", "origin": [0, 0, 16]},
			"faces": {
				"north": {"uv": [16, 0, 8, 12], "texture": "#1"},
				"east": {"uv": [2, 6, 0, 11], "rotation": 180, "texture": "#1"},
				"south": {"uv": [8, 0, 0, 12], "texture": "#missing"},
				"west": {"uv": [2, 6, 0, 11], "rotation": 180, "texture": "#1"},
				"up": {"uv": [24, 6, 16, 10], "texture": "#1"},
				"down": {"uv": [16, 22, 8, 18], "texture": "#missing"}
			}
		},
		{
			"from": [12, 0, 3],
			"to": [12, 12, 12],
			"rotation": {"angle": 0, "axis": "y", "origin": [0, 0, 16]},
			"faces": {
				"north": {"uv": [16, 0, 8, 12], "texture": "#1"},
				"east": {"uv": [2, 6, 0, 11], "texture": "#1"},
				"south": {"uv": [8, 0, 0, 12], "texture": "#missing"},
				"west": {"uv": [2, 6, 0, 11], "texture": "#1"},
				"up": {"uv": [24, 6, 16, 10], "texture": "#1"},
				"down": {"uv": [16, 22, 8, 18], "texture": "#missing"}
			}
		},
		{
			"from": [-1.5, 2.78, 13.9],
			"to": [28.6, 3.06, 14.18],
			"rotation": {"angle": 0, "axis": "z", "origin": [16, 6, 14.8]},
			"faces": {
				"north": {"uv": [16, 16, 15.75, 0], "rotation": 180, "texture": "#0"},
				"east": {"uv": [15.75, 0, 15.95, 0.2], "rotation": 270, "texture": "#0"},
				"south": {"uv": [16, 16, 15.75, 0], "rotation": 180, "texture": "#0"},
				"west": {"uv": [15.75, 0, 15.95, 0.2], "rotation": 90, "texture": "#0"},
				"up": {"uv": [16, 16, 15.75, 0], "rotation": 90, "texture": "#0"},
				"down": {"uv": [16, 16, 15.75, 0], "rotation": 270, "texture": "#0"}
			}
		},
		{
			"from": [-7.8, -1, 11.8],
			"to": [-6.4, 4.6, 13.2],
			"rotation": {"angle": 0, "axis": "z", "origin": [16, 6, 14.8]},
			"faces": {
				"north": {"uv": [3.5, 13.5, 1.5, 13], "rotation": 90, "texture": "#0"},
				"east": {"uv": [1.5, 13, 3.5, 13.5], "rotation": 270, "texture": "#0"},
				"south": {"uv": [9, 13.5, 7, 13], "rotation": 270, "texture": "#0"},
				"west": {"uv": [1.5, 13, 3.5, 13.5], "rotation": 90, "texture": "#0"},
				"up": {"uv": [2, 13.5, 1.5, 13], "rotation": 270, "texture": "#0"},
				"down": {"uv": [3.5, 13.5, 3, 13], "rotation": 270, "texture": "#0"}
			}
		},
		{
			"from": [-6.4, -3.8, 11.8],
			"to": [-3.6, 7.4, 13.2],
			"rotation": {"angle": 0, "axis": "z", "origin": [16, 6, 14.8]},
			"faces": {
				"north": {"uv": [4.5, 13, 0.5, 12], "rotation": 90, "texture": "#0"},
				"east": {"uv": [0.5, 12, 4.5, 12.5], "rotation": 270, "texture": "#0"},
				"south": {"uv": [10, 13, 6, 12], "rotation": 270, "texture": "#0"},
				"west": {"uv": [0.5, 12.5, 4.5, 13], "rotation": 90, "texture": "#0"},
				"up": {"uv": [1, 13, 0.5, 12], "rotation": 270, "texture": "#0"},
				"down": {"uv": [4.5, 13, 4, 12], "rotation": 270, "texture": "#0"}
			}
		},
		{
			"from": [-3.6, -5.2, 11.8],
			"to": [2, 8.8, 13.2],
			"rotation": {"angle": 0, "axis": "z", "origin": [16, 6, 14.8]},
			"faces": {
				"north": {"uv": [5, 12, 0, 10], "rotation": 90, "texture": "#0"},
				"east": {"uv": [0, 10, 5, 10.5], "rotation": 270, "texture": "#0"},
				"south": {"uv": [10.5, 12, 5.5, 10], "rotation": 270, "texture": "#0"},
				"west": {"uv": [0, 11.5, 5, 12], "rotation": 90, "texture": "#0"},
				"up": {"uv": [0.5, 12, 0, 10], "rotation": 270, "texture": "#0"},
				"down": {"uv": [5, 12, 4.5, 10], "rotation": 270, "texture": "#0"}
			}
		},
		{
			"from": [2, -3.8, 11.8],
			"to": [4.8, 7.4, 13.2],
			"rotation": {"angle": 0, "axis": "z", "origin": [16, 6, 14.8]},
			"faces": {
				"north": {"uv": [4.5, 10, 0.5, 9], "rotation": 90, "texture": "#0"},
				"east": {"uv": [0.5, 9, 4.5, 9.5], "rotation": 270, "texture": "#0"},
				"south": {"uv": [10, 10, 6, 9], "rotation": 270, "texture": "#0"},
				"west": {"uv": [0.5, 9.5, 4.5, 10], "rotation": 90, "texture": "#0"},
				"up": {"uv": [1, 10, 0.5, 9], "rotation": 270, "texture": "#0"},
				"down": {"uv": [4.5, 10, 4, 9], "rotation": 270, "texture": "#0"}
			}
		},
		{
			"from": [4.8, -5.2, 11.8],
			"to": [9, 8.8, 13.2],
			"rotation": {"angle": 0, "axis": "z", "origin": [16, 6, 14.8]},
			"faces": {
				"north": {"uv": [5, 9, 0, 7.5], "rotation": 90, "texture": "#0"},
				"east": {"uv": [0, 7.5, 5, 8], "rotation": 270, "texture": "#0"},
				"south": {"uv": [10.5, 9, 5.5, 7.5], "rotation": 270, "texture": "#0"},
				"west": {"uv": [0, 8.5, 5, 9], "rotation": 90, "texture": "#0"},
				"up": {"uv": [0.5, 9, 0, 7.5], "rotation": 270, "texture": "#0"},
				"down": {"uv": [5, 9, 4.5, 7.5], "rotation": 270, "texture": "#0"}
			}
		},
		{
			"from": [11.8, 4.6, 11.8],
			"to": [13.2, 7.4, 13.2],
			"rotation": {"angle": 0, "axis": "z", "origin": [16, 6, 14.8]},
			"faces": {
				"north": {"uv": [1.5, 6.5, 0.5, 6], "rotation": 90, "texture": "#0"},
				"east": {"uv": [0.5, 6, 1.5, 6.5], "rotation": 270, "texture": "#0"},
				"south": {"uv": [7, 6.5, 6, 6], "rotation": 270, "texture": "#0"},
				"west": {"uv": [0.5, 6, 1.5, 6.5], "rotation": 90, "texture": "#0"},
				"up": {"uv": [1, 6.5, 0.5, 6], "rotation": 270, "texture": "#0"},
				"down": {"uv": [1.5, 6.5, 1, 6], "rotation": 270, "texture": "#0"}
			}
		},
		{
			"from": [9, -3.8, 11.8],
			"to": [11.8, 7.4, 13.2],
			"rotation": {"angle": 0, "axis": "z", "origin": [16, 6, 14.8]},
			"faces": {
				"north": {"uv": [4.5, 7.5, 0.5, 6.5], "rotation": 90, "texture": "#0"},
				"east": {"uv": [0.5, 6.5, 4.5, 7], "rotation": 270, "texture": "#0"},
				"south": {"uv": [10, 7.5, 6, 6.5], "rotation": 270, "texture": "#0"},
				"west": {"uv": [0.5, 7, 4.5, 7.5], "rotation": 90, "texture": "#0"},
				"up": {"uv": [1, 7.5, 0.5, 6.5], "rotation": 270, "texture": "#0"},
				"down": {"uv": [4.5, 7.5, 4, 6.5], "rotation": 270, "texture": "#0"}
			}
		},
		{
			"from": [13.2, 4.6, 11.8],
			"to": [14.6, 6, 13.2],
			"rotation": {"angle": 0, "axis": "z", "origin": [16, 6, 14.8]},
			"faces": {
				"north": {"uv": [1.5, 6, 1, 5.5], "rotation": 90, "texture": "#0"},
				"east": {"uv": [1, 5.5, 1.5, 6], "rotation": 270, "texture": "#0"},
				"south": {"uv": [7, 6, 6.5, 5.5], "rotation": 270, "texture": "#0"},
				"west": {"uv": [1, 5.5, 1.5, 6], "rotation": 90, "texture": "#0"},
				"up": {"uv": [1.5, 6, 1, 5.5], "rotation": 270, "texture": "#0"},
				"down": {"uv": [1.5, 6, 1, 5.5], "rotation": 270, "texture": "#0"}
			}
		},
		{
			"from": [11.8, -2.4, 11.8],
			"to": [13.2, -1, 13.2],
			"rotation": {"angle": 0, "axis": "z", "origin": [16, 6, 14.8]},
			"faces": {
				"north": {"uv": [4, 6.5, 3.5, 6], "rotation": 90, "texture": "#0"},
				"east": {"uv": [3.5, 6, 4, 6.5], "rotation": 270, "texture": "#0"},
				"south": {"uv": [9.5, 6.5, 9, 6], "rotation": 270, "texture": "#0"},
				"west": {"uv": [3.5, 6, 4, 6.5], "rotation": 90, "texture": "#0"},
				"up": {"uv": [4, 6.5, 3.5, 6], "rotation": 270, "texture": "#0"},
				"down": {"uv": [4, 6.5, 3.5, 6], "rotation": 270, "texture": "#0"}
			}
		},
		{
			"from": [11.8, 0.4, 12.5],
			"to": [28.6, 3.2, 13.9],
			"rotation": {"angle": 0, "axis": "z", "origin": [16, 6, 14.8]},
			"faces": {
				"north": {"uv": [3, 6.5, 2, 1.5], "rotation": 90, "texture": "#0"},
				"east": {"uv": [2, 1.5, 3, 2], "rotation": 270, "texture": "#0"},
				"south": {"uv": [8.5, 6.5, 7.5, 1.5], "rotation": 270, "texture": "#0"},
				"west": {"uv": [2, 6, 3, 6.5], "rotation": 90, "texture": "#0"},
				"up": {"uv": [3, 6.5, 2.5, 1.5], "rotation": 270, "texture": "#0"},
				"down": {"uv": [2.5, 6.5, 2, 1.5], "rotation": 270, "texture": "#0"}
			}
		},
		{
			"from": [27.3847, -0.3, 13.04802],
			"to": [31.5847, 3.9, 14.44802],
			"rotation": {"angle": 0, "axis": "z", "origin": [16, 6, 14.8]},
			"faces": {
				"north": {"uv": [3.25, 1.5, 1.75, 0], "rotation": 90, "texture": "#0"},
				"east": {"uv": [1.75, 0, 3.25, 0.5], "rotation": 270, "texture": "#0"},
				"south": {"uv": [8.75, 1.5, 7.25, 0], "rotation": 270, "texture": "#0"},
				"west": {"uv": [1.75, 1, 3.25, 1.5], "rotation": 90, "texture": "#0"},
				"up": {"uv": [3.25, 1.5, 2.75, 0], "rotation": 270, "texture": "#0"},
				"down": {"uv": [2.25, 1.5, 1.75, 0], "rotation": 270, "texture": "#0"}
			}
		},
		{
			"from": [-0.8, -2.4, 13.2],
			"to": [0.6, -1, 13.48],
			"rotation": {"angle": 0, "axis": "z", "origin": [16, 6, 14.8]},
			"faces": {
				"north": {"uv": [9.5, 12.45, 9.25, 12], "rotation": 90, "texture": "#0"},
				"east": {"uv": [9.25, 12, 9.5, 12.45], "rotation": 270, "texture": "#0"},
				"south": {"uv": [9.5, 12.45, 9.25, 12], "rotation": 90, "texture": "#0"},
				"west": {"uv": [9.25, 12, 9.5, 12.45], "rotation": 90, "texture": "#0"},
				"up": {"uv": [9.5, 12.45, 9.25, 12], "texture": "#0"},
				"down": {"uv": [9.5, 12.45, 9.25, 12], "rotation": 180, "texture": "#0"}
			}
		},
		{
			"from": [-2.9, -1.7, 13.2],
			"to": [-1.5, -0.3, 13.48],
			"rotation": {"angle": 0, "axis": "z", "origin": [16, 6, 14.8]},
			"faces": {
				"north": {"uv": [9.5, 12.45, 9.25, 12], "rotation": 90, "texture": "#0"},
				"east": {"uv": [9.25, 12, 9.5, 12.45], "rotation": 270, "texture": "#0"},
				"south": {"uv": [9.5, 12.45, 9.25, 12], "rotation": 90, "texture": "#0"},
				"west": {"uv": [9.25, 12, 9.5, 12.45], "rotation": 90, "texture": "#0"},
				"up": {"uv": [9.5, 12.45, 9.25, 12], "texture": "#0"},
				"down": {"uv": [9.5, 12.45, 9.25, 12], "rotation": 180, "texture": "#0"}
			}
		},
		{
			"from": [4.1, 0.4, 13.2],
			"to": [5.5, 3.2, 13.48],
			"rotation": {"angle": 0, "axis": "z", "origin": [16, 6, 14.8]},
			"faces": {
				"north": {"uv": [8.5, 9.25, 7.5, 8.75], "rotation": 90, "texture": "#0"},
				"east": {"uv": [7.5, 8.75, 8.5, 9], "rotation": 270, "texture": "#0"},
				"south": {"uv": [8.5, 9.25, 7.5, 8.75], "rotation": 90, "texture": "#0"},
				"west": {"uv": [7.5, 9, 8.5, 9.25], "rotation": 90, "texture": "#0"},
				"up": {"uv": [7.75, 9.25, 7.5, 8.75], "texture": "#0"},
				"down": {"uv": [8.5, 9.25, 8.25, 8.75], "rotation": 180, "texture": "#0"}
			}
		},
		{
			"from": [1.3, 0.4, 13.2],
			"to": [2, 3.2, 13.9],
			"rotation": {"angle": 0, "axis": "z", "origin": [16, 6, 14.8]},
			"faces": {
				"north": {"uv": [8.5, 10.25, 7.5, 10], "rotation": 90, "texture": "#0"},
				"east": {"uv": [7.5, 10, 8.5, 10.25], "rotation": 270, "texture": "#0"},
				"south": {"uv": [8.5, 10.25, 7.5, 10], "rotation": 90, "texture": "#0"},
				"west": {"uv": [7.5, 10, 8.5, 10.25], "rotation": 90, "texture": "#0"},
				"up": {"uv": [7.75, 10.25, 7.5, 10], "texture": "#0"},
				"down": {"uv": [8.5, 10.25, 8.25, 10], "rotation": 180, "texture": "#0"}
			}
		},
		{
			"from": [2, -0.3, 13.2],
			"to": [2.7, 3.9, 13.9],
			"rotation": {"angle": 0, "axis": "z", "origin": [16, 6, 14.8]},
			"faces": {
				"north": {"uv": [8.75, 10, 7.25, 9.75], "rotation": 90, "texture": "#0"},
				"east": {"uv": [7.25, 9.75, 8.75, 10], "rotation": 270, "texture": "#0"},
				"south": {"uv": [8.75, 10, 7.25, 9.75], "rotation": 90, "texture": "#0"},
				"west": {"uv": [7.25, 9.75, 8.75, 10], "rotation": 90, "texture": "#0"},
				"up": {"uv": [7.5, 10, 7.25, 9.75], "texture": "#0"},
				"down": {"uv": [8.75, 10, 8.5, 9.75], "rotation": 180, "texture": "#0"}
			}
		},
		{
			"from": [9, 0.4, 13.2],
			"to": [10.4, 3.2, 13.48],
			"rotation": {"angle": 0, "axis": "z", "origin": [16, 6, 14.8]},
			"faces": {
				"north": {"uv": [8.5, 7.5, 7.5, 7], "rotation": 90, "texture": "#0"},
				"east": {"uv": [7.5, 7.25, 8.5, 7.5], "rotation": 270, "texture": "#0"},
				"south": {"uv": [8.5, 7.5, 7.5, 7], "rotation": 90, "texture": "#0"},
				"west": {"uv": [7.5, 7.25, 8.5, 7.5], "rotation": 90, "texture": "#0"},
				"up": {"uv": [7.75, 7.5, 7.5, 7], "texture": "#0"},
				"down": {"uv": [8.5, 7.5, 8.25, 7], "rotation": 180, "texture": "#0"}
			}
		},
		{
			"from": [-2.2, 0.4, 13.2],
			"to": [-0.8, 3.2, 13.9],
			"rotation": {"angle": 0, "axis": "z", "origin": [16, 6, 14.8]},
			"faces": {
				"north": {"uv": [8.5, 11.5, 7.5, 11], "rotation": 90, "texture": "#0"},
				"east": {"uv": [7.5, 11, 8.5, 11.25], "rotation": 270, "texture": "#0"},
				"south": {"uv": [8.5, 11.5, 7.5, 11], "rotation": 90, "texture": "#0"},
				"west": {"uv": [7.5, 11.25, 8.5, 11.5], "rotation": 90, "texture": "#0"},
				"up": {"uv": [7.75, 11.5, 7.5, 11], "texture": "#0"},
				"down": {"uv": [8.5, 11.5, 8.25, 11], "rotation": 180, "texture": "#0"}
			}
		},
		{
			"from": [-1.5, 0.54, 13.9],
			"to": [28.6, 0.82, 14.18],
			"rotation": {"angle": 0, "axis": "z", "origin": [16, 6, 14.8]},
			"faces": {
				"north": {"uv": [16, 16, 15.75, 0], "rotation": 180, "texture": "#0"},
				"east": {"uv": [15.75, 0, 15.95, 0.2], "rotation": 270, "texture": "#0"},
				"south": {"uv": [16, 16, 15.75, 0], "rotation": 180, "texture": "#0"},
				"west": {"uv": [15.75, 0, 15.95, 0.2], "rotation": 90, "texture": "#0"},
				"up": {"uv": [16, 16, 15.75, 0], "rotation": 90, "texture": "#0"},
				"down": {"uv": [16, 16, 15.75, 0], "rotation": 270, "texture": "#0"}
			}
		},
		{
			"from": [-1.5, 1.1, 13.9],
			"to": [28.6, 1.38, 14.18],
			"rotation": {"angle": 0, "axis": "z", "origin": [16, 6, 14.8]},
			"faces": {
				"north": {"uv": [16, 16, 15.75, 0], "rotation": 180, "texture": "#0"},
				"east": {"uv": [15.75, 0, 15.95, 0.2], "rotation": 270, "texture": "#0"},
				"south": {"uv": [16, 16, 15.75, 0], "rotation": 180, "texture": "#0"},
				"west": {"uv": [15.75, 0, 15.95, 0.2], "rotation": 90, "texture": "#0"},
				"up": {"uv": [16, 16, 15.75, 0], "rotation": 90, "texture": "#0"},
				"down": {"uv": [16, 16, 15.75, 0], "rotation": 270, "texture": "#0"}
			}
		},
		{
			"from": [-1.5, 1.66, 13.9],
			"to": [28.6, 1.94, 14.18],
			"rotation": {"angle": 0, "axis": "z", "origin": [16, 6, 14.8]},
			"faces": {
				"north": {"uv": [16, 16, 15.75, 0], "rotation": 180, "texture": "#0"},
				"east": {"uv": [15.75, 0, 15.95, 0.2], "rotation": 270, "texture": "#0"},
				"south": {"uv": [16, 16, 15.75, 0], "rotation": 180, "texture": "#0"},
				"west": {"uv": [15.75, 0, 15.95, 0.2], "rotation": 90, "texture": "#0"},
				"up": {"uv": [16, 16, 15.75, 0], "rotation": 90, "texture": "#0"},
				"down": {"uv": [16, 16, 15.75, 0], "rotation": 270, "texture": "#0"}
			}
		},
		{
			"from": [-1.5, 2.22, 13.9],
			"to": [28.6, 2.5, 14.18],
			"rotation": {"angle": 0, "axis": "z", "origin": [16, 6, 14.8]},
			"faces": {
				"north": {"uv": [16, 16, 15.75, 0], "rotation": 180, "texture": "#0"},
				"east": {"uv": [15.75, 0, 15.95, 0.2], "rotation": 270, "texture": "#0"},
				"south": {"uv": [16, 16, 15.75, 0], "rotation": 180, "texture": "#0"},
				"west": {"uv": [15.75, 0, 15.95, 0.2], "rotation": 90, "texture": "#0"},
				"up": {"uv": [16, 16, 15.75, 0], "rotation": 90, "texture": "#0"},
				"down": {"uv": [16, 16, 15.75, 0], "rotation": 270, "texture": "#0"}
			}
		}
	],
	"display": {
		"thirdperson_righthand": {
			"translation": [0, 0, 1.75],
			"scale": [0.5, 0.5, 0.5]
		},
		"thirdperson_lefthand": {
			"translation": [0, 0, 1.75],
			"scale": [0.5, 0.5, 0.5]
		},
		"gui": {
			"rotation": [0, 150, 0],
			"translation": [1, 0.75, 0],
			"scale": [0.5, 0.5, 0.5]
		},
		"head": {
			"rotation": [0, -180, 0],
			"translation": [0, -40, 0],
			"scale": [1.5, 1.5, 1.5]
		},
		"fixed": {
			"rotation": [-90, -45, 0],
			"translation": [3, -3, -7],
			"scale": [0.8, 0.8, 0.8]
		}
	},
	"groups": [0, 1, 2, 3,
		{
			"name": "Guitar",
			"origin": [0, 6, 5],
			"color": 0,
			"children": [4, 5, 6, 7, 8, 9, 10, 11, 12, 13, 14, 15, 16, 17, 18, 19, 20, 21, 22, 23, 24, 25, 26]
		}
	]
}