{
    "parent": "item/generated",
    "textures": {
        "layer0": "item/brick"
    },
	"overrides": [
        {
			"predicate": {
				"custom_model_data": 1
			},
			"model": "bunker:pottery/ingot"
		},
		{
			"predicate": {
				"custom_model_data": 2
			},
			"model": "bunker:pottery/pickaxe"
		},
		{
			"predicate": {
				"custom_model_data": 3
			},
			"model": "bunker:pottery/axe"
		},
		{
			"predicate": {
				"custom_model_data": 4
			},
			"model": "bunker:pottery/sword"
		},
		{
			"predicate": {
				"custom_model_data": 5
			},
			"model": "bunker:pottery/shovel"
		},
		{
			"predicate": {
				"custom_model_data": 6
			},
			"model": "bunker:pottery/hoe"
		},
		{
			"predicate": {
				"custom_model_data": 7
			},
			"model": "bunker:pottery/mace"
		},
		{
			"predicate": {
				"custom_model_data": 8
			},
			"model": "bunker:pottery/hammer"
		},
		{
			"predicate": {
				"custom_model_data": 9
			},
			"model": "bunker:pottery/knife"
		},
		{
			"predicate": {
				"custom_model_data": 10
			},
			"model": "bunker:pottery/saw"
		}
    ]
}
