{
    "parent": "builtin/entity",
    "textures": {
        "particle": "block/oak_planks"
    },
	"overrides": [
        {
			"predicate": {
				"custom_model_data": 1
			},
			"model": "customization:backpack/empty"
		},
		{
			"predicate": {
				"custom_model_data": 2
			},
			"model": "customization:backpack/sneaking_empty"
		},
		{
			"predicate": {
				"custom_model_data": 3
			},
			"model": "customization:backpack/1"
		},
		{
			"predicate": {
				"custom_model_data": 4
			},
			"model": "customization:backpack/sneaking_1"
		},
		{
			"predicate": {
				"custom_model_data": 5
			},
			"model": "customization:backpack/2"
		},
		{
			"predicate": {
				"custom_model_data": 6
			},
			"model": "customization:backpack/sneaking_2"
		},
		{
			"predicate": {
				"custom_model_data": 7
			},
			"model": "customization:backpack/3"
		},
		{
			"predicate": {
				"custom_model_data": 8
			},
			"model": "customization:backpack/sneaking_3"
		},
		{
			"predicate": {
				"custom_model_data": 9
			},
			"model": "customization:quiver/empty"
		},
		
		{
			"predicate": {
				"custom_model_data": 10
			},
			"model": "customization:quiver/sneaking_empty"
		},
		{
			"predicate": {
				"custom_model_data": 11
			},
			"model": "customization:quiver/1"
		},
		{
			"predicate": {
				"custom_model_data": 12
			},
			"model": "customization:quiver/sneaking_1"
		},
		{
			"predicate": {
				"custom_model_data": 13
			},
			"model": "customization:quiver/2"
		},
		{
			"predicate": {
				"custom_model_data": 14
			},
			"model": "customization:quiver/sneaking_2"
		},
		{
			"predicate": {
				"custom_model_data": 15
			},
			"model": "customization:quiver/3"
		},
		{
			"predicate": {
				"custom_model_data": 16
			},
			"model": "customization:quiver/sneaking_3"
		},
		
		{
			"predicate": {
				"custom_model_data": 17
			},
			"model": "customization:electric_guitar/back/black"
		},
		{
			"predicate": {
				"custom_model_data": 18
			},
			"model": "customization:electric_guitar/back/sneaking_black"
		},
		{
			"predicate": {
				"custom_model_data": 19
			},
			"model": "customization:electric_guitar/forward/black"
		},
		{
			"predicate": {
				"custom_model_data": 20
			},
			"model": "customization:electric_guitar/forward/sneaking_black"
		},
		
		{
			"predicate": {
				"custom_model_data": 21
			},
			"model": "customization:electric_guitar/back/red"
		},
		{
			"predicate": {
				"custom_model_data": 22
			},
			"model": "customization:electric_guitar/back/sneaking_red"
		},
		{
			"predicate": {
				"custom_model_data": 23
			},
			"model": "customization:electric_guitar/forward/red"
		},
		{
			"predicate": {
				"custom_model_data": 24
			},
			"model": "customization:electric_guitar/forward/sneaking_red"
		},
		
		{
			"predicate": {
				"custom_model_data": 25
			},
			"model": "customization:synth/back/synth"
		},
		{
			"predicate": {
				"custom_model_data": 26
			},
			"model": "customization:synth/back/sneaking_synth"
		},
		{
			"predicate": {
				"custom_model_data": 27
			},
			"model": "customization:synth/forward/synth"
		},
		
		{
			"predicate": {
				"custom_model_data": 28
			},
			"model": "customization:drums/back/drums"
		},
		{
			"predicate": {
				"custom_model_data": 29
			},
			"model": "customization:drums/back/sneaking_drums"
		},
		{
			"predicate": {
				"custom_model_data": 30
			},
			"model": "customization:drums/forward/drums"
		}
    ],
    "display": {
        "gui": {
            "rotation": [ 30, 45, 0 ],
            "translation": [ 0, 0, 0],
            "scale":[ 0.625, 0.625, 0.625 ]
        },
        "ground": {
            "rotation": [ 0, 0, 0 ],
            "translation": [ 0, 3, 0],
            "scale":[ 0.25, 0.25, 0.25 ]
        },
        "head": {
            "rotation": [ 0, 180, 0 ],
            "translation": [ 0, 0, 0],
            "scale":[ 1, 1, 1]
        },
        "fixed": {
            "rotation": [ 0, 180, 0 ],
            "translation": [ 0, 0, 0],
            "scale":[ 0.5, 0.5, 0.5 ]
        },
        "thirdperson_righthand": {
            "rotation": [ 75, 315, 0 ],
            "translation": [ 0, 2.5, 0],
            "scale": [ 0.375, 0.375, 0.375 ]
        },
        "firstperson_righthand": {
            "rotation": [ 0, 315, 0 ],
            "translation": [ 0, 0, 0],
            "scale": [ 0.4, 0.4, 0.4 ]
        }
    }
}
