{
    "parent": "item/generated",
    "textures": {
        "layer0": "item/clay_ball"
    },
	"overrides": [
        {
			"predicate": {
				"custom_model_data": 1
			},
			"model": "bunker:pottery/raw_ingot"
		},
		{
			"predicate": {
				"custom_model_data": 2
			},
			"model": "bunker:pottery/raw_pickaxe"
		},
		{
			"predicate": {
				"custom_model_data": 3
			},
			"model": "bunker:pottery/raw_axe"
		},
		{
			"predicate": {
				"custom_model_data": 4
			},
			"model": "bunker:pottery/raw_sword"
		},
		{
			"predicate": {
				"custom_model_data": 5
			},
			"model": "bunker:pottery/raw_shovel"
		},
		{
			"predicate": {
				"custom_model_data": 6
			},
			"model": "bunker:pottery/raw_hoe"
		},
		{
			"predicate": {
				"custom_model_data": 7
			},
			"model": "bunker:pottery/raw_mace"
		},
		{
			"predicate": {
				"custom_model_data": 8
			},
			"model": "bunker:pottery/raw_hammer"
		},
		{
			"predicate": {
				"custom_model_data": 9
			},
			"model": "bunker:pottery/raw_knife"
		},
		{
			"predicate": {
				"custom_model_data": 10
			},
			"model": "bunker:pottery/raw_saw"
		}
    ]
}
