{
    "parent": "minecraft:block/dropper",
	"overrides": [
        {
			"predicate": {
				"custom_model_data": 1
			},
			"model": "mechsandtechs:blocks/book_upgrader"
		},
		
		{
			"predicate": {
				"custom_model_data": 2
			},
			"model": "mechsandtechs:blocks/weapon_enchanter/1"
		},
		{
			"predicate": {
				"custom_model_data": 3
			},
			"model": "mechsandtechs:blocks/weapon_enchanter/2"
		},
		{
			"predicate": {
				"custom_model_data": 4
			},
			"model": "mechsandtechs:blocks/weapon_enchanter/3"
		},
		
		{
			"predicate": {
				"custom_model_data": 5
			},
			"model": "mechsandtechs:blocks/tools_enchanter/1"
		},
		{
			"predicate": {
				"custom_model_data": 6
			},
			"model": "mechsandtechs:blocks/tools_enchanter/2"
		},
		{
			"predicate": {
				"custom_model_data": 7
			},
			"model": "mechsandtechs:blocks/tools_enchanter/3"
		},
		
		{
			"predicate": {
				"custom_model_data": 8
			},
			"model": "mechsandtechs:blocks/bow_enchanter/1"
		},
		{
			"predicate": {
				"custom_model_data": 9
			},
			"model": "mechsandtechs:blocks/bow_enchanter/2"
		},
		{
			"predicate": {
				"custom_model_data": 10
			},
			"model": "mechsandtechs:blocks/bow_enchanter/3"
		},
		
		{
			"predicate": {
				"custom_model_data": 11
			},
			"model": "mechsandtechs:blocks/armor_enchanter/1"
		},
		{
			"predicate": {
				"custom_model_data": 12
			},
			"model": "mechsandtechs:blocks/armor_enchanter/2"
		},
		{
			"predicate": {
				"custom_model_data": 13
			},
			"model": "mechsandtechs:blocks/armor_enchanter/3"
		},
		{
			"predicate": {
				"custom_model_data": 14
			},
			"model": "mechsandtechs:blocks/recording_station"
		},
		
		{
			"predicate": {
				"custom_model_data": 15
			},
			"model": "mechsandtechs:blocks/safe"
		}
    ]
}
