{
    "parent": "item/generated",
    "textures": {
        "layer0": "item/firework_star",
        "layer1": "item/firework_star_overlay"
    },
	"overrides": [
        {
			"predicate": {
				"custom_model_data": 1
			},
			"model": "mechsandtechs:plates/stone/empty"
		},
		{
			"predicate": {
				"custom_model_data": 2
			},
			"model": "mechsandtechs:plates/iron/empty"
		},
		{
			"predicate": {
				"custom_model_data": 3
			},
			"model": "mechsandtechs:plates/gold/empty"
		},
		
		{
			"predicate": {
				"custom_model_data": 11
			},
			"model": "mechsandtechs:plates/stone/and"
		},
		{
			"predicate": {
				"custom_model_data": 12
			},
			"model": "mechsandtechs:plates/iron/and"
		},
		{
			"predicate": {
				"custom_model_data": 13
			},
			"model": "mechsandtechs:plates/gold/and"
		},
		
		{
			"predicate": {
				"custom_model_data": 21
			},
			"model": "mechsandtechs:plates/stone/or"
		},
		{
			"predicate": {
				"custom_model_data": 22
			},
			"model": "mechsandtechs:plates/iron/or"
		},
		{
			"predicate": {
				"custom_model_data": 23
			},
			"model": "mechsandtechs:plates/gold/or"
		},
		
		{
			"predicate": {
				"custom_model_data": 31
			},
			"model": "mechsandtechs:plates/stone/wire"
		},
		{
			"predicate": {
				"custom_model_data": 32
			},
			"model": "mechsandtechs:plates/iron/wire"
		},
		{
			"predicate": {
				"custom_model_data": 33
			},
			"model": "mechsandtechs:plates/gold/wire"
		}
    ]
}
