{
    "parent": "item/generated",
    "textures": {
        "layer0": "item/flint"
    },
	"overrides": [
        {
			"predicate": {
				"custom_model_data": 1
			},
			"model": "mechsandtechs:notes/1"
		},
		{
			"predicate": {
				"custom_model_data": 2
			},
			"model": "mechsandtechs:notes/2"
		},
		{
			"predicate": {
				"custom_model_data": 3
			},
			"model": "mechsandtechs:notes/3"
		},
		{
			"predicate": {
				"custom_model_data": 4
			},
			"model": "mechsandtechs:notes/4"
		},
		{
			"predicate": {
				"custom_model_data": 5
			},
			"model": "mechsandtechs:notes/5"
		},
		{
			"predicate": {
				"custom_model_data": 6
			},
			"model": "mechsandtechs:notes/6"
		},
		{
			"predicate": {
				"custom_model_data": 7
			},
			"model": "mechsandtechs:notes/7"
		},
		{
			"predicate": {
				"custom_model_data": 8
			},
			"model": "mechsandtechs:notes/8"
		},
		{
			"predicate": {
				"custom_model_data": 9
			},
			"model": "mechsandtechs:notes/9"
		},
		{
			"predicate": {
				"custom_model_data": 10
			},
			"model": "mechsandtechs:notes/10"
		},
		{
			"predicate": {
				"custom_model_data": 11
			},
			"model": "mechsandtechs:notes/11"
		},
		{
			"predicate": {
				"custom_model_data": 12
			},
			"model": "mechsandtechs:notes/12"
		},
		{
			"predicate": {
				"custom_model_data": 13
			},
			"model": "mechsandtechs:notes/13"
		},
		{
			"predicate": {
				"custom_model_data": 14
			},
			"model": "mechsandtechs:notes/14"
		},
		{
			"predicate": {
				"custom_model_data": 15
			},
			"model": "mechsandtechs:notes/15"
		},
		{
			"predicate": {
				"custom_model_data": 16
			},
			"model": "mechsandtechs:notes/16"
		},
		{
			"predicate": {
				"custom_model_data": 17
			},
			"model": "mechsandtechs:notes/17"
		},
		{
			"predicate": {
				"custom_model_data": 18
			},
			"model": "mechsandtechs:notes/18"
		},
		{
			"predicate": {
				"custom_model_data": 19
			},
			"model": "mechsandtechs:notes/19"
		},
		{
			"predicate": {
				"custom_model_data": 20
			},
			"model": "mechsandtechs:notes/20"
		},
		{
			"predicate": {
				"custom_model_data": 21
			},
			"model": "mechsandtechs:notes/21"
		},
		{
			"predicate": {
				"custom_model_data": 22
			},
			"model": "mechsandtechs:notes/22"
		},
		{
			"predicate": {
				"custom_model_data": 23
			},
			"model": "mechsandtechs:notes/23"
		},
		{
			"predicate": {
				"custom_model_data": 24
			},
			"model": "mechsandtechs:notes/24"
		},
		{
			"predicate": {
				"custom_model_data": 25
			},
			"model": "mechsandtechs:notes/25"
		},
		{
			"predicate": {
				"custom_model_data": 26
			},
			"model": "mechsandtechs:icons/info"
		},
		{
			"predicate": {
				"custom_model_data": 27
			},
			"model": "mechsandtechs:icons/play"
		},
		{
			"predicate": {
				"custom_model_data": 28
			},
			"model": "mechsandtechs:icons/stop"
		},
		{
			"predicate": {
				"custom_model_data": 29
			},
			"model": "mechsandtechs:icons/copy"
		},
		{
			"predicate": {
				"custom_model_data": 30
			},
			"model": "mechsandtechs:icons/paste"
		},
		{
			"predicate": {
				"custom_model_data": 31
			},
			"model": "mechsandtechs:icons/left_arrow"
		},
		{
			"predicate": {
				"custom_model_data": 32
			},
			"model": "mechsandtechs:icons/right_arrow"
		},
		{
			"predicate": {
				"custom_model_data": 33
			},
			"model": "mechsandtechs:icons/record"
		},
		
		{
			"predicate": {
				"custom_model_data": 34
			},
			"model": "mechsandtechs:volume/1"
		},
		{
			"predicate": {
				"custom_model_data": 35
			},
			"model": "mechsandtechs:volume/2"
		},
		{
			"predicate": {
				"custom_model_data": 36
			},
			"model": "mechsandtechs:volume/3"
		},
		{
			"predicate": {
				"custom_model_data": 37
			},
			"model": "mechsandtechs:volume/4"
		},
		{
			"predicate": {
				"custom_model_data": 38
			},
			"model": "mechsandtechs:volume/5"
		},
		{
			"predicate": {
				"custom_model_data": 39
			},
			"model": "mechsandtechs:volume/6"
		},
		{
			"predicate": {
				"custom_model_data": 40
			},
			"model": "mechsandtechs:volume/7"
		},
		{
			"predicate": {
				"custom_model_data": 41
			},
			"model": "mechsandtechs:volume/8"
		}
    ]
}
