{
    "parent": "item/generated",
    "textures": {
        "layer0": "item/leather_chestplate",
        "layer1": "item/leather_chestplate_overlay"
    },
	"overrides": [
        {
			"predicate": {
				"custom_model_data": 1
			},
			"model": "bunker:armor/leather_1_chestplate"
		},
		{
			"predicate": {
				"custom_model_data": 2
			},
			"model": "bunker:armor/leather_2_chestplate"
		},
		{
			"predicate": {
				"custom_model_data": 3
			},
			"model": "bunker:armor/leather_3_chestplate"
		}
    ]
}