{
	"credit": "Made with Blockbench",
	"texture_size": [32, 32],
	"textures": {
		"0": "customization:backpack",
		"2": "item/emerald",
		"particle": "customization:backpack"
	},
	"elements": [
		{
			"from": [13, 0, 0],
			"to": [13, 12, 5],
			"faces": {
				"north": {"uv": [5, 0, 10, 6], "texture": "#0"},
				"east": {"uv": [0, 6, 2.5, 12], "texture": "#0"},
				"south": {"uv": [5, 0, 10, 6], "texture": "#0"},
				"west": {"uv": [0, 6, 5, 6.5], "texture": "#0"},
				"up": {"uv": [3, 14.5, 4.5, 15], "texture": "#0"},
				"down": {"uv": [10, 8.5, 5, 11], "texture": "#0"}
			}
		},
		{
			"from": [3, 0, 0],
			"to": [3, 12, 5],
			"faces": {
				"north": {"uv": [5, 0, 10, 6], "texture": "#0"},
				"east": {"uv": [0, 6, 5, 6.5], "texture": "#0"},
				"south": {"uv": [5, 0, 10, 6], "texture": "#0"},
				"west": {"uv": [2.5, 6, 5, 12], "texture": "#0"},
				"up": {"uv": [3, 14.5, 4.5, 15], "texture": "#0"},
				"down": {"uv": [10, 8.5, 5, 11], "texture": "#0"}
			}
		},
		{
			"from": [3, 0, 0],
			"to": [13, 12, 0],
			"faces": {
				"north": {"uv": [5, 0, 10, 6], "texture": "#0"},
				"east": {"uv": [0, 6, 2.5, 12], "texture": "#0"},
				"south": {"uv": [0, 6, 5, 6.5], "texture": "#0"},
				"west": {"uv": [2.5, 6, 5, 12], "texture": "#0"},
				"up": {"uv": [3, 14.5, 4.5, 15], "texture": "#0"},
				"down": {"uv": [10, 8.5, 5, 11], "texture": "#0"}
			}
		},
		{
			"from": [3, 0, 0],
			"to": [13, 0, 5],
			"faces": {
				"north": {"uv": [5, 0, 10, 6], "texture": "#0"},
				"east": {"uv": [0, 6, 2.5, 12], "texture": "#0"},
				"south": {"uv": [5, 0, 10, 6], "texture": "#0"},
				"west": {"uv": [2.5, 6, 5, 12], "texture": "#0"},
				"up": {"uv": [2.5, 6, 4, 6.5], "texture": "#0"},
				"down": {"uv": [10, 8.5, 5, 11], "texture": "#0"}
			}
		},
		{
			"from": [3, 0, 5],
			"to": [13, 12, 5],
			"faces": {
				"north": {"uv": [0, 6, 5, 6.5], "texture": "#0"},
				"east": {"uv": [0, 6, 2.5, 12], "texture": "#0"},
				"south": {"uv": [5, 0, 10, 6], "texture": "#0"},
				"west": {"uv": [2.5, 6, 5, 12], "texture": "#0"},
				"up": {"uv": [3, 14.5, 4.5, 15], "texture": "#0"},
				"down": {"uv": [10, 8.5, 5, 11], "texture": "#0"}
			}
		},
		{
			"from": [11, 1, -1],
			"to": [11, 5, 0],
			"faces": {
				"north": {"uv": [5, 11, 8, 12.5], "texture": "#0"},
				"east": {"uv": [3, 9.5, 3.5, 11], "texture": "#0"},
				"south": {"uv": [3, 9.5, 4.5, 11], "texture": "#0"},
				"west": {"uv": [3, 9.5, 3.5, 11], "texture": "#0"},
				"up": {"uv": [3, 14.5, 4.5, 15], "texture": "#0"},
				"down": {"uv": [3, 10.5, 4.5, 11], "texture": "#0"}
			}
		},
		{
			"from": [5, 1, -1],
			"to": [11, 5, -1],
			"faces": {
				"north": {"uv": [5, 11, 8, 12.5], "texture": "#0"},
				"east": {"uv": [3, 9.5, 3.5, 11], "texture": "#0"},
				"south": {"uv": [3, 9.5, 4.5, 11], "texture": "#0"},
				"west": {"uv": [3, 9.5, 3.5, 11], "texture": "#0"},
				"up": {"uv": [3, 14.5, 4.5, 15], "texture": "#0"},
				"down": {"uv": [3, 10.5, 4.5, 11], "texture": "#0"}
			}
		},
		{
			"from": [5, 1, -1],
			"to": [11, 1, 0],
			"faces": {
				"north": {"uv": [5, 11, 8, 12.5], "texture": "#0"},
				"east": {"uv": [3, 9.5, 3.5, 11], "texture": "#0"},
				"south": {"uv": [3, 9.5, 4.5, 11], "texture": "#0"},
				"west": {"uv": [3, 9.5, 3.5, 11], "texture": "#0"},
				"up": {"uv": [3, 10.5, 4.5, 11], "texture": "#0"},
				"down": {"uv": [3, 10.5, 4.5, 11], "texture": "#0"}
			}
		},
		{
			"from": [5, 1, -1],
			"to": [5, 5, 0],
			"faces": {
				"north": {"uv": [5, 11, 8, 12.5], "texture": "#0"},
				"east": {"uv": [3, 9.5, 3.5, 11], "texture": "#0"},
				"south": {"uv": [3, 9.5, 4.5, 11], "texture": "#0"},
				"west": {"uv": [3, 9.5, 3.5, 11], "texture": "#0"},
				"up": {"uv": [3, 14.5, 4.5, 15], "texture": "#0"},
				"down": {"uv": [3, 10.5, 4.5, 11], "texture": "#0"}
			}
		},
		{
			"from": [3, 11.2, -5.2],
			"to": [13, 13.2, -5.2],
			"rotation": {"angle": 22.5, "axis": "x", "origin": [0, 0, 0]},
			"faces": {
				"north": {"uv": [0, 0, 5, 1], "texture": "#0"},
				"east": {"uv": [0, 6, 2.5, 12], "texture": "#0"},
				"south": {"uv": [5, 0, 10, 6], "texture": "#0"},
				"west": {"uv": [2.5, 6, 5, 12], "texture": "#0"},
				"up": {"uv": [10, 8.5, 5, 6], "texture": "#0"},
				"down": {"uv": [10, 8.5, 5, 11], "texture": "#0"}
			}
		},
		{
			"from": [3, 9.2, -5.2],
			"to": [13, 11.2, -5.2],
			"rotation": {"angle": 22.5, "axis": "x", "origin": [0, 0, 0]},
			"faces": {
				"north": {"uv": [0, 1, 5, 2], "texture": "#0"},
				"east": {"uv": [0, 6, 2.5, 12], "texture": "#0"},
				"south": {"uv": [5, 0, 10, 6], "texture": "#0"},
				"west": {"uv": [2.5, 6, 5, 12], "texture": "#0"},
				"up": {"uv": [10, 8.5, 5, 6], "texture": "#0"},
				"down": {"uv": [10, 8.5, 5, 11], "texture": "#0"}
			}
		},
		{
			"from": [5, 11.48745, -11.7585],
			"to": [11, 12.48745, -11.7585],
			"rotation": {"angle": 22.5, "axis": "x", "origin": [0, -14.71255, -11.5585]},
			"faces": {
				"north": {"uv": [1, 2, 4, 2.5], "texture": "#0"},
				"east": {"uv": [0, 6, 2.5, 12], "texture": "#0"},
				"south": {"uv": [5, 0, 10, 6], "texture": "#0"},
				"west": {"uv": [2.5, 6, 5, 12], "texture": "#0"},
				"up": {"uv": [10, 8.5, 5, 6], "texture": "#0"},
				"down": {"uv": [10, 8.5, 5, 11], "texture": "#0"}
			}
		},
		{
			"from": [3, 13.2, -5.2],
			"to": [13, 13.2, 0],
			"rotation": {"angle": 22.5, "axis": "x", "origin": [0, 0, 0]},
			"faces": {
				"north": {"uv": [0, 0, 5, 6], "texture": "#0"},
				"east": {"uv": [0, 6, 2.5, 12], "texture": "#0"},
				"south": {"uv": [5, 0, 10, 6], "texture": "#0"},
				"west": {"uv": [2.5, 6, 5, 12], "texture": "#0"},
				"up": {"uv": [10, 8.5, 5, 6], "texture": "#0"},
				"down": {"uv": [10, 8.5, 5, 11], "texture": "#0"}
			}
		},
		{
			"from": [3, 12, 5],
			"to": [13, 12.2, 5],
			"faces": {
				"north": {"uv": [0, 0, 5, 6], "texture": "#0"},
				"east": {"uv": [0, 6, 2.5, 12], "texture": "#0"},
				"south": {"uv": [10, 6.5, 5, 6], "texture": "#0"},
				"west": {"uv": [2.5, 6, 5, 12], "texture": "#0"},
				"up": {"uv": [10, 8.5, 5, 6], "texture": "#0"},
				"down": {"uv": [10, 8.5, 5, 11], "texture": "#0"}
			}
		},
		{
			"from": [3, 0, 5],
			"to": [13, 12, 12],
			"faces": {
				"north": {"uv": [0, 13, 5, 13.5], "texture": "#0"},
				"east": {"uv": [10, 10, 12.5, 16], "texture": "#0"},
				"south": {"uv": [11, 0, 16, 6], "texture": "#0"},
				"west": {"uv": [13.5, 10, 16, 16], "texture": "#0"},
				"up": {"uv": [16, 8.5, 11, 6], "texture": "#0"},
				"down": {"uv": [16, 8.5, 11, 6], "rotation": 180, "texture": "#0"}
			}
		},
		{
			"from": [2, 2, 4],
			"to": [3, 5, 4],
			"faces": {
				"north": {"uv": [3, 9.5, 3.5, 11], "texture": "#0"},
				"east": {"uv": [3, 9.5, 4.5, 11], "texture": "#0"},
				"south": {"uv": [3, 9.5, 3.5, 11], "texture": "#0"},
				"west": {"uv": [3, 9.5, 4.5, 11], "texture": "#0"},
				"up": {"uv": [3, 14.5, 4.5, 15], "texture": "#0"},
				"down": {"uv": [3, 10.5, 3.5, 11], "texture": "#0"}
			}
		},
		{
			"from": [2, 2, 1],
			"to": [3, 5, 1],
			"faces": {
				"north": {"uv": [3, 9.5, 3.5, 11], "texture": "#0"},
				"east": {"uv": [3, 9.5, 4.5, 11], "texture": "#0"},
				"south": {"uv": [3, 9.5, 3.5, 11], "texture": "#0"},
				"west": {"uv": [3, 9.5, 4.5, 11], "texture": "#0"},
				"up": {"uv": [3, 14.5, 4.5, 15], "texture": "#0"},
				"down": {"uv": [3, 10.5, 3.5, 11], "texture": "#0"}
			}
		},
		{
			"from": [2, 2, 1],
			"to": [2, 5, 4],
			"faces": {
				"north": {"uv": [3, 9.5, 3.5, 11], "texture": "#0"},
				"east": {"uv": [3, 9.5, 4.5, 11], "texture": "#0"},
				"south": {"uv": [3, 9.5, 3.5, 11], "texture": "#0"},
				"west": {"uv": [3, 9.5, 4.5, 11], "texture": "#0"},
				"up": {"uv": [3, 14.5, 4.5, 15], "texture": "#0"},
				"down": {"uv": [3, 10.5, 3.5, 11], "texture": "#0"}
			}
		},
		{
			"from": [13, 2, 1],
			"to": [14, 5, 1],
			"rotation": {"angle": 0, "axis": "y", "origin": [16, 0, 0]},
			"faces": {
				"north": {"uv": [3.5, 9.5, 3, 11], "texture": "#0"},
				"east": {"uv": [4.5, 9.5, 3, 11], "texture": "#0"},
				"south": {"uv": [3.5, 9.5, 3, 11], "texture": "#0"},
				"west": {"uv": [4.5, 9.5, 3, 11], "texture": "#0"},
				"up": {"uv": [4.5, 14.5, 3, 15], "texture": "#0"},
				"down": {"uv": [3.5, 10.5, 3, 11], "texture": "#0"}
			}
		},
		{
			"from": [13, 2, 4],
			"to": [14, 5, 4],
			"rotation": {"angle": 0, "axis": "y", "origin": [16, 0, 0]},
			"faces": {
				"north": {"uv": [3.5, 9.5, 3, 11], "texture": "#0"},
				"east": {"uv": [4.5, 9.5, 3, 11], "texture": "#0"},
				"south": {"uv": [3.5, 9.5, 3, 11], "texture": "#0"},
				"west": {"uv": [4.5, 9.5, 3, 11], "texture": "#0"},
				"up": {"uv": [4.5, 14.5, 3, 15], "texture": "#0"},
				"down": {"uv": [3.5, 10.5, 3, 11], "texture": "#0"}
			}
		},
		{
			"from": [14, 2, 1],
			"to": [14, 5, 4],
			"rotation": {"angle": 0, "axis": "y", "origin": [16, 0, 0]},
			"faces": {
				"north": {"uv": [3.5, 9.5, 3, 11], "texture": "#0"},
				"east": {"uv": [4.5, 9.5, 3, 11], "texture": "#0"},
				"south": {"uv": [3.5, 9.5, 3, 11], "texture": "#0"},
				"west": {"uv": [4.5, 9.5, 3, 11], "texture": "#0"},
				"up": {"uv": [4.5, 14.5, 3, 15], "texture": "#0"},
				"down": {"uv": [3.5, 10.5, 3, 11], "texture": "#0"}
			}
		},
		{
			"from": [13, 2, 1],
			"to": [14, 2, 4],
			"rotation": {"angle": 0, "axis": "y", "origin": [16, 0, 0]},
			"faces": {
				"north": {"uv": [3.5, 9.5, 3, 11], "texture": "#0"},
				"east": {"uv": [4.5, 9.5, 3, 11], "texture": "#0"},
				"south": {"uv": [3.5, 9.5, 3, 11], "texture": "#0"},
				"west": {"uv": [4.5, 9.5, 3, 11], "texture": "#0"},
				"up": {"uv": [3, 10.5, 3.5, 11], "texture": "#0"},
				"down": {"uv": [3.5, 10.5, 3, 11], "texture": "#0"}
			}
		},
		{
			"from": [2, 2, 1],
			"to": [3, 2, 4],
			"rotation": {"angle": 0, "axis": "y", "origin": [16, 0, 0]},
			"faces": {
				"north": {"uv": [3.5, 9.5, 3, 11], "texture": "#0"},
				"east": {"uv": [4.5, 9.5, 3, 11], "texture": "#0"},
				"south": {"uv": [3.5, 9.5, 3, 11], "texture": "#0"},
				"west": {"uv": [4.5, 9.5, 3, 11], "texture": "#0"},
				"up": {"uv": [3, 10.5, 3.5, 11], "texture": "#0"},
				"down": {"uv": [3.5, 10.5, 3, 11], "texture": "#0"}
			}
		},
		{
			"from": [2, 5, 1],
			"to": [3, 5, 4],
			"rotation": {"angle": 0, "axis": "y", "origin": [16, 0, 0]},
			"faces": {
				"north": {"uv": [3.5, 9.5, 3, 11], "texture": "#0"},
				"east": {"uv": [4.5, 9.5, 3, 11], "texture": "#0"},
				"south": {"uv": [3.5, 9.5, 3, 11], "texture": "#0"},
				"west": {"uv": [4.5, 9.5, 3, 11], "texture": "#0"},
				"up": {"uv": [6, 11, 7, 11.5], "texture": "#0"},
				"down": {"uv": [3.5, 10.5, 3, 11], "texture": "#0"}
			}
		},
		{
			"from": [13, 5, 1],
			"to": [14, 5, 4],
			"rotation": {"angle": 0, "axis": "y", "origin": [16, 0, 0]},
			"faces": {
				"north": {"uv": [3.5, 9.5, 3, 11], "texture": "#0"},
				"east": {"uv": [4.5, 9.5, 3, 11], "texture": "#0"},
				"south": {"uv": [3.5, 9.5, 3, 11], "texture": "#0"},
				"west": {"uv": [4.5, 9.5, 3, 11], "texture": "#0"},
				"up": {"uv": [6, 11, 7, 11.5], "texture": "#0"},
				"down": {"uv": [3.5, 10.5, 3, 11], "texture": "#0"}
			}
		},
		{
			"from": [5, 5, -1],
			"to": [11, 5, 0],
			"rotation": {"angle": 0, "axis": "y", "origin": [16, 0, 0]},
			"faces": {
				"north": {"uv": [3.5, 9.5, 3, 11], "texture": "#0"},
				"east": {"uv": [4.5, 9.5, 3, 11], "texture": "#0"},
				"south": {"uv": [3.5, 9.5, 3, 11], "texture": "#0"},
				"west": {"uv": [4.5, 9.5, 3, 11], "texture": "#0"},
				"up": {"uv": [6, 11, 7, 11.5], "texture": "#0"},
				"down": {"uv": [3.5, 10.5, 3, 11], "texture": "#0"}
			}
		},
		{
			"from": [2, 2, 1],
			"to": [2, 5, 4],
			"faces": {
				"north": {"uv": [3, 9.5, 3.5, 11], "texture": "#0"},
				"east": {"uv": [3, 9.5, 4.5, 11], "texture": "#0"},
				"south": {"uv": [3, 9.5, 3.5, 11], "texture": "#0"},
				"west": {"uv": [3, 9.5, 4.5, 11], "texture": "#0"},
				"up": {"uv": [3, 14.5, 4.5, 15], "texture": "#0"},
				"down": {"uv": [3, 10.5, 3.5, 11], "texture": "#0"}
			}
		},
		{
			"from": [2, 2, 4],
			"to": [3, 5, 4],
			"faces": {
				"north": {"uv": [3, 9.5, 3.5, 11], "texture": "#0"},
				"east": {"uv": [3, 9.5, 4.5, 11], "texture": "#0"},
				"south": {"uv": [3, 9.5, 3.5, 11], "texture": "#0"},
				"west": {"uv": [3, 9.5, 4.5, 11], "texture": "#0"},
				"up": {"uv": [3, 14.5, 4.5, 15], "texture": "#0"},
				"down": {"uv": [3, 10.5, 3.5, 11], "texture": "#0"}
			}
		},
		{
			"from": [2, 2, 1],
			"to": [3, 5, 1],
			"faces": {
				"north": {"uv": [3, 9.5, 3.5, 11], "texture": "#0"},
				"east": {"uv": [3, 9.5, 4.5, 11], "texture": "#0"},
				"south": {"uv": [3, 9.5, 3.5, 11], "texture": "#0"},
				"west": {"uv": [3, 9.5, 4.5, 11], "texture": "#0"},
				"up": {"uv": [3, 14.5, 4.5, 15], "texture": "#0"},
				"down": {"uv": [3, 10.5, 3.5, 11], "texture": "#0"}
			}
		},
		{
			"from": [2, 2, 1],
			"to": [2, 5, 4],
			"faces": {
				"north": {"uv": [3, 9.5, 3.5, 11], "texture": "#0"},
				"east": {"uv": [3, 9.5, 4.5, 11], "texture": "#0"},
				"south": {"uv": [3, 9.5, 3.5, 11], "texture": "#0"},
				"west": {"uv": [3, 9.5, 4.5, 11], "texture": "#0"},
				"up": {"uv": [3, 14.5, 4.5, 15], "texture": "#0"},
				"down": {"uv": [3, 10.5, 3.5, 11], "texture": "#0"}
			}
		},
		{
			"from": [7, 7.2, -5.5],
			"to": [9, 10.2, -5],
			"rotation": {"angle": 22.5, "axis": "x", "origin": [0, 0, 0]},
			"faces": {
				"north": {"uv": [2, 1.5, 3, 3], "texture": "#0"},
				"east": {"uv": [2, 1.5, 3, 3], "texture": "#0"},
				"south": {"uv": [2, 1.5, 3, 3], "texture": "#0"},
				"west": {"uv": [2, 1.5, 3, 3], "texture": "#0"},
				"up": {"uv": [2, 1.5, 3, 3], "texture": "#0"},
				"down": {"uv": [2, 1.5, 3, 3], "texture": "#0"}
			}
		},
		{
			"from": [5.1, 4.4, 1.4],
			"to": [6.3, 4.65, 4.9],
			"faces": {
				"north": {"uv": [6, 13, 10, 14], "texture": "#2"},
				"east": {"uv": [6, 13, 10, 14], "texture": "#2"},
				"south": {"uv": [6, 13, 10, 14], "texture": "#2"},
				"west": {"uv": [6, 13, 10, 14], "texture": "#2"},
				"up": {"uv": [6, 2, 10, 14], "rotation": 180, "texture": "#2"},
				"down": {"uv": [6, 2, 10, 14], "texture": "#2"}
			}
		},
		{
			"from": [4.2, 4.4, 2.3],
			"to": [4.5, 4.65, 4],
			"faces": {
				"north": {"uv": [6, 13, 10, 14], "texture": "#2"},
				"east": {"uv": [6, 13, 10, 14], "texture": "#2"},
				"south": {"uv": [6, 13, 10, 14], "texture": "#2"},
				"west": {"uv": [6, 13, 10, 14], "texture": "#2"},
				"up": {"uv": [12, 5, 13, 11], "texture": "#2"},
				"down": {"uv": [6, 2, 10, 14], "texture": "#2"}
			}
		},
		{
			"from": [4.5, 4.4, 2],
			"to": [4.8, 4.65, 4.3],
			"faces": {
				"north": {"uv": [6, 13, 10, 14], "texture": "#2"},
				"east": {"uv": [6, 13, 10, 14], "texture": "#2"},
				"south": {"uv": [6, 13, 10, 14], "texture": "#2"},
				"west": {"uv": [6, 13, 10, 14], "texture": "#2"},
				"up": {"uv": [11, 4, 12, 12], "texture": "#2"},
				"down": {"uv": [6, 2, 10, 14], "texture": "#2"}
			}
		},
		{
			"from": [4.8, 4.4, 1.7],
			"to": [5.1, 4.65, 4.6],
			"faces": {
				"north": {"uv": [6, 13, 10, 14], "texture": "#2"},
				"east": {"uv": [6, 13, 10, 14], "texture": "#2"},
				"south": {"uv": [6, 13, 10, 14], "texture": "#2"},
				"west": {"uv": [6, 13, 10, 14], "texture": "#2"},
				"up": {"uv": [10, 3, 11, 13], "texture": "#2"},
				"down": {"uv": [6, 2, 10, 14], "texture": "#2"}
			}
		},
		{
			"from": [6.3, 4.4, 1.7],
			"to": [6.6, 4.65, 4.6],
			"faces": {
				"north": {"uv": [6, 13, 10, 14], "texture": "#2"},
				"east": {"uv": [6, 13, 10, 14], "texture": "#2"},
				"south": {"uv": [6, 13, 10, 14], "texture": "#2"},
				"west": {"uv": [6, 13, 10, 14], "texture": "#2"},
				"up": {"uv": [5, 3, 6, 13], "texture": "#2"},
				"down": {"uv": [6, 2, 10, 14], "texture": "#2"}
			}
		},
		{
			"from": [6.6, 4.4, 2],
			"to": [6.9, 4.65, 4.3],
			"faces": {
				"north": {"uv": [6, 13, 10, 14], "texture": "#2"},
				"east": {"uv": [6, 13, 10, 14], "texture": "#2"},
				"south": {"uv": [6, 13, 10, 14], "texture": "#2"},
				"west": {"uv": [6, 13, 10, 14], "texture": "#2"},
				"up": {"uv": [4, 4, 5, 12], "texture": "#2"},
				"down": {"uv": [6, 2, 10, 14], "texture": "#2"}
			}
		},
		{
			"from": [6.9, 4.4, 2.3],
			"to": [7.2, 4.65, 4],
			"faces": {
				"north": {"uv": [6, 13, 10, 14], "texture": "#2"},
				"east": {"uv": [6, 13, 10, 14], "texture": "#2"},
				"south": {"uv": [6, 13, 10, 14], "texture": "#2"},
				"west": {"uv": [6, 13, 10, 14], "texture": "#2"},
				"up": {"uv": [3, 5, 4, 11], "texture": "#2"},
				"down": {"uv": [6, 2, 10, 14], "texture": "#2"}
			}
		},
		{
			"from": [4.1, 5.4, 2.4],
			"to": [5.3, 5.65, 5.9],
			"rotation": {"angle": 22.5, "axis": "y", "origin": [0, 0, 0]},
			"faces": {
				"north": {"uv": [6, 13, 10, 14], "texture": "#2"},
				"east": {"uv": [6, 13, 10, 14], "texture": "#2"},
				"south": {"uv": [6, 13, 10, 14], "texture": "#2"},
				"west": {"uv": [6, 13, 10, 14], "texture": "#2"},
				"up": {"uv": [6, 2, 10, 14], "rotation": 180, "texture": "#2"},
				"down": {"uv": [6, 2, 10, 14], "texture": "#2"}
			}
		},
		{
			"from": [3.2, 5.4, 3.3],
			"to": [3.5, 5.65, 5],
			"rotation": {"angle": 22.5, "axis": "y", "origin": [0, 0, 0]},
			"faces": {
				"north": {"uv": [6, 13, 10, 14], "texture": "#2"},
				"east": {"uv": [6, 13, 10, 14], "texture": "#2"},
				"south": {"uv": [6, 13, 10, 14], "texture": "#2"},
				"west": {"uv": [6, 13, 10, 14], "texture": "#2"},
				"up": {"uv": [12, 5, 13, 11], "texture": "#2"},
				"down": {"uv": [6, 2, 10, 14], "texture": "#2"}
			}
		},
		{
			"from": [3.5, 5.4, 3],
			"to": [3.8, 5.65, 5.3],
			"rotation": {"angle": 22.5, "axis": "y", "origin": [0, 0, 0]},
			"faces": {
				"north": {"uv": [6, 13, 10, 14], "texture": "#2"},
				"east": {"uv": [6, 13, 10, 14], "texture": "#2"},
				"south": {"uv": [6, 13, 10, 14], "texture": "#2"},
				"west": {"uv": [6, 13, 10, 14], "texture": "#2"},
				"up": {"uv": [11, 4, 12, 12], "texture": "#2"},
				"down": {"uv": [6, 2, 10, 14], "texture": "#2"}
			}
		},
		{
			"from": [3.8, 5.4, 2.7],
			"to": [4.1, 5.65, 5.6],
			"rotation": {"angle": 22.5, "axis": "y", "origin": [0, 0, 0]},
			"faces": {
				"north": {"uv": [6, 13, 10, 14], "texture": "#2"},
				"east": {"uv": [6, 13, 10, 14], "texture": "#2"},
				"south": {"uv": [6, 13, 10, 14], "texture": "#2"},
				"west": {"uv": [6, 13, 10, 14], "texture": "#2"},
				"up": {"uv": [10, 3, 11, 13], "texture": "#2"},
				"down": {"uv": [6, 2, 10, 14], "texture": "#2"}
			}
		},
		{
			"from": [5.3, 5.4, 2.7],
			"to": [5.6, 5.65, 5.6],
			"rotation": {"angle": 22.5, "axis": "y", "origin": [0, 0, 0]},
			"faces": {
				"north": {"uv": [6, 13, 10, 14], "texture": "#2"},
				"east": {"uv": [6, 13, 10, 14], "texture": "#2"},
				"south": {"uv": [6, 13, 10, 14], "texture": "#2"},
				"west": {"uv": [6, 13, 10, 14], "texture": "#2"},
				"up": {"uv": [5, 3, 6, 13], "texture": "#2"},
				"down": {"uv": [6, 2, 10, 14], "texture": "#2"}
			}
		},
		{
			"from": [5.6, 5.4, 3],
			"to": [5.9, 5.65, 5.3],
			"rotation": {"angle": 22.5, "axis": "y", "origin": [0, 0, 0]},
			"faces": {
				"north": {"uv": [6, 13, 10, 14], "texture": "#2"},
				"east": {"uv": [6, 13, 10, 14], "texture": "#2"},
				"south": {"uv": [6, 13, 10, 14], "texture": "#2"},
				"west": {"uv": [6, 13, 10, 14], "texture": "#2"},
				"up": {"uv": [4, 4, 5, 12], "texture": "#2"},
				"down": {"uv": [6, 2, 10, 14], "texture": "#2"}
			}
		},
		{
			"from": [5.9, 5.4, 3.3],
			"to": [6.2, 5.65, 5],
			"rotation": {"angle": 22.5, "axis": "y", "origin": [0, 0, 0]},
			"faces": {
				"north": {"uv": [6, 13, 10, 14], "texture": "#2"},
				"east": {"uv": [6, 13, 10, 14], "texture": "#2"},
				"south": {"uv": [6, 13, 10, 14], "texture": "#2"},
				"west": {"uv": [6, 13, 10, 14], "texture": "#2"},
				"up": {"uv": [3, 5, 4, 11], "texture": "#2"},
				"down": {"uv": [6, 2, 10, 14], "texture": "#2"}
			}
		},
		{
			"from": [8.1, 4.4, -6.6],
			"to": [9.3, 4.65, -3.1],
			"rotation": {"angle": -45, "axis": "y", "origin": [0, 0, 0]},
			"faces": {
				"north": {"uv": [6, 13, 10, 14], "texture": "#2"},
				"east": {"uv": [6, 13, 10, 14], "texture": "#2"},
				"south": {"uv": [6, 13, 10, 14], "texture": "#2"},
				"west": {"uv": [6, 13, 10, 14], "texture": "#2"},
				"up": {"uv": [6, 2, 10, 14], "rotation": 180, "texture": "#2"},
				"down": {"uv": [6, 2, 10, 14], "texture": "#2"}
			}
		},
		{
			"from": [7.2, 4.4, -5.7],
			"to": [7.5, 4.65, -4],
			"rotation": {"angle": -45, "axis": "y", "origin": [0, 0, 0]},
			"faces": {
				"north": {"uv": [6, 13, 10, 14], "texture": "#2"},
				"east": {"uv": [6, 13, 10, 14], "texture": "#2"},
				"south": {"uv": [6, 13, 10, 14], "texture": "#2"},
				"west": {"uv": [6, 13, 10, 14], "texture": "#2"},
				"up": {"uv": [12, 5, 13, 11], "texture": "#2"},
				"down": {"uv": [6, 2, 10, 14], "texture": "#2"}
			}
		},
		{
			"from": [7.5, 4.4, -6],
			"to": [7.8, 4.65, -3.7],
			"rotation": {"angle": -45, "axis": "y", "origin": [0, 0, 0]},
			"faces": {
				"north": {"uv": [6, 13, 10, 14], "texture": "#2"},
				"east": {"uv": [6, 13, 10, 14], "texture": "#2"},
				"south": {"uv": [6, 13, 10, 14], "texture": "#2"},
				"west": {"uv": [6, 13, 10, 14], "texture": "#2"},
				"up": {"uv": [11, 4, 12, 12], "texture": "#2"},
				"down": {"uv": [6, 2, 10, 14], "texture": "#2"}
			}
		},
		{
			"from": [7.8, 4.4, -6.3],
			"to": [8.1, 4.65, -3.4],
			"rotation": {"angle": -45, "axis": "y", "origin": [0, 0, 0]},
			"faces": {
				"north": {"uv": [6, 13, 10, 14], "texture": "#2"},
				"east": {"uv": [6, 13, 10, 14], "texture": "#2"},
				"south": {"uv": [6, 13, 10, 14], "texture": "#2"},
				"west": {"uv": [6, 13, 10, 14], "texture": "#2"},
				"up": {"uv": [10, 3, 11, 13], "texture": "#2"},
				"down": {"uv": [6, 2, 10, 14], "texture": "#2"}
			}
		},
		{
			"from": [9.3, 4.4, -6.3],
			"to": [9.6, 4.65, -3.4],
			"rotation": {"angle": -45, "axis": "y", "origin": [0, 0, 0]},
			"faces": {
				"north": {"uv": [6, 13, 10, 14], "texture": "#2"},
				"east": {"uv": [6, 13, 10, 14], "texture": "#2"},
				"south": {"uv": [6, 13, 10, 14], "texture": "#2"},
				"west": {"uv": [6, 13, 10, 14], "texture": "#2"},
				"up": {"uv": [5, 3, 6, 13], "texture": "#2"},
				"down": {"uv": [6, 2, 10, 14], "texture": "#2"}
			}
		},
		{
			"from": [9.6, 4.4, -6],
			"to": [9.9, 4.65, -3.7],
			"rotation": {"angle": -45, "axis": "y", "origin": [0, 0, 0]},
			"faces": {
				"north": {"uv": [6, 13, 10, 14], "texture": "#2"},
				"east": {"uv": [6, 13, 10, 14], "texture": "#2"},
				"south": {"uv": [6, 13, 10, 14], "texture": "#2"},
				"west": {"uv": [6, 13, 10, 14], "texture": "#2"},
				"up": {"uv": [4, 4, 5, 12], "texture": "#2"},
				"down": {"uv": [6, 2, 10, 14], "texture": "#2"}
			}
		},
		{
			"from": [9.9, 4.4, -5.7],
			"to": [10.2, 4.65, -4],
			"rotation": {"angle": -45, "axis": "y", "origin": [0, 0, 0]},
			"faces": {
				"north": {"uv": [6, 13, 10, 14], "texture": "#2"},
				"east": {"uv": [6, 13, 10, 14], "texture": "#2"},
				"south": {"uv": [6, 13, 10, 14], "texture": "#2"},
				"west": {"uv": [6, 13, 10, 14], "texture": "#2"},
				"up": {"uv": [3, 5, 4, 11], "texture": "#2"},
				"down": {"uv": [6, 2, 10, 14], "texture": "#2"}
			}
		},
		{
			"from": [10.1, 2.4, 1.4],
			"to": [11.3, 2.65, 4.9],
			"faces": {
				"north": {"uv": [6, 13, 10, 14], "texture": "#2"},
				"east": {"uv": [6, 13, 10, 14], "texture": "#2"},
				"south": {"uv": [6, 13, 10, 14], "texture": "#2"},
				"west": {"uv": [6, 13, 10, 14], "texture": "#2"},
				"up": {"uv": [6, 2, 10, 14], "rotation": 180, "texture": "#2"},
				"down": {"uv": [6, 2, 10, 14], "texture": "#2"}
			}
		},
		{
			"from": [9.2, 2.4, 2.3],
			"to": [9.5, 2.65, 4],
			"faces": {
				"north": {"uv": [6, 13, 10, 14], "texture": "#2"},
				"east": {"uv": [6, 13, 10, 14], "texture": "#2"},
				"south": {"uv": [6, 13, 10, 14], "texture": "#2"},
				"west": {"uv": [6, 13, 10, 14], "texture": "#2"},
				"up": {"uv": [12, 5, 13, 11], "texture": "#2"},
				"down": {"uv": [6, 2, 10, 14], "texture": "#2"}
			}
		},
		{
			"from": [9.5, 2.4, 2],
			"to": [9.8, 2.65, 4.3],
			"faces": {
				"north": {"uv": [6, 13, 10, 14], "texture": "#2"},
				"east": {"uv": [6, 13, 10, 14], "texture": "#2"},
				"south": {"uv": [6, 13, 10, 14], "texture": "#2"},
				"west": {"uv": [6, 13, 10, 14], "texture": "#2"},
				"up": {"uv": [11, 4, 12, 12], "texture": "#2"},
				"down": {"uv": [6, 2, 10, 14], "texture": "#2"}
			}
		},
		{
			"from": [9.8, 2.4, 1.7],
			"to": [10.1, 2.65, 4.6],
			"faces": {
				"north": {"uv": [6, 13, 10, 14], "texture": "#2"},
				"east": {"uv": [6, 13, 10, 14], "texture": "#2"},
				"south": {"uv": [6, 13, 10, 14], "texture": "#2"},
				"west": {"uv": [6, 13, 10, 14], "texture": "#2"},
				"up": {"uv": [10, 3, 11, 13], "texture": "#2"},
				"down": {"uv": [6, 2, 10, 14], "texture": "#2"}
			}
		},
		{
			"from": [11.3, 2.4, 1.7],
			"to": [11.6, 2.65, 4.6],
			"faces": {
				"north": {"uv": [6, 13, 10, 14], "texture": "#2"},
				"east": {"uv": [6, 13, 10, 14], "texture": "#2"},
				"south": {"uv": [6, 13, 10, 14], "texture": "#2"},
				"west": {"uv": [6, 13, 10, 14], "texture": "#2"},
				"up": {"uv": [5, 3, 6, 13], "texture": "#2"},
				"down": {"uv": [6, 2, 10, 14], "texture": "#2"}
			}
		},
		{
			"from": [11.6, 2.4, 2],
			"to": [11.9, 2.65, 4.3],
			"faces": {
				"north": {"uv": [6, 13, 10, 14], "texture": "#2"},
				"east": {"uv": [6, 13, 10, 14], "texture": "#2"},
				"south": {"uv": [6, 13, 10, 14], "texture": "#2"},
				"west": {"uv": [6, 13, 10, 14], "texture": "#2"},
				"up": {"uv": [4, 4, 5, 12], "texture": "#2"},
				"down": {"uv": [6, 2, 10, 14], "texture": "#2"}
			}
		},
		{
			"from": [11.9, 2.4, 2.3],
			"to": [12.2, 2.65, 4],
			"faces": {
				"north": {"uv": [6, 13, 10, 14], "texture": "#2"},
				"east": {"uv": [6, 13, 10, 14], "texture": "#2"},
				"south": {"uv": [6, 13, 10, 14], "texture": "#2"},
				"west": {"uv": [6, 13, 10, 14], "texture": "#2"},
				"up": {"uv": [3, 5, 4, 11], "texture": "#2"},
				"down": {"uv": [6, 2, 10, 14], "texture": "#2"}
			}
		},
		{
			"from": [10.9, 3.4, 0.1],
			"to": [12.1, 3.65, 3.6],
			"faces": {
				"north": {"uv": [6, 13, 10, 14], "texture": "#2"},
				"east": {"uv": [6, 13, 10, 14], "texture": "#2"},
				"south": {"uv": [6, 13, 10, 14], "texture": "#2"},
				"west": {"uv": [6, 13, 10, 14], "texture": "#2"},
				"up": {"uv": [6, 2, 10, 14], "rotation": 180, "texture": "#2"},
				"down": {"uv": [6, 2, 10, 14], "texture": "#2"}
			}
		},
		{
			"from": [10, 3.4, 1],
			"to": [10.3, 3.65, 2.7],
			"faces": {
				"north": {"uv": [6, 13, 10, 14], "texture": "#2"},
				"east": {"uv": [6, 13, 10, 14], "texture": "#2"},
				"south": {"uv": [6, 13, 10, 14], "texture": "#2"},
				"west": {"uv": [6, 13, 10, 14], "texture": "#2"},
				"up": {"uv": [12, 5, 13, 11], "texture": "#2"},
				"down": {"uv": [6, 2, 10, 14], "texture": "#2"}
			}
		},
		{
			"from": [10.3, 3.4, 0.7],
			"to": [10.6, 3.65, 3],
			"faces": {
				"north": {"uv": [6, 13, 10, 14], "texture": "#2"},
				"east": {"uv": [6, 13, 10, 14], "texture": "#2"},
				"south": {"uv": [6, 13, 10, 14], "texture": "#2"},
				"west": {"uv": [6, 13, 10, 14], "texture": "#2"},
				"up": {"uv": [11, 4, 12, 12], "texture": "#2"},
				"down": {"uv": [6, 2, 10, 14], "texture": "#2"}
			}
		},
		{
			"from": [10.6, 3.4, 0.4],
			"to": [10.9, 3.65, 3.3],
			"faces": {
				"north": {"uv": [6, 13, 10, 14], "texture": "#2"},
				"east": {"uv": [6, 13, 10, 14], "texture": "#2"},
				"south": {"uv": [6, 13, 10, 14], "texture": "#2"},
				"west": {"uv": [6, 13, 10, 14], "texture": "#2"},
				"up": {"uv": [10, 3, 11, 13], "texture": "#2"},
				"down": {"uv": [6, 2, 10, 14], "texture": "#2"}
			}
		},
		{
			"from": [12.1, 3.4, 0.4],
			"to": [12.4, 3.65, 3.3],
			"faces": {
				"north": {"uv": [6, 13, 10, 14], "texture": "#2"},
				"east": {"uv": [6, 13, 10, 14], "texture": "#2"},
				"south": {"uv": [6, 13, 10, 14], "texture": "#2"},
				"west": {"uv": [6, 13, 10, 14], "texture": "#2"},
				"up": {"uv": [5, 3, 6, 13], "texture": "#2"},
				"down": {"uv": [6, 2, 10, 14], "texture": "#2"}
			}
		},
		{
			"from": [12.4, 3.4, 0.7],
			"to": [12.7, 3.65, 3],
			"faces": {
				"north": {"uv": [6, 13, 10, 14], "texture": "#2"},
				"east": {"uv": [6, 13, 10, 14], "texture": "#2"},
				"south": {"uv": [6, 13, 10, 14], "texture": "#2"},
				"west": {"uv": [6, 13, 10, 14], "texture": "#2"},
				"up": {"uv": [4, 4, 5, 12], "texture": "#2"},
				"down": {"uv": [6, 2, 10, 14], "texture": "#2"}
			}
		},
		{
			"from": [12.7, 3.4, 1],
			"to": [13, 3.65, 2.7],
			"faces": {
				"north": {"uv": [6, 13, 10, 14], "texture": "#2"},
				"east": {"uv": [6, 13, 10, 14], "texture": "#2"},
				"south": {"uv": [6, 13, 10, 14], "texture": "#2"},
				"west": {"uv": [6, 13, 10, 14], "texture": "#2"},
				"up": {"uv": [3, 5, 4, 11], "texture": "#2"},
				"down": {"uv": [6, 2, 10, 14], "texture": "#2"}
			}
		},
		{
			"from": [3.9, 3.4, 0.4],
			"to": [5.1, 3.65, 3.9],
			"faces": {
				"north": {"uv": [6, 13, 10, 14], "texture": "#2"},
				"east": {"uv": [6, 13, 10, 14], "texture": "#2"},
				"south": {"uv": [6, 13, 10, 14], "texture": "#2"},
				"west": {"uv": [6, 13, 10, 14], "texture": "#2"},
				"up": {"uv": [6, 2, 10, 14], "rotation": 180, "texture": "#2"},
				"down": {"uv": [6, 2, 10, 14], "texture": "#2"}
			}
		},
		{
			"from": [3, 3.4, 1.3],
			"to": [3.3, 3.65, 3],
			"faces": {
				"north": {"uv": [6, 13, 10, 14], "texture": "#2"},
				"east": {"uv": [6, 13, 10, 14], "texture": "#2"},
				"south": {"uv": [6, 13, 10, 14], "texture": "#2"},
				"west": {"uv": [6, 13, 10, 14], "texture": "#2"},
				"up": {"uv": [12, 5, 13, 11], "texture": "#2"},
				"down": {"uv": [6, 2, 10, 14], "texture": "#2"}
			}
		},
		{
			"from": [3.3, 3.4, 1],
			"to": [3.6, 3.65, 3.3],
			"faces": {
				"north": {"uv": [6, 13, 10, 14], "texture": "#2"},
				"east": {"uv": [6, 13, 10, 14], "texture": "#2"},
				"south": {"uv": [6, 13, 10, 14], "texture": "#2"},
				"west": {"uv": [6, 13, 10, 14], "texture": "#2"},
				"up": {"uv": [11, 4, 12, 12], "texture": "#2"},
				"down": {"uv": [6, 2, 10, 14], "texture": "#2"}
			}
		},
		{
			"from": [3.6, 3.4, 0.7],
			"to": [3.9, 3.65, 3.6],
			"faces": {
				"north": {"uv": [6, 13, 10, 14], "texture": "#2"},
				"east": {"uv": [6, 13, 10, 14], "texture": "#2"},
				"south": {"uv": [6, 13, 10, 14], "texture": "#2"},
				"west": {"uv": [6, 13, 10, 14], "texture": "#2"},
				"up": {"uv": [10, 3, 11, 13], "texture": "#2"},
				"down": {"uv": [6, 2, 10, 14], "texture": "#2"}
			}
		},
		{
			"from": [5.1, 3.4, 0.7],
			"to": [5.4, 3.65, 3.6],
			"faces": {
				"north": {"uv": [6, 13, 10, 14], "texture": "#2"},
				"east": {"uv": [6, 13, 10, 14], "texture": "#2"},
				"south": {"uv": [6, 13, 10, 14], "texture": "#2"},
				"west": {"uv": [6, 13, 10, 14], "texture": "#2"},
				"up": {"uv": [5, 3, 6, 13], "texture": "#2"},
				"down": {"uv": [6, 2, 10, 14], "texture": "#2"}
			}
		},
		{
			"from": [5.4, 3.4, 1],
			"to": [5.7, 3.65, 3.3],
			"faces": {
				"north": {"uv": [6, 13, 10, 14], "texture": "#2"},
				"east": {"uv": [6, 13, 10, 14], "texture": "#2"},
				"south": {"uv": [6, 13, 10, 14], "texture": "#2"},
				"west": {"uv": [6, 13, 10, 14], "texture": "#2"},
				"up": {"uv": [4, 4, 5, 12], "texture": "#2"},
				"down": {"uv": [6, 2, 10, 14], "texture": "#2"}
			}
		},
		{
			"from": [5.7, 3.4, 1.3],
			"to": [6, 3.65, 3],
			"faces": {
				"north": {"uv": [6, 13, 10, 14], "texture": "#2"},
				"east": {"uv": [6, 13, 10, 14], "texture": "#2"},
				"south": {"uv": [6, 13, 10, 14], "texture": "#2"},
				"west": {"uv": [6, 13, 10, 14], "texture": "#2"},
				"up": {"uv": [3, 5, 4, 11], "texture": "#2"},
				"down": {"uv": [6, 2, 10, 14], "texture": "#2"}
			}
		},
		{
			"from": [6.3, 4.3, 1.5],
			"to": [7.5, 4.55, 5],
			"faces": {
				"north": {"uv": [6, 13, 10, 14], "texture": "#2"},
				"east": {"uv": [6, 13, 10, 14], "texture": "#2"},
				"south": {"uv": [6, 13, 10, 14], "texture": "#2"},
				"west": {"uv": [6, 13, 10, 14], "texture": "#2"},
				"up": {"uv": [6, 2, 10, 14], "rotation": 180, "texture": "#2"},
				"down": {"uv": [6, 2, 10, 14], "texture": "#2"}
			}
		},
		{
			"from": [5.4, 4.3, 2.4],
			"to": [5.7, 4.55, 4.1],
			"faces": {
				"north": {"uv": [6, 13, 10, 14], "texture": "#2"},
				"east": {"uv": [6, 13, 10, 14], "texture": "#2"},
				"south": {"uv": [6, 13, 10, 14], "texture": "#2"},
				"west": {"uv": [6, 13, 10, 14], "texture": "#2"},
				"up": {"uv": [12, 5, 13, 11], "texture": "#2"},
				"down": {"uv": [6, 2, 10, 14], "texture": "#2"}
			}
		},
		{
			"from": [5.7, 4.3, 2.1],
			"to": [6, 4.55, 4.4],
			"faces": {
				"north": {"uv": [6, 13, 10, 14], "texture": "#2"},
				"east": {"uv": [6, 13, 10, 14], "texture": "#2"},
				"south": {"uv": [6, 13, 10, 14], "texture": "#2"},
				"west": {"uv": [6, 13, 10, 14], "texture": "#2"},
				"up": {"uv": [11, 4, 12, 12], "texture": "#2"},
				"down": {"uv": [6, 2, 10, 14], "texture": "#2"}
			}
		},
		{
			"from": [6, 4.3, 1.8],
			"to": [6.3, 4.55, 4.7],
			"faces": {
				"north": {"uv": [6, 13, 10, 14], "texture": "#2"},
				"east": {"uv": [6, 13, 10, 14], "texture": "#2"},
				"south": {"uv": [6, 13, 10, 14], "texture": "#2"},
				"west": {"uv": [6, 13, 10, 14], "texture": "#2"},
				"up": {"uv": [10, 3, 11, 13], "texture": "#2"},
				"down": {"uv": [6, 2, 10, 14], "texture": "#2"}
			}
		},
		{
			"from": [7.5, 4.3, 1.8],
			"to": [7.8, 4.55, 4.7],
			"faces": {
				"north": {"uv": [6, 13, 10, 14], "texture": "#2"},
				"east": {"uv": [6, 13, 10, 14], "texture": "#2"},
				"south": {"uv": [6, 13, 10, 14], "texture": "#2"},
				"west": {"uv": [6, 13, 10, 14], "texture": "#2"},
				"up": {"uv": [5, 3, 6, 13], "texture": "#2"},
				"down": {"uv": [6, 2, 10, 14], "texture": "#2"}
			}
		},
		{
			"from": [7.8, 4.3, 2.1],
			"to": [8.1, 4.55, 4.4],
			"faces": {
				"north": {"uv": [6, 13, 10, 14], "texture": "#2"},
				"east": {"uv": [6, 13, 10, 14], "texture": "#2"},
				"south": {"uv": [6, 13, 10, 14], "texture": "#2"},
				"west": {"uv": [6, 13, 10, 14], "texture": "#2"},
				"up": {"uv": [4, 4, 5, 12], "texture": "#2"},
				"down": {"uv": [6, 2, 10, 14], "texture": "#2"}
			}
		},
		{
			"from": [8.1, 4.3, 2.4],
			"to": [8.4, 4.55, 4.1],
			"faces": {
				"north": {"uv": [6, 13, 10, 14], "texture": "#2"},
				"east": {"uv": [6, 13, 10, 14], "texture": "#2"},
				"south": {"uv": [6, 13, 10, 14], "texture": "#2"},
				"west": {"uv": [6, 13, 10, 14], "texture": "#2"},
				"up": {"uv": [3, 5, 4, 11], "texture": "#2"},
				"down": {"uv": [6, 2, 10, 14], "texture": "#2"}
			}
		},
		{
			"from": [9.1, 1.5, 5.1],
			"to": [10.3, 1.75, 8.6],
			"rotation": {"angle": -45, "axis": "x", "origin": [0, 0, 0]},
			"faces": {
				"north": {"uv": [6, 13, 10, 14], "texture": "#2"},
				"east": {"uv": [6, 13, 10, 14], "texture": "#2"},
				"south": {"uv": [6, 13, 10, 14], "texture": "#2"},
				"west": {"uv": [6, 13, 10, 14], "texture": "#2"},
				"up": {"uv": [6, 2, 10, 14], "rotation": 180, "texture": "#2"},
				"down": {"uv": [6, 2, 10, 14], "texture": "#2"}
			}
		},
		{
			"from": [8.2, 1.5, 6],
			"to": [8.5, 1.75, 7.7],
			"rotation": {"angle": -45, "axis": "x", "origin": [0, 0, 0]},
			"faces": {
				"north": {"uv": [6, 13, 10, 14], "texture": "#2"},
				"east": {"uv": [6, 13, 10, 14], "texture": "#2"},
				"south": {"uv": [6, 13, 10, 14], "texture": "#2"},
				"west": {"uv": [6, 13, 10, 14], "texture": "#2"},
				"up": {"uv": [12, 5, 13, 11], "texture": "#2"},
				"down": {"uv": [6, 2, 10, 14], "texture": "#2"}
			}
		},
		{
			"from": [8.5, 1.5, 5.7],
			"to": [8.8, 1.75, 8],
			"rotation": {"angle": -45, "axis": "x", "origin": [0, 0, 0]},
			"faces": {
				"north": {"uv": [6, 13, 10, 14], "texture": "#2"},
				"east": {"uv": [6, 13, 10, 14], "texture": "#2"},
				"south": {"uv": [6, 13, 10, 14], "texture": "#2"},
				"west": {"uv": [6, 13, 10, 14], "texture": "#2"},
				"up": {"uv": [11, 4, 12, 12], "texture": "#2"},
				"down": {"uv": [6, 2, 10, 14], "texture": "#2"}
			}
		},
		{
			"from": [8.8, 1.5, 5.4],
			"to": [9.1, 1.75, 8.3],
			"rotation": {"angle": -45, "axis": "x", "origin": [0, 0, 0]},
			"faces": {
				"north": {"uv": [6, 13, 10, 14], "texture": "#2"},
				"east": {"uv": [6, 13, 10, 14], "texture": "#2"},
				"south": {"uv": [6, 13, 10, 14], "texture": "#2"},
				"west": {"uv": [6, 13, 10, 14], "texture": "#2"},
				"up": {"uv": [10, 3, 11, 13], "texture": "#2"},
				"down": {"uv": [6, 2, 10, 14], "texture": "#2"}
			}
		},
		{
			"from": [10.3, 1.5, 5.4],
			"to": [10.6, 1.75, 8.3],
			"rotation": {"angle": -45, "axis": "x", "origin": [0, 0, 0]},
			"faces": {
				"north": {"uv": [6, 13, 10, 14], "texture": "#2"},
				"east": {"uv": [6, 13, 10, 14], "texture": "#2"},
				"south": {"uv": [6, 13, 10, 14], "texture": "#2"},
				"west": {"uv": [6, 13, 10, 14], "texture": "#2"},
				"up": {"uv": [5, 3, 6, 13], "texture": "#2"},
				"down": {"uv": [6, 2, 10, 14], "texture": "#2"}
			}
		},
		{
			"from": [10.6, 1.5, 5.7],
			"to": [10.9, 1.75, 8],
			"rotation": {"angle": -45, "axis": "x", "origin": [0, 0, 0]},
			"faces": {
				"north": {"uv": [6, 13, 10, 14], "texture": "#2"},
				"east": {"uv": [6, 13, 10, 14], "texture": "#2"},
				"south": {"uv": [6, 13, 10, 14], "texture": "#2"},
				"west": {"uv": [6, 13, 10, 14], "texture": "#2"},
				"up": {"uv": [4, 4, 5, 12], "texture": "#2"},
				"down": {"uv": [6, 2, 10, 14], "texture": "#2"}
			}
		},
		{
			"from": [10.9, 1.5, 6],
			"to": [11.2, 1.75, 7.7],
			"rotation": {"angle": -45, "axis": "x", "origin": [0, 0, 0]},
			"faces": {
				"north": {"uv": [6, 13, 10, 14], "texture": "#2"},
				"east": {"uv": [6, 13, 10, 14], "texture": "#2"},
				"south": {"uv": [6, 13, 10, 14], "texture": "#2"},
				"west": {"uv": [6, 13, 10, 14], "texture": "#2"},
				"up": {"uv": [3, 5, 4, 11], "texture": "#2"},
				"down": {"uv": [6, 2, 10, 14], "texture": "#2"}
			}
		},
		{
			"from": [13.35, 2.5, 4],
			"to": [13.6, 6, 5.2],
			"rotation": {"angle": -22.5, "axis": "x", "origin": [0, 0, 0]},
			"faces": {
				"north": {"uv": [6, 13, 10, 14], "rotation": 90, "texture": "#2"},
				"east": {"uv": [6, 2, 10, 14], "texture": "#2"},
				"south": {"uv": [6, 13, 10, 14], "rotation": 270, "texture": "#2"},
				"west": {"uv": [6, 2, 10, 14], "texture": "#2"},
				"up": {"uv": [6, 13, 10, 14], "rotation": 270, "texture": "#2"},
				"down": {"uv": [6, 13, 10, 14], "rotation": 270, "texture": "#2"}
			}
		},
		{
			"from": [13.35, 3.4, 5.8],
			"to": [13.6, 5.1, 6.1],
			"rotation": {"angle": -22.5, "axis": "x", "origin": [0, 0, 0]},
			"faces": {
				"north": {"uv": [6, 13, 10, 14], "rotation": 90, "texture": "#2"},
				"east": {"uv": [3, 5, 4, 11], "texture": "#2"},
				"south": {"uv": [6, 13, 10, 14], "rotation": 270, "texture": "#2"},
				"west": {"uv": [12, 5, 13, 11], "rotation": 180, "texture": "#2"},
				"up": {"uv": [6, 13, 10, 14], "rotation": 270, "texture": "#2"},
				"down": {"uv": [6, 13, 10, 14], "rotation": 270, "texture": "#2"}
			}
		},
		{
			"from": [13.35, 3.1, 5.5],
			"to": [13.6, 5.4, 5.8],
			"rotation": {"angle": -22.5, "axis": "x", "origin": [0, 0, 0]},
			"faces": {
				"north": {"uv": [6, 13, 10, 14], "rotation": 90, "texture": "#2"},
				"east": {"uv": [4, 4, 5, 12], "texture": "#2"},
				"south": {"uv": [6, 13, 10, 14], "rotation": 270, "texture": "#2"},
				"west": {"uv": [11, 4, 12, 12], "rotation": 180, "texture": "#2"},
				"up": {"uv": [6, 13, 10, 14], "rotation": 270, "texture": "#2"},
				"down": {"uv": [6, 13, 10, 14], "rotation": 270, "texture": "#2"}
			}
		},
		{
			"from": [13.35, 2.8, 5.2],
			"to": [13.6, 5.7, 5.5],
			"rotation": {"angle": -22.5, "axis": "x", "origin": [0, 0, 0]},
			"faces": {
				"north": {"uv": [6, 13, 10, 14], "rotation": 90, "texture": "#2"},
				"east": {"uv": [5, 3, 6, 13], "texture": "#2"},
				"south": {"uv": [6, 13, 10, 14], "rotation": 270, "texture": "#2"},
				"west": {"uv": [10, 3, 11, 13], "rotation": 180, "texture": "#2"},
				"up": {"uv": [6, 13, 10, 14], "rotation": 270, "texture": "#2"},
				"down": {"uv": [6, 13, 10, 14], "rotation": 270, "texture": "#2"}
			}
		},
		{
			"from": [13.35, 2.8, 3.7],
			"to": [13.6, 5.7, 4],
			"rotation": {"angle": -22.5, "axis": "x", "origin": [0, 0, 0]},
			"faces": {
				"north": {"uv": [6, 13, 10, 14], "rotation": 90, "texture": "#2"},
				"east": {"uv": [10, 3, 11, 13], "texture": "#2"},
				"south": {"uv": [6, 13, 10, 14], "rotation": 270, "texture": "#2"},
				"west": {"uv": [5, 3, 6, 13], "rotation": 180, "texture": "#2"},
				"up": {"uv": [6, 13, 10, 14], "rotation": 270, "texture": "#2"},
				"down": {"uv": [6, 13, 10, 14], "rotation": 270, "texture": "#2"}
			}
		},
		{
			"from": [13.35, 3.1, 3.4],
			"to": [13.6, 5.4, 3.7],
			"rotation": {"angle": -22.5, "axis": "x", "origin": [0, 0, 0]},
			"faces": {
				"north": {"uv": [6, 13, 10, 14], "rotation": 90, "texture": "#2"},
				"east": {"uv": [11, 4, 12, 12], "texture": "#2"},
				"south": {"uv": [6, 13, 10, 14], "rotation": 270, "texture": "#2"},
				"west": {"uv": [4, 4, 5, 12], "rotation": 180, "texture": "#2"},
				"up": {"uv": [6, 13, 10, 14], "rotation": 270, "texture": "#2"},
				"down": {"uv": [6, 13, 10, 14], "rotation": 270, "texture": "#2"}
			}
		},
		{
			"from": [13.35, 3.4, 3.1],
			"to": [13.6, 5.1, 3.4],
			"rotation": {"angle": -22.5, "axis": "x", "origin": [0, 0, 0]},
			"faces": {
				"north": {"uv": [6, 13, 10, 14], "rotation": 90, "texture": "#2"},
				"east": {"uv": [12, 5, 13, 11], "texture": "#2"},
				"south": {"uv": [6, 13, 10, 14], "rotation": 270, "texture": "#2"},
				"west": {"uv": [3, 5, 4, 11], "rotation": 180, "texture": "#2"},
				"up": {"uv": [6, 13, 10, 14], "rotation": 270, "texture": "#2"},
				"down": {"uv": [6, 13, 10, 14], "rotation": 270, "texture": "#2"}
			}
		},
		{
			"from": [7.8, 0.5, -0.2],
			"to": [9, 4, 0.05],
			"rotation": {"angle": 22.5, "axis": "z", "origin": [0, 0, 0]},
			"faces": {
				"north": {"uv": [6, 2, 10, 14], "texture": "#2"},
				"east": {"uv": [6, 13, 10, 14], "texture": "#2"},
				"south": {"uv": [6, 2, 10, 14], "texture": "#2"},
				"west": {"uv": [6, 13, 10, 14], "rotation": 270, "texture": "#2"},
				"up": {"uv": [6, 13, 10, 14], "texture": "#2"},
				"down": {"uv": [6, 13, 10, 14], "rotation": 180, "texture": "#2"}
			}
		},
		{
			"from": [6.9, 1.4, -0.2],
			"to": [7.2, 3.1, 0.05],
			"rotation": {"angle": 22.5, "axis": "z", "origin": [0, 0, 0]},
			"faces": {
				"north": {"uv": [12, 5, 13, 11], "rotation": 180, "texture": "#2"},
				"east": {"uv": [6, 13, 10, 14], "texture": "#2"},
				"south": {"uv": [3, 5, 4, 11], "texture": "#2"},
				"west": {"uv": [6, 13, 10, 14], "rotation": 270, "texture": "#2"},
				"up": {"uv": [6, 13, 10, 14], "texture": "#2"},
				"down": {"uv": [6, 13, 10, 14], "rotation": 180, "texture": "#2"}
			}
		},
		{
			"from": [7.2, 1.1, -0.2],
			"to": [7.5, 3.4, 0.05],
			"rotation": {"angle": 22.5, "axis": "z", "origin": [0, 0, 0]},
			"faces": {
				"north": {"uv": [11, 4, 12, 12], "rotation": 180, "texture": "#2"},
				"east": {"uv": [6, 13, 10, 14], "texture": "#2"},
				"south": {"uv": [4, 4, 5, 12], "texture": "#2"},
				"west": {"uv": [6, 13, 10, 14], "rotation": 270, "texture": "#2"},
				"up": {"uv": [6, 13, 10, 14], "texture": "#2"},
				"down": {"uv": [6, 13, 10, 14], "rotation": 180, "texture": "#2"}
			}
		},
		{
			"from": [7.5, 0.8, -0.2],
			"to": [7.8, 3.7, 0.05],
			"rotation": {"angle": 22.5, "axis": "z", "origin": [0, 0, 0]},
			"faces": {
				"north": {"uv": [10, 3, 11, 13], "rotation": 180, "texture": "#2"},
				"east": {"uv": [6, 13, 10, 14], "texture": "#2"},
				"south": {"uv": [5, 3, 6, 13], "texture": "#2"},
				"west": {"uv": [6, 13, 10, 14], "rotation": 270, "texture": "#2"},
				"up": {"uv": [6, 13, 10, 14], "texture": "#2"},
				"down": {"uv": [6, 13, 10, 14], "rotation": 180, "texture": "#2"}
			}
		},
		{
			"from": [9, 0.8, -0.2],
			"to": [9.3, 3.7, 0.05],
			"rotation": {"angle": 22.5, "axis": "z", "origin": [0, 0, 0]},
			"faces": {
				"north": {"uv": [5, 3, 6, 13], "rotation": 180, "texture": "#2"},
				"east": {"uv": [6, 13, 10, 14], "texture": "#2"},
				"south": {"uv": [10, 3, 11, 13], "texture": "#2"},
				"west": {"uv": [6, 13, 10, 14], "rotation": 270, "texture": "#2"},
				"up": {"uv": [6, 13, 10, 14], "texture": "#2"},
				"down": {"uv": [6, 13, 10, 14], "rotation": 180, "texture": "#2"}
			}
		},
		{
			"from": [9.3, 1.1, -0.2],
			"to": [9.6, 3.4, 0.05],
			"rotation": {"angle": 22.5, "axis": "z", "origin": [0, 0, 0]},
			"faces": {
				"north": {"uv": [4, 4, 5, 12], "rotation": 180, "texture": "#2"},
				"east": {"uv": [6, 13, 10, 14], "texture": "#2"},
				"south": {"uv": [11, 4, 12, 12], "texture": "#2"},
				"west": {"uv": [6, 13, 10, 14], "rotation": 270, "texture": "#2"},
				"up": {"uv": [6, 13, 10, 14], "texture": "#2"},
				"down": {"uv": [6, 13, 10, 14], "rotation": 180, "texture": "#2"}
			}
		},
		{
			"from": [9.6, 1.4, -0.2],
			"to": [9.9, 3.1, 0.05],
			"rotation": {"angle": 22.5, "axis": "z", "origin": [0, 0, 0]},
			"faces": {
				"north": {"uv": [3, 5, 4, 11], "rotation": 180, "texture": "#2"},
				"east": {"uv": [6, 13, 10, 14], "texture": "#2"},
				"south": {"uv": [12, 5, 13, 11], "texture": "#2"},
				"west": {"uv": [6, 13, 10, 14], "rotation": 270, "texture": "#2"},
				"up": {"uv": [6, 13, 10, 14], "texture": "#2"},
				"down": {"uv": [6, 13, 10, 14], "rotation": 180, "texture": "#2"}
			}
		}
	],
	"display": {
		"thirdperson_righthand": {
			"translation": [0, 0, 1.75],
			"scale": [0.5, 0.5, 0.5]
		},
		"thirdperson_lefthand": {
			"translation": [0, 0, 1.75],
			"scale": [0.5, 0.5, 0.5]
		},
		"gui": {
			"rotation": [0, 150, 0],
			"translation": [1, 0.75, 0],
			"scale": [0.75, 0.75, 0.75]
		},
		"head": {
			"rotation": [0, -180, 0],
			"translation": [0, -36, 0],
			"scale": [1.5, 1.5, 1.5]
		}
	},
	"groups": [0, 1, 2, 3, 4, 5, 6, 7, 8, 9, 10, 11, 12, 13, 14, 15, 16, 17, 18, 19, 20, 21, 22, 23, 24, 25, 26, 27, 28, 29, 30,
		{
			"name": "group",
			"origin": [0, 0, 0],
			"color": 0,
			"children": [31, 32, 33, 34, 35, 36, 37]
		},
		{
			"name": "group",
			"origin": [0, 0, 0],
			"color": 0,
			"children": [38, 39, 40, 41, 42, 43, 44]
		},
		{
			"name": "group",
			"origin": [0, 0, 0],
			"color": 0,
			"children": [45, 46, 47, 48, 49, 50, 51]
		},
		{
			"name": "group",
			"origin": [0, 0, 0],
			"color": 0,
			"children": [52, 53, 54, 55, 56, 57, 58]
		},
		{
			"name": "group",
			"origin": [0, 0, 0],
			"color": 0,
			"children": [59, 60, 61, 62, 63, 64, 65]
		},
		{
			"name": "group",
			"origin": [0, 0, 0],
			"color": 0,
			"children": [66, 67, 68, 69, 70, 71, 72]
		},
		{
			"name": "group",
			"origin": [0, 0, 0],
			"color": 0,
			"children": [73, 74, 75, 76, 77, 78, 79]
		},
		{
			"name": "group",
			"origin": [0, 0, 0],
			"color": 0,
			"children": [80, 81, 82, 83, 84, 85, 86]
		},
		{
			"name": "group",
			"origin": [0, 0, 0],
			"color": 0,
			"children": [87, 88, 89, 90, 91, 92, 93]
		},
		{
			"name": "group",
			"origin": [0, 0, 0],
			"color": 0,
			"children": [94, 95, 96, 97, 98, 99, 100]
		}
	]
}