{
	"credit": "Made with Blockbench",
	"texture_size": [32, 32],
	"textures": {
		"0": "customization:backpack",
		"2": "item/emerald",
		"particle": "customization:backpack"
	},
	"elements": [
		{
			"from": [13, 0, 0],
			"to": [13, 12, 5],
			"faces": {
				"north": {"uv": [5, 0, 10, 6], "texture": "#0"},
				"east": {"uv": [0, 6, 2.5, 12], "texture": "#0"},
				"south": {"uv": [5, 0, 10, 6], "texture": "#0"},
				"west": {"uv": [0, 6, 5, 6.5], "texture": "#0"},
				"up": {"uv": [3, 14.5, 4.5, 15], "texture": "#0"},
				"down": {"uv": [10, 8.5, 5, 11], "texture": "#0"}
			}
		},
		{
			"from": [3, 0, 0],
			"to": [3, 12, 5],
			"faces": {
				"north": {"uv": [5, 0, 10, 6], "texture": "#0"},
				"east": {"uv": [0, 6, 5, 6.5], "texture": "#0"},
				"south": {"uv": [5, 0, 10, 6], "texture": "#0"},
				"west": {"uv": [2.5, 6, 5, 12], "texture": "#0"},
				"up": {"uv": [3, 14.5, 4.5, 15], "texture": "#0"},
				"down": {"uv": [10, 8.5, 5, 11], "texture": "#0"}
			}
		},
		{
			"from": [3, 0, 0],
			"to": [13, 12, 0],
			"faces": {
				"north": {"uv": [5, 0, 10, 6], "texture": "#0"},
				"east": {"uv": [0, 6, 2.5, 12], "texture": "#0"},
				"south": {"uv": [0, 6, 5, 6.5], "texture": "#0"},
				"west": {"uv": [2.5, 6, 5, 12], "texture": "#0"},
				"up": {"uv": [3, 14.5, 4.5, 15], "texture": "#0"},
				"down": {"uv": [10, 8.5, 5, 11], "texture": "#0"}
			}
		},
		{
			"from": [3, 0, 0],
			"to": [13, 0, 5],
			"faces": {
				"north": {"uv": [5, 0, 10, 6], "texture": "#0"},
				"east": {"uv": [0, 6, 2.5, 12], "texture": "#0"},
				"south": {"uv": [5, 0, 10, 6], "texture": "#0"},
				"west": {"uv": [2.5, 6, 5, 12], "texture": "#0"},
				"up": {"uv": [2.5, 6, 4, 6.5], "texture": "#0"},
				"down": {"uv": [10, 8.5, 5, 11], "texture": "#0"}
			}
		},
		{
			"from": [3, 0, 5],
			"to": [13, 12, 5],
			"faces": {
				"north": {"uv": [0, 6, 5, 6.5], "texture": "#0"},
				"east": {"uv": [0, 6, 2.5, 12], "texture": "#0"},
				"south": {"uv": [5, 0, 10, 6], "texture": "#0"},
				"west": {"uv": [2.5, 6, 5, 12], "texture": "#0"},
				"up": {"uv": [3, 14.5, 4.5, 15], "texture": "#0"},
				"down": {"uv": [10, 8.5, 5, 11], "texture": "#0"}
			}
		},
		{
			"from": [11, 1, -1],
			"to": [11, 5, 0],
			"faces": {
				"north": {"uv": [5, 11, 8, 12.5], "texture": "#0"},
				"east": {"uv": [3, 9.5, 3.5, 11], "texture": "#0"},
				"south": {"uv": [3, 9.5, 4.5, 11], "texture": "#0"},
				"west": {"uv": [3, 9.5, 3.5, 11], "texture": "#0"},
				"up": {"uv": [3, 14.5, 4.5, 15], "texture": "#0"},
				"down": {"uv": [3, 10.5, 4.5, 11], "texture": "#0"}
			}
		},
		{
			"from": [5, 1, -1],
			"to": [11, 5, -1],
			"faces": {
				"north": {"uv": [5, 11, 8, 12.5], "texture": "#0"},
				"east": {"uv": [3, 9.5, 3.5, 11], "texture": "#0"},
				"south": {"uv": [3, 9.5, 4.5, 11], "texture": "#0"},
				"west": {"uv": [3, 9.5, 3.5, 11], "texture": "#0"},
				"up": {"uv": [3, 14.5, 4.5, 15], "texture": "#0"},
				"down": {"uv": [3, 10.5, 4.5, 11], "texture": "#0"}
			}
		},
		{
			"from": [5, 1, -1],
			"to": [11, 1, 0],
			"faces": {
				"north": {"uv": [5, 11, 8, 12.5], "texture": "#0"},
				"east": {"uv": [3, 9.5, 3.5, 11], "texture": "#0"},
				"south": {"uv": [3, 9.5, 4.5, 11], "texture": "#0"},
				"west": {"uv": [3, 9.5, 3.5, 11], "texture": "#0"},
				"up": {"uv": [3, 10.5, 4.5, 11], "texture": "#0"},
				"down": {"uv": [3, 10.5, 4.5, 11], "texture": "#0"}
			}
		},
		{
			"from": [5, 1, -1],
			"to": [5, 5, 0],
			"faces": {
				"north": {"uv": [5, 11, 8, 12.5], "texture": "#0"},
				"east": {"uv": [3, 9.5, 3.5, 11], "texture": "#0"},
				"south": {"uv": [3, 9.5, 4.5, 11], "texture": "#0"},
				"west": {"uv": [3, 9.5, 3.5, 11], "texture": "#0"},
				"up": {"uv": [3, 14.5, 4.5, 15], "texture": "#0"},
				"down": {"uv": [3, 10.5, 4.5, 11], "texture": "#0"}
			}
		},
		{
			"from": [3, 14.48745, -11.7585],
			"to": [13, 16.48745, -11.7585],
			"rotation": {"angle": 22.5, "axis": "x", "origin": [0, -14.71255, -11.5585]},
			"faces": {
				"north": {"uv": [0, 0, 5, 1], "texture": "#0"},
				"east": {"uv": [0, 6, 2.5, 12], "texture": "#0"},
				"south": {"uv": [5, 0, 10, 6], "texture": "#0"},
				"west": {"uv": [2.5, 6, 5, 12], "texture": "#0"},
				"up": {"uv": [10, 8.5, 5, 6], "texture": "#0"},
				"down": {"uv": [10, 8.5, 5, 11], "texture": "#0"}
			}
		},
		{
			"from": [3, 12.48745, -11.7585],
			"to": [13, 14.48745, -11.7585],
			"rotation": {"angle": 22.5, "axis": "x", "origin": [0, -14.71255, -11.5585]},
			"faces": {
				"north": {"uv": [0, 1, 5, 2], "texture": "#0"},
				"east": {"uv": [0, 6, 2.5, 12], "texture": "#0"},
				"south": {"uv": [5, 0, 10, 6], "texture": "#0"},
				"west": {"uv": [2.5, 6, 5, 12], "texture": "#0"},
				"up": {"uv": [10, 8.5, 5, 6], "texture": "#0"},
				"down": {"uv": [10, 8.5, 5, 11], "texture": "#0"}
			}
		},
		{
			"from": [5, 11.48745, -11.7585],
			"to": [11, 12.48745, -11.7585],
			"rotation": {"angle": 22.5, "axis": "x", "origin": [0, -14.71255, -11.5585]},
			"faces": {
				"north": {"uv": [1, 2, 4, 2.5], "texture": "#0"},
				"east": {"uv": [0, 6, 2.5, 12], "texture": "#0"},
				"south": {"uv": [5, 0, 10, 6], "texture": "#0"},
				"west": {"uv": [2.5, 6, 5, 12], "texture": "#0"},
				"up": {"uv": [10, 8.5, 5, 6], "texture": "#0"},
				"down": {"uv": [10, 8.5, 5, 11], "texture": "#0"}
			}
		},
		{
			"from": [3, 16.48745, -11.7585],
			"to": [13, 16.48745, -6.5585],
			"rotation": {"angle": 22.5, "axis": "x", "origin": [0, -14.71255, -11.5585]},
			"faces": {
				"north": {"uv": [0, 0, 5, 6], "texture": "#0"},
				"east": {"uv": [0, 6, 2.5, 12], "texture": "#0"},
				"south": {"uv": [5, 0, 10, 6], "texture": "#0"},
				"west": {"uv": [2.5, 6, 5, 12], "texture": "#0"},
				"up": {"uv": [10, 8.5, 5, 6], "texture": "#0"},
				"down": {"uv": [10, 8.5, 5, 11], "texture": "#0"}
			}
		},
		{
			"from": [3, 12, 5],
			"to": [13, 12.2, 5],
			"faces": {
				"north": {"uv": [0, 0, 5, 6], "texture": "#0"},
				"east": {"uv": [0, 6, 2.5, 12], "texture": "#0"},
				"south": {"uv": [10, 6.5, 5, 6], "texture": "#0"},
				"west": {"uv": [2.5, 6, 5, 12], "texture": "#0"},
				"up": {"uv": [10, 8.5, 5, 6], "texture": "#0"},
				"down": {"uv": [10, 8.5, 5, 11], "texture": "#0"}
			}
		},
		{
			"from": [3, 0, 5],
			"to": [13, 12, 12],
			"faces": {
				"north": {"uv": [0, 13, 5, 13.5], "texture": "#0"},
				"east": {"uv": [10, 10, 12.5, 16], "texture": "#0"},
				"south": {"uv": [11, 0, 16, 6], "texture": "#0"},
				"west": {"uv": [13.5, 10, 16, 16], "texture": "#0"},
				"up": {"uv": [16, 8.5, 11, 6], "texture": "#0"},
				"down": {"uv": [16, 8.5, 11, 6], "rotation": 180, "texture": "#0"}
			}
		},
		{
			"from": [2, 2, 4],
			"to": [3, 5, 4],
			"faces": {
				"north": {"uv": [3, 9.5, 3.5, 11], "texture": "#0"},
				"east": {"uv": [3, 9.5, 4.5, 11], "texture": "#0"},
				"south": {"uv": [3, 9.5, 3.5, 11], "texture": "#0"},
				"west": {"uv": [3, 9.5, 4.5, 11], "texture": "#0"},
				"up": {"uv": [3, 14.5, 4.5, 15], "texture": "#0"},
				"down": {"uv": [3, 10.5, 3.5, 11], "texture": "#0"}
			}
		},
		{
			"from": [2, 2, 1],
			"to": [3, 5, 1],
			"faces": {
				"north": {"uv": [3, 9.5, 3.5, 11], "texture": "#0"},
				"east": {"uv": [3, 9.5, 4.5, 11], "texture": "#0"},
				"south": {"uv": [3, 9.5, 3.5, 11], "texture": "#0"},
				"west": {"uv": [3, 9.5, 4.5, 11], "texture": "#0"},
				"up": {"uv": [3, 14.5, 4.5, 15], "texture": "#0"},
				"down": {"uv": [3, 10.5, 3.5, 11], "texture": "#0"}
			}
		},
		{
			"from": [2, 2, 1],
			"to": [2, 5, 4],
			"faces": {
				"north": {"uv": [3, 9.5, 3.5, 11], "texture": "#0"},
				"east": {"uv": [3, 9.5, 4.5, 11], "texture": "#0"},
				"south": {"uv": [3, 9.5, 3.5, 11], "texture": "#0"},
				"west": {"uv": [3, 9.5, 4.5, 11], "texture": "#0"},
				"up": {"uv": [3, 14.5, 4.5, 15], "texture": "#0"},
				"down": {"uv": [3, 10.5, 3.5, 11], "texture": "#0"}
			}
		},
		{
			"from": [13, 2, 1],
			"to": [14, 5, 1],
			"rotation": {"angle": 0, "axis": "y", "origin": [16, 0, 0]},
			"faces": {
				"north": {"uv": [3.5, 9.5, 3, 11], "texture": "#0"},
				"east": {"uv": [4.5, 9.5, 3, 11], "texture": "#0"},
				"south": {"uv": [3.5, 9.5, 3, 11], "texture": "#0"},
				"west": {"uv": [4.5, 9.5, 3, 11], "texture": "#0"},
				"up": {"uv": [4.5, 14.5, 3, 15], "texture": "#0"},
				"down": {"uv": [3.5, 10.5, 3, 11], "texture": "#0"}
			}
		},
		{
			"from": [13, 2, 4],
			"to": [14, 5, 4],
			"rotation": {"angle": 0, "axis": "y", "origin": [16, 0, 0]},
			"faces": {
				"north": {"uv": [3.5, 9.5, 3, 11], "texture": "#0"},
				"east": {"uv": [4.5, 9.5, 3, 11], "texture": "#0"},
				"south": {"uv": [3.5, 9.5, 3, 11], "texture": "#0"},
				"west": {"uv": [4.5, 9.5, 3, 11], "texture": "#0"},
				"up": {"uv": [4.5, 14.5, 3, 15], "texture": "#0"},
				"down": {"uv": [3.5, 10.5, 3, 11], "texture": "#0"}
			}
		},
		{
			"from": [14, 2, 1],
			"to": [14, 5, 4],
			"rotation": {"angle": 0, "axis": "y", "origin": [16, 0, 0]},
			"faces": {
				"north": {"uv": [3.5, 9.5, 3, 11], "texture": "#0"},
				"east": {"uv": [4.5, 9.5, 3, 11], "texture": "#0"},
				"south": {"uv": [3.5, 9.5, 3, 11], "texture": "#0"},
				"west": {"uv": [4.5, 9.5, 3, 11], "texture": "#0"},
				"up": {"uv": [4.5, 14.5, 3, 15], "texture": "#0"},
				"down": {"uv": [3.5, 10.5, 3, 11], "texture": "#0"}
			}
		},
		{
			"from": [13, 2, 1],
			"to": [14, 2, 4],
			"rotation": {"angle": 0, "axis": "y", "origin": [16, 0, 0]},
			"faces": {
				"north": {"uv": [3.5, 9.5, 3, 11], "texture": "#0"},
				"east": {"uv": [4.5, 9.5, 3, 11], "texture": "#0"},
				"south": {"uv": [3.5, 9.5, 3, 11], "texture": "#0"},
				"west": {"uv": [4.5, 9.5, 3, 11], "texture": "#0"},
				"up": {"uv": [3, 10.5, 3.5, 11], "texture": "#0"},
				"down": {"uv": [3.5, 10.5, 3, 11], "texture": "#0"}
			}
		},
		{
			"from": [2, 2, 1],
			"to": [3, 2, 4],
			"rotation": {"angle": 0, "axis": "y", "origin": [16, 0, 0]},
			"faces": {
				"north": {"uv": [3.5, 9.5, 3, 11], "texture": "#0"},
				"east": {"uv": [4.5, 9.5, 3, 11], "texture": "#0"},
				"south": {"uv": [3.5, 9.5, 3, 11], "texture": "#0"},
				"west": {"uv": [4.5, 9.5, 3, 11], "texture": "#0"},
				"up": {"uv": [3, 10.5, 3.5, 11], "texture": "#0"},
				"down": {"uv": [3.5, 10.5, 3, 11], "texture": "#0"}
			}
		},
		{
			"from": [2, 5, 1],
			"to": [3, 5, 4],
			"rotation": {"angle": 0, "axis": "y", "origin": [16, 0, 0]},
			"faces": {
				"north": {"uv": [3.5, 9.5, 3, 11], "texture": "#0"},
				"east": {"uv": [4.5, 9.5, 3, 11], "texture": "#0"},
				"south": {"uv": [3.5, 9.5, 3, 11], "texture": "#0"},
				"west": {"uv": [4.5, 9.5, 3, 11], "texture": "#0"},
				"up": {"uv": [6, 11, 7, 11.5], "texture": "#0"},
				"down": {"uv": [3.5, 10.5, 3, 11], "texture": "#0"}
			}
		},
		{
			"from": [13, 5, 1],
			"to": [14, 5, 4],
			"rotation": {"angle": 0, "axis": "y", "origin": [16, 0, 0]},
			"faces": {
				"north": {"uv": [3.5, 9.5, 3, 11], "texture": "#0"},
				"east": {"uv": [4.5, 9.5, 3, 11], "texture": "#0"},
				"south": {"uv": [3.5, 9.5, 3, 11], "texture": "#0"},
				"west": {"uv": [4.5, 9.5, 3, 11], "texture": "#0"},
				"up": {"uv": [6, 11, 7, 11.5], "texture": "#0"},
				"down": {"uv": [3.5, 10.5, 3, 11], "texture": "#0"}
			}
		},
		{
			"from": [5, 5, -1],
			"to": [11, 5, 0],
			"rotation": {"angle": 0, "axis": "y", "origin": [16, 0, 0]},
			"faces": {
				"north": {"uv": [3.5, 9.5, 3, 11], "texture": "#0"},
				"east": {"uv": [4.5, 9.5, 3, 11], "texture": "#0"},
				"south": {"uv": [3.5, 9.5, 3, 11], "texture": "#0"},
				"west": {"uv": [4.5, 9.5, 3, 11], "texture": "#0"},
				"up": {"uv": [6, 11, 7, 11.5], "texture": "#0"},
				"down": {"uv": [3.5, 10.5, 3, 11], "texture": "#0"}
			}
		},
		{
			"from": [2, 2, 1],
			"to": [2, 5, 4],
			"faces": {
				"north": {"uv": [3, 9.5, 3.5, 11], "texture": "#0"},
				"east": {"uv": [3, 9.5, 4.5, 11], "texture": "#0"},
				"south": {"uv": [3, 9.5, 3.5, 11], "texture": "#0"},
				"west": {"uv": [3, 9.5, 4.5, 11], "texture": "#0"},
				"up": {"uv": [3, 14.5, 4.5, 15], "texture": "#0"},
				"down": {"uv": [3, 10.5, 3.5, 11], "texture": "#0"}
			}
		},
		{
			"from": [2, 2, 4],
			"to": [3, 5, 4],
			"faces": {
				"north": {"uv": [3, 9.5, 3.5, 11], "texture": "#0"},
				"east": {"uv": [3, 9.5, 4.5, 11], "texture": "#0"},
				"south": {"uv": [3, 9.5, 3.5, 11], "texture": "#0"},
				"west": {"uv": [3, 9.5, 4.5, 11], "texture": "#0"},
				"up": {"uv": [3, 14.5, 4.5, 15], "texture": "#0"},
				"down": {"uv": [3, 10.5, 3.5, 11], "texture": "#0"}
			}
		},
		{
			"from": [2, 2, 1],
			"to": [3, 5, 1],
			"faces": {
				"north": {"uv": [3, 9.5, 3.5, 11], "texture": "#0"},
				"east": {"uv": [3, 9.5, 4.5, 11], "texture": "#0"},
				"south": {"uv": [3, 9.5, 3.5, 11], "texture": "#0"},
				"west": {"uv": [3, 9.5, 4.5, 11], "texture": "#0"},
				"up": {"uv": [3, 14.5, 4.5, 15], "texture": "#0"},
				"down": {"uv": [3, 10.5, 3.5, 11], "texture": "#0"}
			}
		},
		{
			"from": [2, 2, 1],
			"to": [2, 5, 4],
			"faces": {
				"north": {"uv": [3, 9.5, 3.5, 11], "texture": "#0"},
				"east": {"uv": [3, 9.5, 4.5, 11], "texture": "#0"},
				"south": {"uv": [3, 9.5, 3.5, 11], "texture": "#0"},
				"west": {"uv": [3, 9.5, 4.5, 11], "texture": "#0"},
				"up": {"uv": [3, 14.5, 4.5, 15], "texture": "#0"},
				"down": {"uv": [3, 10.5, 3.5, 11], "texture": "#0"}
			}
		},
		{
			"from": [7, 10.48745, -12.0585],
			"to": [9, 13.48745, -11.5585],
			"rotation": {"angle": 22.5, "axis": "x", "origin": [0, -14.71255, -11.5585]},
			"faces": {
				"north": {"uv": [2, 1.5, 3, 3], "texture": "#0"},
				"east": {"uv": [2, 1.5, 3, 3], "texture": "#0"},
				"south": {"uv": [2, 1.5, 3, 3], "texture": "#0"},
				"west": {"uv": [2, 1.5, 3, 3], "texture": "#0"},
				"up": {"uv": [2, 1.5, 3, 3], "texture": "#0"},
				"down": {"uv": [2, 1.5, 3, 3], "texture": "#0"}
			}
		},
		{
			"from": [9.2, 8.2, 1.4],
			"to": [10.4, 8.45, 4.9],
			"faces": {
				"north": {"uv": [6, 13, 10, 14], "texture": "#2"},
				"east": {"uv": [6, 13, 10, 14], "texture": "#2"},
				"south": {"uv": [6, 13, 10, 14], "texture": "#2"},
				"west": {"uv": [6, 13, 10, 14], "texture": "#2"},
				"up": {"uv": [6, 2, 10, 14], "rotation": 180, "texture": "#2"},
				"down": {"uv": [6, 2, 10, 14], "texture": "#2"}
			}
		},
		{
			"from": [8.3, 8.2, 2.3],
			"to": [8.6, 8.45, 4],
			"faces": {
				"north": {"uv": [6, 13, 10, 14], "texture": "#2"},
				"east": {"uv": [6, 13, 10, 14], "texture": "#2"},
				"south": {"uv": [6, 13, 10, 14], "texture": "#2"},
				"west": {"uv": [6, 13, 10, 14], "texture": "#2"},
				"up": {"uv": [12, 5, 13, 11], "texture": "#2"},
				"down": {"uv": [6, 2, 10, 14], "texture": "#2"}
			}
		},
		{
			"from": [8.6, 8.2, 2],
			"to": [8.9, 8.45, 4.3],
			"faces": {
				"north": {"uv": [6, 13, 10, 14], "texture": "#2"},
				"east": {"uv": [6, 13, 10, 14], "texture": "#2"},
				"south": {"uv": [6, 13, 10, 14], "texture": "#2"},
				"west": {"uv": [6, 13, 10, 14], "texture": "#2"},
				"up": {"uv": [11, 4, 12, 12], "texture": "#2"},
				"down": {"uv": [6, 2, 10, 14], "texture": "#2"}
			}
		},
		{
			"from": [8.9, 8.2, 1.7],
			"to": [9.2, 8.45, 4.6],
			"faces": {
				"north": {"uv": [6, 13, 10, 14], "texture": "#2"},
				"east": {"uv": [6, 13, 10, 14], "texture": "#2"},
				"south": {"uv": [6, 13, 10, 14], "texture": "#2"},
				"west": {"uv": [6, 13, 10, 14], "texture": "#2"},
				"up": {"uv": [10, 3, 11, 13], "texture": "#2"},
				"down": {"uv": [6, 2, 10, 14], "texture": "#2"}
			}
		},
		{
			"from": [10.4, 8.2, 1.7],
			"to": [10.7, 8.45, 4.6],
			"faces": {
				"north": {"uv": [6, 13, 10, 14], "texture": "#2"},
				"east": {"uv": [6, 13, 10, 14], "texture": "#2"},
				"south": {"uv": [6, 13, 10, 14], "texture": "#2"},
				"west": {"uv": [6, 13, 10, 14], "texture": "#2"},
				"up": {"uv": [5, 3, 6, 13], "texture": "#2"},
				"down": {"uv": [6, 2, 10, 14], "texture": "#2"}
			}
		},
		{
			"from": [10.7, 8.2, 2],
			"to": [11, 8.45, 4.3],
			"faces": {
				"north": {"uv": [6, 13, 10, 14], "texture": "#2"},
				"east": {"uv": [6, 13, 10, 14], "texture": "#2"},
				"south": {"uv": [6, 13, 10, 14], "texture": "#2"},
				"west": {"uv": [6, 13, 10, 14], "texture": "#2"},
				"up": {"uv": [4, 4, 5, 12], "texture": "#2"},
				"down": {"uv": [6, 2, 10, 14], "texture": "#2"}
			}
		},
		{
			"from": [11, 8.2, 2.3],
			"to": [11.3, 8.45, 4],
			"faces": {
				"north": {"uv": [6, 13, 10, 14], "texture": "#2"},
				"east": {"uv": [6, 13, 10, 14], "texture": "#2"},
				"south": {"uv": [6, 13, 10, 14], "texture": "#2"},
				"west": {"uv": [6, 13, 10, 14], "texture": "#2"},
				"up": {"uv": [3, 5, 4, 11], "texture": "#2"},
				"down": {"uv": [6, 2, 10, 14], "texture": "#2"}
			}
		},
		{
			"from": [7.2, 7.1, -7.1],
			"to": [8.4, 7.35, -3.6],
			"rotation": {"angle": 45, "axis": "x", "origin": [0, 0, 0]},
			"faces": {
				"north": {"uv": [6, 13, 10, 14], "texture": "#2"},
				"east": {"uv": [6, 13, 10, 14], "texture": "#2"},
				"south": {"uv": [6, 13, 10, 14], "texture": "#2"},
				"west": {"uv": [6, 13, 10, 14], "texture": "#2"},
				"up": {"uv": [6, 2, 10, 14], "texture": "#2"},
				"down": {"uv": [6, 2, 10, 14], "rotation": 180, "texture": "#2"}
			}
		},
		{
			"from": [9, 7.1, -6.2],
			"to": [9.3, 7.35, -4.5],
			"rotation": {"angle": 45, "axis": "x", "origin": [0, 0, 0]},
			"faces": {
				"north": {"uv": [6, 13, 10, 14], "texture": "#2"},
				"east": {"uv": [6, 13, 10, 14], "texture": "#2"},
				"south": {"uv": [6, 13, 10, 14], "texture": "#2"},
				"west": {"uv": [6, 13, 10, 14], "texture": "#2"},
				"up": {"uv": [12, 5, 13, 11], "rotation": 180, "texture": "#2"},
				"down": {"uv": [6, 2, 10, 14], "rotation": 180, "texture": "#2"}
			}
		},
		{
			"from": [8.7, 7.1, -6.5],
			"to": [9, 7.35, -4.2],
			"rotation": {"angle": 45, "axis": "x", "origin": [0, 0, 0]},
			"faces": {
				"north": {"uv": [6, 13, 10, 14], "texture": "#2"},
				"east": {"uv": [6, 13, 10, 14], "texture": "#2"},
				"south": {"uv": [6, 13, 10, 14], "texture": "#2"},
				"west": {"uv": [6, 13, 10, 14], "texture": "#2"},
				"up": {"uv": [11, 4, 12, 12], "rotation": 180, "texture": "#2"},
				"down": {"uv": [6, 2, 10, 14], "rotation": 180, "texture": "#2"}
			}
		},
		{
			"from": [8.4, 7.1, -6.8],
			"to": [8.7, 7.35, -3.9],
			"rotation": {"angle": 45, "axis": "x", "origin": [0, 0, 0]},
			"faces": {
				"north": {"uv": [6, 13, 10, 14], "texture": "#2"},
				"east": {"uv": [6, 13, 10, 14], "texture": "#2"},
				"south": {"uv": [6, 13, 10, 14], "texture": "#2"},
				"west": {"uv": [6, 13, 10, 14], "texture": "#2"},
				"up": {"uv": [10, 3, 11, 13], "rotation": 180, "texture": "#2"},
				"down": {"uv": [6, 2, 10, 14], "rotation": 180, "texture": "#2"}
			}
		},
		{
			"from": [6.9, 7.1, -6.8],
			"to": [7.2, 7.35, -3.9],
			"rotation": {"angle": 45, "axis": "x", "origin": [0, 0, 0]},
			"faces": {
				"north": {"uv": [6, 13, 10, 14], "texture": "#2"},
				"east": {"uv": [6, 13, 10, 14], "texture": "#2"},
				"south": {"uv": [6, 13, 10, 14], "texture": "#2"},
				"west": {"uv": [6, 13, 10, 14], "texture": "#2"},
				"up": {"uv": [5, 3, 6, 13], "rotation": 180, "texture": "#2"},
				"down": {"uv": [6, 2, 10, 14], "rotation": 180, "texture": "#2"}
			}
		},
		{
			"from": [6.6, 7.1, -6.5],
			"to": [6.9, 7.35, -4.2],
			"rotation": {"angle": 45, "axis": "x", "origin": [0, 0, 0]},
			"faces": {
				"north": {"uv": [6, 13, 10, 14], "texture": "#2"},
				"east": {"uv": [6, 13, 10, 14], "texture": "#2"},
				"south": {"uv": [6, 13, 10, 14], "texture": "#2"},
				"west": {"uv": [6, 13, 10, 14], "texture": "#2"},
				"up": {"uv": [4, 4, 5, 12], "rotation": 180, "texture": "#2"},
				"down": {"uv": [6, 2, 10, 14], "rotation": 180, "texture": "#2"}
			}
		},
		{
			"from": [6.3, 7.1, -6.2],
			"to": [6.6, 7.35, -4.5],
			"rotation": {"angle": 45, "axis": "x", "origin": [0, 0, 0]},
			"faces": {
				"north": {"uv": [6, 13, 10, 14], "texture": "#2"},
				"east": {"uv": [6, 13, 10, 14], "texture": "#2"},
				"south": {"uv": [6, 13, 10, 14], "texture": "#2"},
				"west": {"uv": [6, 13, 10, 14], "texture": "#2"},
				"up": {"uv": [3, 5, 4, 11], "rotation": 180, "texture": "#2"},
				"down": {"uv": [6, 2, 10, 14], "rotation": 180, "texture": "#2"}
			}
		},
		{
			"from": [7, 7.8, 5.1],
			"to": [8.2, 8.05, 8.6],
			"rotation": {"angle": -22.5, "axis": "x", "origin": [0, 0, 0]},
			"faces": {
				"north": {"uv": [6, 13, 10, 14], "texture": "#2"},
				"east": {"uv": [6, 13, 10, 14], "texture": "#2"},
				"south": {"uv": [6, 13, 10, 14], "texture": "#2"},
				"west": {"uv": [6, 13, 10, 14], "texture": "#2"},
				"up": {"uv": [6, 2, 10, 14], "rotation": 180, "texture": "#2"},
				"down": {"uv": [6, 2, 10, 14], "texture": "#2"}
			}
		},
		{
			"from": [6.1, 7.8, 6],
			"to": [6.4, 8.05, 7.7],
			"rotation": {"angle": -22.5, "axis": "x", "origin": [0, 0, 0]},
			"faces": {
				"north": {"uv": [6, 13, 10, 14], "texture": "#2"},
				"east": {"uv": [6, 13, 10, 14], "texture": "#2"},
				"south": {"uv": [6, 13, 10, 14], "texture": "#2"},
				"west": {"uv": [6, 13, 10, 14], "texture": "#2"},
				"up": {"uv": [12, 5, 13, 11], "texture": "#2"},
				"down": {"uv": [6, 2, 10, 14], "texture": "#2"}
			}
		},
		{
			"from": [6.4, 7.8, 5.7],
			"to": [6.7, 8.05, 8],
			"rotation": {"angle": -22.5, "axis": "x", "origin": [0, 0, 0]},
			"faces": {
				"north": {"uv": [6, 13, 10, 14], "texture": "#2"},
				"east": {"uv": [6, 13, 10, 14], "texture": "#2"},
				"south": {"uv": [6, 13, 10, 14], "texture": "#2"},
				"west": {"uv": [6, 13, 10, 14], "texture": "#2"},
				"up": {"uv": [11, 4, 12, 12], "texture": "#2"},
				"down": {"uv": [6, 2, 10, 14], "texture": "#2"}
			}
		},
		{
			"from": [6.7, 7.8, 5.4],
			"to": [7, 8.05, 8.3],
			"rotation": {"angle": -22.5, "axis": "x", "origin": [0, 0, 0]},
			"faces": {
				"north": {"uv": [6, 13, 10, 14], "texture": "#2"},
				"east": {"uv": [6, 13, 10, 14], "texture": "#2"},
				"south": {"uv": [6, 13, 10, 14], "texture": "#2"},
				"west": {"uv": [6, 13, 10, 14], "texture": "#2"},
				"up": {"uv": [10, 3, 11, 13], "texture": "#2"},
				"down": {"uv": [6, 2, 10, 14], "texture": "#2"}
			}
		},
		{
			"from": [8.2, 7.8, 5.4],
			"to": [8.5, 8.05, 8.3],
			"rotation": {"angle": -22.5, "axis": "x", "origin": [0, 0, 0]},
			"faces": {
				"north": {"uv": [6, 13, 10, 14], "texture": "#2"},
				"east": {"uv": [6, 13, 10, 14], "texture": "#2"},
				"south": {"uv": [6, 13, 10, 14], "texture": "#2"},
				"west": {"uv": [6, 13, 10, 14], "texture": "#2"},
				"up": {"uv": [5, 3, 6, 13], "texture": "#2"},
				"down": {"uv": [6, 2, 10, 14], "texture": "#2"}
			}
		},
		{
			"from": [8.5, 7.8, 5.7],
			"to": [8.8, 8.05, 8],
			"rotation": {"angle": -22.5, "axis": "x", "origin": [0, 0, 0]},
			"faces": {
				"north": {"uv": [6, 13, 10, 14], "texture": "#2"},
				"east": {"uv": [6, 13, 10, 14], "texture": "#2"},
				"south": {"uv": [6, 13, 10, 14], "texture": "#2"},
				"west": {"uv": [6, 13, 10, 14], "texture": "#2"},
				"up": {"uv": [4, 4, 5, 12], "texture": "#2"},
				"down": {"uv": [6, 2, 10, 14], "texture": "#2"}
			}
		},
		{
			"from": [8.8, 7.8, 6],
			"to": [9.1, 8.05, 7.7],
			"rotation": {"angle": -22.5, "axis": "x", "origin": [0, 0, 0]},
			"faces": {
				"north": {"uv": [6, 13, 10, 14], "texture": "#2"},
				"east": {"uv": [6, 13, 10, 14], "texture": "#2"},
				"south": {"uv": [6, 13, 10, 14], "texture": "#2"},
				"west": {"uv": [6, 13, 10, 14], "texture": "#2"},
				"up": {"uv": [3, 5, 4, 11], "texture": "#2"},
				"down": {"uv": [6, 2, 10, 14], "texture": "#2"}
			}
		},
		{
			"from": [8.3, 8.4, 1.4],
			"to": [9.5, 8.65, 4.9],
			"faces": {
				"north": {"uv": [6, 13, 10, 14], "texture": "#2"},
				"east": {"uv": [6, 13, 10, 14], "texture": "#2"},
				"south": {"uv": [6, 13, 10, 14], "texture": "#2"},
				"west": {"uv": [6, 13, 10, 14], "texture": "#2"},
				"up": {"uv": [6, 2, 10, 14], "rotation": 180, "texture": "#2"},
				"down": {"uv": [6, 2, 10, 14], "texture": "#2"}
			}
		},
		{
			"from": [7.4, 8.4, 2.3],
			"to": [7.7, 8.65, 4],
			"faces": {
				"north": {"uv": [6, 13, 10, 14], "texture": "#2"},
				"east": {"uv": [6, 13, 10, 14], "texture": "#2"},
				"south": {"uv": [6, 13, 10, 14], "texture": "#2"},
				"west": {"uv": [6, 13, 10, 14], "texture": "#2"},
				"up": {"uv": [12, 5, 13, 11], "texture": "#2"},
				"down": {"uv": [6, 2, 10, 14], "texture": "#2"}
			}
		},
		{
			"from": [7.7, 8.4, 2],
			"to": [8, 8.65, 4.3],
			"faces": {
				"north": {"uv": [6, 13, 10, 14], "texture": "#2"},
				"east": {"uv": [6, 13, 10, 14], "texture": "#2"},
				"south": {"uv": [6, 13, 10, 14], "texture": "#2"},
				"west": {"uv": [6, 13, 10, 14], "texture": "#2"},
				"up": {"uv": [11, 4, 12, 12], "texture": "#2"},
				"down": {"uv": [6, 2, 10, 14], "texture": "#2"}
			}
		},
		{
			"from": [8, 8.4, 1.7],
			"to": [8.3, 8.65, 4.6],
			"faces": {
				"north": {"uv": [6, 13, 10, 14], "texture": "#2"},
				"east": {"uv": [6, 13, 10, 14], "texture": "#2"},
				"south": {"uv": [6, 13, 10, 14], "texture": "#2"},
				"west": {"uv": [6, 13, 10, 14], "texture": "#2"},
				"up": {"uv": [10, 3, 11, 13], "texture": "#2"},
				"down": {"uv": [6, 2, 10, 14], "texture": "#2"}
			}
		},
		{
			"from": [9.5, 8.4, 1.7],
			"to": [9.8, 8.65, 4.6],
			"faces": {
				"north": {"uv": [6, 13, 10, 14], "texture": "#2"},
				"east": {"uv": [6, 13, 10, 14], "texture": "#2"},
				"south": {"uv": [6, 13, 10, 14], "texture": "#2"},
				"west": {"uv": [6, 13, 10, 14], "texture": "#2"},
				"up": {"uv": [5, 3, 6, 13], "texture": "#2"},
				"down": {"uv": [6, 2, 10, 14], "texture": "#2"}
			}
		},
		{
			"from": [9.8, 8.4, 2],
			"to": [10.1, 8.65, 4.3],
			"faces": {
				"north": {"uv": [6, 13, 10, 14], "texture": "#2"},
				"east": {"uv": [6, 13, 10, 14], "texture": "#2"},
				"south": {"uv": [6, 13, 10, 14], "texture": "#2"},
				"west": {"uv": [6, 13, 10, 14], "texture": "#2"},
				"up": {"uv": [4, 4, 5, 12], "texture": "#2"},
				"down": {"uv": [6, 2, 10, 14], "texture": "#2"}
			}
		},
		{
			"from": [10.1, 8.4, 2.3],
			"to": [10.4, 8.65, 4],
			"faces": {
				"north": {"uv": [6, 13, 10, 14], "texture": "#2"},
				"east": {"uv": [6, 13, 10, 14], "texture": "#2"},
				"south": {"uv": [6, 13, 10, 14], "texture": "#2"},
				"west": {"uv": [6, 13, 10, 14], "texture": "#2"},
				"up": {"uv": [3, 5, 4, 11], "texture": "#2"},
				"down": {"uv": [6, 2, 10, 14], "texture": "#2"}
			}
		},
		{
			"from": [8.9, 8.2, 5.1],
			"to": [10.1, 8.45, 8.6],
			"rotation": {"angle": -22.5, "axis": "x", "origin": [0, 0, 0]},
			"faces": {
				"north": {"uv": [6, 13, 10, 14], "texture": "#2"},
				"east": {"uv": [6, 13, 10, 14], "texture": "#2"},
				"south": {"uv": [6, 13, 10, 14], "texture": "#2"},
				"west": {"uv": [6, 13, 10, 14], "texture": "#2"},
				"up": {"uv": [6, 2, 10, 14], "rotation": 180, "texture": "#2"},
				"down": {"uv": [6, 2, 10, 14], "texture": "#2"}
			}
		},
		{
			"from": [8, 8.2, 6],
			"to": [8.3, 8.45, 7.7],
			"rotation": {"angle": -22.5, "axis": "x", "origin": [0, 0, 0]},
			"faces": {
				"north": {"uv": [6, 13, 10, 14], "texture": "#2"},
				"east": {"uv": [6, 13, 10, 14], "texture": "#2"},
				"south": {"uv": [6, 13, 10, 14], "texture": "#2"},
				"west": {"uv": [6, 13, 10, 14], "texture": "#2"},
				"up": {"uv": [12, 5, 13, 11], "texture": "#2"},
				"down": {"uv": [6, 2, 10, 14], "texture": "#2"}
			}
		},
		{
			"from": [8.3, 8.2, 5.7],
			"to": [8.6, 8.45, 8],
			"rotation": {"angle": -22.5, "axis": "x", "origin": [0, 0, 0]},
			"faces": {
				"north": {"uv": [6, 13, 10, 14], "texture": "#2"},
				"east": {"uv": [6, 13, 10, 14], "texture": "#2"},
				"south": {"uv": [6, 13, 10, 14], "texture": "#2"},
				"west": {"uv": [6, 13, 10, 14], "texture": "#2"},
				"up": {"uv": [11, 4, 12, 12], "texture": "#2"},
				"down": {"uv": [6, 2, 10, 14], "texture": "#2"}
			}
		},
		{
			"from": [8.6, 8.2, 5.4],
			"to": [8.9, 8.45, 8.3],
			"rotation": {"angle": -22.5, "axis": "x", "origin": [0, 0, 0]},
			"faces": {
				"north": {"uv": [6, 13, 10, 14], "texture": "#2"},
				"east": {"uv": [6, 13, 10, 14], "texture": "#2"},
				"south": {"uv": [6, 13, 10, 14], "texture": "#2"},
				"west": {"uv": [6, 13, 10, 14], "texture": "#2"},
				"up": {"uv": [10, 3, 11, 13], "texture": "#2"},
				"down": {"uv": [6, 2, 10, 14], "texture": "#2"}
			}
		},
		{
			"from": [10.1, 8.2, 5.4],
			"to": [10.4, 8.45, 8.3],
			"rotation": {"angle": -22.5, "axis": "x", "origin": [0, 0, 0]},
			"faces": {
				"north": {"uv": [6, 13, 10, 14], "texture": "#2"},
				"east": {"uv": [6, 13, 10, 14], "texture": "#2"},
				"south": {"uv": [6, 13, 10, 14], "texture": "#2"},
				"west": {"uv": [6, 13, 10, 14], "texture": "#2"},
				"up": {"uv": [5, 3, 6, 13], "texture": "#2"},
				"down": {"uv": [6, 2, 10, 14], "texture": "#2"}
			}
		},
		{
			"from": [10.4, 8.2, 5.7],
			"to": [10.7, 8.45, 8],
			"rotation": {"angle": -22.5, "axis": "x", "origin": [0, 0, 0]},
			"faces": {
				"north": {"uv": [6, 13, 10, 14], "texture": "#2"},
				"east": {"uv": [6, 13, 10, 14], "texture": "#2"},
				"south": {"uv": [6, 13, 10, 14], "texture": "#2"},
				"west": {"uv": [6, 13, 10, 14], "texture": "#2"},
				"up": {"uv": [4, 4, 5, 12], "texture": "#2"},
				"down": {"uv": [6, 2, 10, 14], "texture": "#2"}
			}
		},
		{
			"from": [10.7, 8.2, 6],
			"to": [11, 8.45, 7.7],
			"rotation": {"angle": -22.5, "axis": "x", "origin": [0, 0, 0]},
			"faces": {
				"north": {"uv": [6, 13, 10, 14], "texture": "#2"},
				"east": {"uv": [6, 13, 10, 14], "texture": "#2"},
				"south": {"uv": [6, 13, 10, 14], "texture": "#2"},
				"west": {"uv": [6, 13, 10, 14], "texture": "#2"},
				"up": {"uv": [3, 5, 4, 11], "texture": "#2"},
				"down": {"uv": [6, 2, 10, 14], "texture": "#2"}
			}
		},
		{
			"from": [8.4, 11.3, 0.2],
			"to": [9.6, 11.55, 3.7],
			"faces": {
				"north": {"uv": [6, 13, 10, 14], "texture": "#2"},
				"east": {"uv": [6, 13, 10, 14], "texture": "#2"},
				"south": {"uv": [6, 13, 10, 14], "texture": "#2"},
				"west": {"uv": [6, 13, 10, 14], "texture": "#2"},
				"up": {"uv": [6, 2, 10, 14], "rotation": 180, "texture": "#2"},
				"down": {"uv": [6, 2, 10, 14], "texture": "#2"}
			}
		},
		{
			"from": [5.9, 11.5, 0.2],
			"to": [7.1, 11.75, 3.7],
			"faces": {
				"north": {"uv": [6, 13, 10, 14], "texture": "#2"},
				"east": {"uv": [6, 13, 10, 14], "texture": "#2"},
				"south": {"uv": [6, 13, 10, 14], "texture": "#2"},
				"west": {"uv": [6, 13, 10, 14], "texture": "#2"},
				"up": {"uv": [6, 2, 10, 14], "rotation": 180, "texture": "#2"},
				"down": {"uv": [6, 2, 10, 14], "texture": "#2"}
			}
		},
		{
			"from": [5.2, 11.3, 0.2],
			"to": [6.4, 11.55, 3.7],
			"faces": {
				"north": {"uv": [6, 13, 10, 14], "texture": "#2"},
				"east": {"uv": [6, 13, 10, 14], "texture": "#2"},
				"south": {"uv": [6, 13, 10, 14], "texture": "#2"},
				"west": {"uv": [6, 13, 10, 14], "texture": "#2"},
				"up": {"uv": [6, 2, 10, 14], "rotation": 180, "texture": "#2"},
				"down": {"uv": [6, 2, 10, 14], "texture": "#2"}
			}
		},
		{
			"from": [8.3, 11.1, 2.3],
			"to": [8.6, 11.35, 4],
			"faces": {
				"north": {"uv": [6, 13, 10, 14], "texture": "#2"},
				"east": {"uv": [6, 13, 10, 14], "texture": "#2"},
				"south": {"uv": [6, 13, 10, 14], "texture": "#2"},
				"west": {"uv": [6, 13, 10, 14], "texture": "#2"},
				"up": {"uv": [12, 5, 13, 11], "texture": "#2"},
				"down": {"uv": [6, 2, 10, 14], "texture": "#2"}
			}
		},
		{
			"from": [8.6, 11.1, 2],
			"to": [8.9, 11.35, 4.3],
			"faces": {
				"north": {"uv": [6, 13, 10, 14], "texture": "#2"},
				"east": {"uv": [6, 13, 10, 14], "texture": "#2"},
				"south": {"uv": [6, 13, 10, 14], "texture": "#2"},
				"west": {"uv": [6, 13, 10, 14], "texture": "#2"},
				"up": {"uv": [11, 4, 12, 12], "texture": "#2"},
				"down": {"uv": [6, 2, 10, 14], "texture": "#2"}
			}
		},
		{
			"from": [8.9, 11.1, 1.7],
			"to": [9.2, 11.35, 4.6],
			"faces": {
				"north": {"uv": [6, 13, 10, 14], "texture": "#2"},
				"east": {"uv": [6, 13, 10, 14], "texture": "#2"},
				"south": {"uv": [6, 13, 10, 14], "texture": "#2"},
				"west": {"uv": [6, 13, 10, 14], "texture": "#2"},
				"up": {"uv": [10, 3, 11, 13], "texture": "#2"},
				"down": {"uv": [6, 2, 10, 14], "texture": "#2"}
			}
		},
		{
			"from": [10.4, 11.1, 1.7],
			"to": [10.7, 11.35, 4.6],
			"faces": {
				"north": {"uv": [6, 13, 10, 14], "texture": "#2"},
				"east": {"uv": [6, 13, 10, 14], "texture": "#2"},
				"south": {"uv": [6, 13, 10, 14], "texture": "#2"},
				"west": {"uv": [6, 13, 10, 14], "texture": "#2"},
				"up": {"uv": [5, 3, 6, 13], "texture": "#2"},
				"down": {"uv": [6, 2, 10, 14], "texture": "#2"}
			}
		},
		{
			"from": [10.7, 11.1, 2],
			"to": [11, 11.35, 4.3],
			"faces": {
				"north": {"uv": [6, 13, 10, 14], "texture": "#2"},
				"east": {"uv": [6, 13, 10, 14], "texture": "#2"},
				"south": {"uv": [6, 13, 10, 14], "texture": "#2"},
				"west": {"uv": [6, 13, 10, 14], "texture": "#2"},
				"up": {"uv": [4, 4, 5, 12], "texture": "#2"},
				"down": {"uv": [6, 2, 10, 14], "texture": "#2"}
			}
		},
		{
			"from": [11, 11.1, 2.3],
			"to": [11.3, 11.35, 4],
			"faces": {
				"north": {"uv": [6, 13, 10, 14], "texture": "#2"},
				"east": {"uv": [6, 13, 10, 14], "texture": "#2"},
				"south": {"uv": [6, 13, 10, 14], "texture": "#2"},
				"west": {"uv": [6, 13, 10, 14], "texture": "#2"},
				"up": {"uv": [3, 5, 4, 11], "texture": "#2"},
				"down": {"uv": [6, 2, 10, 14], "texture": "#2"}
			}
		},
		{
			"from": [8.4, 11.3, 0.2],
			"to": [9.6, 11.55, 3.7],
			"faces": {
				"north": {"uv": [6, 13, 10, 14], "texture": "#2"},
				"east": {"uv": [6, 13, 10, 14], "texture": "#2"},
				"south": {"uv": [6, 13, 10, 14], "texture": "#2"},
				"west": {"uv": [6, 13, 10, 14], "texture": "#2"},
				"up": {"uv": [6, 2, 10, 14], "rotation": 180, "texture": "#2"},
				"down": {"uv": [6, 2, 10, 14], "texture": "#2"}
			}
		},
		{
			"from": [7.5, 11.3, 1.1],
			"to": [7.8, 11.55, 2.8],
			"faces": {
				"north": {"uv": [6, 13, 10, 14], "texture": "#2"},
				"east": {"uv": [6, 13, 10, 14], "texture": "#2"},
				"south": {"uv": [6, 13, 10, 14], "texture": "#2"},
				"west": {"uv": [6, 13, 10, 14], "texture": "#2"},
				"up": {"uv": [12, 5, 13, 11], "texture": "#2"},
				"down": {"uv": [6, 2, 10, 14], "texture": "#2"}
			}
		},
		{
			"from": [7.8, 11.3, 0.8],
			"to": [8.1, 11.55, 3.1],
			"faces": {
				"north": {"uv": [6, 13, 10, 14], "texture": "#2"},
				"east": {"uv": [6, 13, 10, 14], "texture": "#2"},
				"south": {"uv": [6, 13, 10, 14], "texture": "#2"},
				"west": {"uv": [6, 13, 10, 14], "texture": "#2"},
				"up": {"uv": [11, 4, 12, 12], "texture": "#2"},
				"down": {"uv": [6, 2, 10, 14], "texture": "#2"}
			}
		},
		{
			"from": [8.1, 11.3, 0.5],
			"to": [8.4, 11.55, 3.4],
			"faces": {
				"north": {"uv": [6, 13, 10, 14], "texture": "#2"},
				"east": {"uv": [6, 13, 10, 14], "texture": "#2"},
				"south": {"uv": [6, 13, 10, 14], "texture": "#2"},
				"west": {"uv": [6, 13, 10, 14], "texture": "#2"},
				"up": {"uv": [10, 3, 11, 13], "texture": "#2"},
				"down": {"uv": [6, 2, 10, 14], "texture": "#2"}
			}
		},
		{
			"from": [9.6, 11.3, 0.5],
			"to": [9.9, 11.55, 3.4],
			"faces": {
				"north": {"uv": [6, 13, 10, 14], "texture": "#2"},
				"east": {"uv": [6, 13, 10, 14], "texture": "#2"},
				"south": {"uv": [6, 13, 10, 14], "texture": "#2"},
				"west": {"uv": [6, 13, 10, 14], "texture": "#2"},
				"up": {"uv": [5, 3, 6, 13], "texture": "#2"},
				"down": {"uv": [6, 2, 10, 14], "texture": "#2"}
			}
		},
		{
			"from": [9.9, 11.3, 0.8],
			"to": [10.2, 11.55, 3.1],
			"faces": {
				"north": {"uv": [6, 13, 10, 14], "texture": "#2"},
				"east": {"uv": [6, 13, 10, 14], "texture": "#2"},
				"south": {"uv": [6, 13, 10, 14], "texture": "#2"},
				"west": {"uv": [6, 13, 10, 14], "texture": "#2"},
				"up": {"uv": [4, 4, 5, 12], "texture": "#2"},
				"down": {"uv": [6, 2, 10, 14], "texture": "#2"}
			}
		},
		{
			"from": [10.2, 11.3, 1.1],
			"to": [10.5, 11.55, 2.8],
			"faces": {
				"north": {"uv": [6, 13, 10, 14], "texture": "#2"},
				"east": {"uv": [6, 13, 10, 14], "texture": "#2"},
				"south": {"uv": [6, 13, 10, 14], "texture": "#2"},
				"west": {"uv": [6, 13, 10, 14], "texture": "#2"},
				"up": {"uv": [3, 5, 4, 11], "texture": "#2"},
				"down": {"uv": [6, 2, 10, 14], "texture": "#2"}
			}
		},
		{
			"from": [5.9, 11.5, 0.2],
			"to": [7.1, 11.75, 3.7],
			"faces": {
				"north": {"uv": [6, 13, 10, 14], "texture": "#2"},
				"east": {"uv": [6, 13, 10, 14], "texture": "#2"},
				"south": {"uv": [6, 13, 10, 14], "texture": "#2"},
				"west": {"uv": [6, 13, 10, 14], "texture": "#2"},
				"up": {"uv": [6, 2, 10, 14], "rotation": 180, "texture": "#2"},
				"down": {"uv": [6, 2, 10, 14], "texture": "#2"}
			}
		},
		{
			"from": [5, 11.5, 1.1],
			"to": [5.3, 11.75, 2.8],
			"faces": {
				"north": {"uv": [6, 13, 10, 14], "texture": "#2"},
				"east": {"uv": [6, 13, 10, 14], "texture": "#2"},
				"south": {"uv": [6, 13, 10, 14], "texture": "#2"},
				"west": {"uv": [6, 13, 10, 14], "texture": "#2"},
				"up": {"uv": [12, 5, 13, 11], "texture": "#2"},
				"down": {"uv": [6, 2, 10, 14], "texture": "#2"}
			}
		},
		{
			"from": [5.3, 11.5, 0.8],
			"to": [5.6, 11.75, 3.1],
			"faces": {
				"north": {"uv": [6, 13, 10, 14], "texture": "#2"},
				"east": {"uv": [6, 13, 10, 14], "texture": "#2"},
				"south": {"uv": [6, 13, 10, 14], "texture": "#2"},
				"west": {"uv": [6, 13, 10, 14], "texture": "#2"},
				"up": {"uv": [11, 4, 12, 12], "texture": "#2"},
				"down": {"uv": [6, 2, 10, 14], "texture": "#2"}
			}
		},
		{
			"from": [5.6, 11.5, 0.5],
			"to": [5.9, 11.75, 3.4],
			"faces": {
				"north": {"uv": [6, 13, 10, 14], "texture": "#2"},
				"east": {"uv": [6, 13, 10, 14], "texture": "#2"},
				"south": {"uv": [6, 13, 10, 14], "texture": "#2"},
				"west": {"uv": [6, 13, 10, 14], "texture": "#2"},
				"up": {"uv": [10, 3, 11, 13], "texture": "#2"},
				"down": {"uv": [6, 2, 10, 14], "texture": "#2"}
			}
		},
		{
			"from": [7.1, 11.5, 0.5],
			"to": [7.4, 11.75, 3.4],
			"faces": {
				"north": {"uv": [6, 13, 10, 14], "texture": "#2"},
				"east": {"uv": [6, 13, 10, 14], "texture": "#2"},
				"south": {"uv": [6, 13, 10, 14], "texture": "#2"},
				"west": {"uv": [6, 13, 10, 14], "texture": "#2"},
				"up": {"uv": [5, 3, 6, 13], "texture": "#2"},
				"down": {"uv": [6, 2, 10, 14], "texture": "#2"}
			}
		},
		{
			"from": [7.4, 11.5, 0.8],
			"to": [7.7, 11.75, 3.1],
			"faces": {
				"north": {"uv": [6, 13, 10, 14], "texture": "#2"},
				"east": {"uv": [6, 13, 10, 14], "texture": "#2"},
				"south": {"uv": [6, 13, 10, 14], "texture": "#2"},
				"west": {"uv": [6, 13, 10, 14], "texture": "#2"},
				"up": {"uv": [4, 4, 5, 12], "texture": "#2"},
				"down": {"uv": [6, 2, 10, 14], "texture": "#2"}
			}
		},
		{
			"from": [7.7, 11.5, 1.1],
			"to": [8, 11.75, 2.8],
			"faces": {
				"north": {"uv": [6, 13, 10, 14], "texture": "#2"},
				"east": {"uv": [6, 13, 10, 14], "texture": "#2"},
				"south": {"uv": [6, 13, 10, 14], "texture": "#2"},
				"west": {"uv": [6, 13, 10, 14], "texture": "#2"},
				"up": {"uv": [3, 5, 4, 11], "texture": "#2"},
				"down": {"uv": [6, 2, 10, 14], "texture": "#2"}
			}
		},
		{
			"from": [5.2, 11.3, 0.2],
			"to": [6.4, 11.55, 3.7],
			"faces": {
				"north": {"uv": [6, 13, 10, 14], "texture": "#2"},
				"east": {"uv": [6, 13, 10, 14], "texture": "#2"},
				"south": {"uv": [6, 13, 10, 14], "texture": "#2"},
				"west": {"uv": [6, 13, 10, 14], "texture": "#2"},
				"up": {"uv": [6, 2, 10, 14], "rotation": 180, "texture": "#2"},
				"down": {"uv": [6, 2, 10, 14], "texture": "#2"}
			}
		},
		{
			"from": [4.3, 11.3, 1.1],
			"to": [4.6, 11.55, 2.8],
			"faces": {
				"north": {"uv": [6, 13, 10, 14], "texture": "#2"},
				"east": {"uv": [6, 13, 10, 14], "texture": "#2"},
				"south": {"uv": [6, 13, 10, 14], "texture": "#2"},
				"west": {"uv": [6, 13, 10, 14], "texture": "#2"},
				"up": {"uv": [12, 5, 13, 11], "texture": "#2"},
				"down": {"uv": [6, 2, 10, 14], "texture": "#2"}
			}
		},
		{
			"from": [4.6, 11.3, 0.8],
			"to": [4.9, 11.55, 3.1],
			"faces": {
				"north": {"uv": [6, 13, 10, 14], "texture": "#2"},
				"east": {"uv": [6, 13, 10, 14], "texture": "#2"},
				"south": {"uv": [6, 13, 10, 14], "texture": "#2"},
				"west": {"uv": [6, 13, 10, 14], "texture": "#2"},
				"up": {"uv": [11, 4, 12, 12], "texture": "#2"},
				"down": {"uv": [6, 2, 10, 14], "texture": "#2"}
			}
		},
		{
			"from": [4.9, 11.3, 0.5],
			"to": [5.2, 11.55, 3.4],
			"faces": {
				"north": {"uv": [6, 13, 10, 14], "texture": "#2"},
				"east": {"uv": [6, 13, 10, 14], "texture": "#2"},
				"south": {"uv": [6, 13, 10, 14], "texture": "#2"},
				"west": {"uv": [6, 13, 10, 14], "texture": "#2"},
				"up": {"uv": [10, 3, 11, 13], "texture": "#2"},
				"down": {"uv": [6, 2, 10, 14], "texture": "#2"}
			}
		},
		{
			"from": [6.4, 11.3, 0.5],
			"to": [6.7, 11.55, 3.4],
			"faces": {
				"north": {"uv": [6, 13, 10, 14], "texture": "#2"},
				"east": {"uv": [6, 13, 10, 14], "texture": "#2"},
				"south": {"uv": [6, 13, 10, 14], "texture": "#2"},
				"west": {"uv": [6, 13, 10, 14], "texture": "#2"},
				"up": {"uv": [5, 3, 6, 13], "texture": "#2"},
				"down": {"uv": [6, 2, 10, 14], "texture": "#2"}
			}
		},
		{
			"from": [6.7, 11.3, 0.8],
			"to": [7, 11.55, 3.1],
			"faces": {
				"north": {"uv": [6, 13, 10, 14], "texture": "#2"},
				"east": {"uv": [6, 13, 10, 14], "texture": "#2"},
				"south": {"uv": [6, 13, 10, 14], "texture": "#2"},
				"west": {"uv": [6, 13, 10, 14], "texture": "#2"},
				"up": {"uv": [4, 4, 5, 12], "texture": "#2"},
				"down": {"uv": [6, 2, 10, 14], "texture": "#2"}
			}
		},
		{
			"from": [7, 11.3, 1.1],
			"to": [7.3, 11.55, 2.8],
			"faces": {
				"north": {"uv": [6, 13, 10, 14], "texture": "#2"},
				"east": {"uv": [6, 13, 10, 14], "texture": "#2"},
				"south": {"uv": [6, 13, 10, 14], "texture": "#2"},
				"west": {"uv": [6, 13, 10, 14], "texture": "#2"},
				"up": {"uv": [3, 5, 4, 11], "texture": "#2"},
				"down": {"uv": [6, 2, 10, 14], "texture": "#2"}
			}
		},
		{
			"from": [4, 7.8, 7.1],
			"to": [5.2, 11.3, 7.35],
			"rotation": {"angle": -22.5, "axis": "x", "origin": [0, 0, 0]},
			"faces": {
				"north": {"uv": [6, 2, 10, 14], "rotation": 180, "texture": "#2"},
				"east": {"uv": [6, 13, 10, 14], "rotation": 270, "texture": "#2"},
				"south": {"uv": [6, 2, 10, 14], "rotation": 180, "texture": "#2"},
				"west": {"uv": [6, 13, 10, 14], "rotation": 90, "texture": "#2"},
				"up": {"uv": [6, 13, 10, 14], "rotation": 180, "texture": "#2"},
				"down": {"uv": [6, 13, 10, 14], "texture": "#2"}
			}
		},
		{
			"from": [3.1, 8.7, 7.1],
			"to": [3.4, 10.4, 7.35],
			"rotation": {"angle": -22.5, "axis": "x", "origin": [0, 0, 0]},
			"faces": {
				"north": {"uv": [6, 2, 10, 14], "rotation": 180, "texture": "#2"},
				"east": {"uv": [6, 13, 10, 14], "rotation": 270, "texture": "#2"},
				"south": {"uv": [12, 5, 13, 11], "texture": "#2"},
				"west": {"uv": [6, 13, 10, 14], "rotation": 90, "texture": "#2"},
				"up": {"uv": [6, 13, 10, 14], "rotation": 180, "texture": "#2"},
				"down": {"uv": [6, 13, 10, 14], "texture": "#2"}
			}
		},
		{
			"from": [3.4, 8.4, 7.1],
			"to": [3.7, 10.7, 7.35],
			"rotation": {"angle": -22.5, "axis": "x", "origin": [0, 0, 0]},
			"faces": {
				"north": {"uv": [6, 2, 10, 14], "rotation": 180, "texture": "#2"},
				"east": {"uv": [6, 13, 10, 14], "rotation": 270, "texture": "#2"},
				"south": {"uv": [11, 4, 12, 12], "texture": "#2"},
				"west": {"uv": [6, 13, 10, 14], "rotation": 90, "texture": "#2"},
				"up": {"uv": [6, 13, 10, 14], "rotation": 180, "texture": "#2"},
				"down": {"uv": [6, 13, 10, 14], "texture": "#2"}
			}
		},
		{
			"from": [3.7, 8.1, 7.1],
			"to": [4, 11, 7.35],
			"rotation": {"angle": -22.5, "axis": "x", "origin": [0, 0, 0]},
			"faces": {
				"north": {"uv": [6, 2, 10, 14], "rotation": 180, "texture": "#2"},
				"east": {"uv": [6, 13, 10, 14], "rotation": 270, "texture": "#2"},
				"south": {"uv": [10, 3, 11, 13], "texture": "#2"},
				"west": {"uv": [6, 13, 10, 14], "rotation": 90, "texture": "#2"},
				"up": {"uv": [6, 13, 10, 14], "rotation": 180, "texture": "#2"},
				"down": {"uv": [6, 13, 10, 14], "texture": "#2"}
			}
		},
		{
			"from": [5.2, 8.1, 7.1],
			"to": [5.5, 11, 7.35],
			"rotation": {"angle": -22.5, "axis": "x", "origin": [0, 0, 0]},
			"faces": {
				"north": {"uv": [6, 2, 10, 14], "rotation": 180, "texture": "#2"},
				"east": {"uv": [6, 13, 10, 14], "rotation": 270, "texture": "#2"},
				"south": {"uv": [5, 3, 6, 13], "texture": "#2"},
				"west": {"uv": [6, 13, 10, 14], "rotation": 90, "texture": "#2"},
				"up": {"uv": [6, 13, 10, 14], "rotation": 180, "texture": "#2"},
				"down": {"uv": [6, 13, 10, 14], "texture": "#2"}
			}
		},
		{
			"from": [5.5, 8.4, 7.1],
			"to": [5.8, 10.7, 7.35],
			"rotation": {"angle": -22.5, "axis": "x", "origin": [0, 0, 0]},
			"faces": {
				"north": {"uv": [6, 2, 10, 14], "rotation": 180, "texture": "#2"},
				"east": {"uv": [6, 13, 10, 14], "rotation": 270, "texture": "#2"},
				"south": {"uv": [4, 4, 5, 12], "texture": "#2"},
				"west": {"uv": [6, 13, 10, 14], "rotation": 90, "texture": "#2"},
				"up": {"uv": [6, 13, 10, 14], "rotation": 180, "texture": "#2"},
				"down": {"uv": [6, 13, 10, 14], "texture": "#2"}
			}
		},
		{
			"from": [5.8, 8.7, 7.1],
			"to": [6.1, 10.4, 7.35],
			"rotation": {"angle": -22.5, "axis": "x", "origin": [0, 0, 0]},
			"faces": {
				"north": {"uv": [6, 2, 10, 14], "rotation": 180, "texture": "#2"},
				"east": {"uv": [6, 13, 10, 14], "rotation": 270, "texture": "#2"},
				"south": {"uv": [3, 5, 4, 11], "texture": "#2"},
				"west": {"uv": [6, 13, 10, 14], "rotation": 90, "texture": "#2"},
				"up": {"uv": [6, 13, 10, 14], "rotation": 180, "texture": "#2"},
				"down": {"uv": [6, 13, 10, 14], "texture": "#2"}
			}
		},
		{
			"from": [10.8, 11.7, 1.2],
			"to": [12, 11.95, 4.7],
			"faces": {
				"north": {"uv": [6, 13, 10, 14], "texture": "#2"},
				"east": {"uv": [6, 13, 10, 14], "texture": "#2"},
				"south": {"uv": [6, 13, 10, 14], "texture": "#2"},
				"west": {"uv": [6, 13, 10, 14], "texture": "#2"},
				"up": {"uv": [6, 2, 10, 14], "rotation": 180, "texture": "#2"},
				"down": {"uv": [6, 2, 10, 14], "texture": "#2"}
			}
		},
		{
			"from": [9.9, 11.7, 2.1],
			"to": [10.2, 11.95, 3.8],
			"faces": {
				"north": {"uv": [6, 13, 10, 14], "texture": "#2"},
				"east": {"uv": [6, 13, 10, 14], "texture": "#2"},
				"south": {"uv": [6, 13, 10, 14], "texture": "#2"},
				"west": {"uv": [6, 13, 10, 14], "texture": "#2"},
				"up": {"uv": [12, 5, 13, 11], "texture": "#2"},
				"down": {"uv": [6, 2, 10, 14], "texture": "#2"}
			}
		},
		{
			"from": [10.2, 11.7, 1.8],
			"to": [10.5, 11.95, 4.1],
			"faces": {
				"north": {"uv": [6, 13, 10, 14], "texture": "#2"},
				"east": {"uv": [6, 13, 10, 14], "texture": "#2"},
				"south": {"uv": [6, 13, 10, 14], "texture": "#2"},
				"west": {"uv": [6, 13, 10, 14], "texture": "#2"},
				"up": {"uv": [11, 4, 12, 12], "texture": "#2"},
				"down": {"uv": [6, 2, 10, 14], "texture": "#2"}
			}
		},
		{
			"from": [10.5, 11.7, 1.5],
			"to": [10.8, 11.95, 4.4],
			"faces": {
				"north": {"uv": [6, 13, 10, 14], "texture": "#2"},
				"east": {"uv": [6, 13, 10, 14], "texture": "#2"},
				"south": {"uv": [6, 13, 10, 14], "texture": "#2"},
				"west": {"uv": [6, 13, 10, 14], "texture": "#2"},
				"up": {"uv": [10, 3, 11, 13], "texture": "#2"},
				"down": {"uv": [6, 2, 10, 14], "texture": "#2"}
			}
		},
		{
			"from": [12, 11.7, 1.5],
			"to": [12.3, 11.95, 4.4],
			"faces": {
				"north": {"uv": [6, 13, 10, 14], "texture": "#2"},
				"east": {"uv": [6, 13, 10, 14], "texture": "#2"},
				"south": {"uv": [6, 13, 10, 14], "texture": "#2"},
				"west": {"uv": [6, 13, 10, 14], "texture": "#2"},
				"up": {"uv": [5, 3, 6, 13], "texture": "#2"},
				"down": {"uv": [6, 2, 10, 14], "texture": "#2"}
			}
		},
		{
			"from": [12.3, 11.7, 1.8],
			"to": [12.6, 11.95, 4.1],
			"faces": {
				"north": {"uv": [6, 13, 10, 14], "texture": "#2"},
				"east": {"uv": [6, 13, 10, 14], "texture": "#2"},
				"south": {"uv": [6, 13, 10, 14], "texture": "#2"},
				"west": {"uv": [6, 13, 10, 14], "texture": "#2"},
				"up": {"uv": [4, 4, 5, 12], "texture": "#2"},
				"down": {"uv": [6, 2, 10, 14], "texture": "#2"}
			}
		},
		{
			"from": [12.6, 11.7, 2.1],
			"to": [12.9, 11.95, 3.8],
			"faces": {
				"north": {"uv": [6, 13, 10, 14], "texture": "#2"},
				"east": {"uv": [6, 13, 10, 14], "texture": "#2"},
				"south": {"uv": [6, 13, 10, 14], "texture": "#2"},
				"west": {"uv": [6, 13, 10, 14], "texture": "#2"},
				"up": {"uv": [3, 5, 4, 11], "texture": "#2"},
				"down": {"uv": [6, 2, 10, 14], "texture": "#2"}
			}
		},
		{
			"from": [8.3, 11.9, 1.2],
			"to": [9.5, 12.15, 4.7],
			"faces": {
				"north": {"uv": [6, 13, 10, 14], "texture": "#2"},
				"east": {"uv": [6, 13, 10, 14], "texture": "#2"},
				"south": {"uv": [6, 13, 10, 14], "texture": "#2"},
				"west": {"uv": [6, 13, 10, 14], "texture": "#2"},
				"up": {"uv": [6, 2, 10, 14], "rotation": 180, "texture": "#2"},
				"down": {"uv": [6, 2, 10, 14], "texture": "#2"}
			}
		},
		{
			"from": [7.4, 11.9, 2.1],
			"to": [7.7, 12.15, 3.8],
			"faces": {
				"north": {"uv": [6, 13, 10, 14], "texture": "#2"},
				"east": {"uv": [6, 13, 10, 14], "texture": "#2"},
				"south": {"uv": [6, 13, 10, 14], "texture": "#2"},
				"west": {"uv": [6, 13, 10, 14], "texture": "#2"},
				"up": {"uv": [12, 5, 13, 11], "texture": "#2"},
				"down": {"uv": [6, 2, 10, 14], "texture": "#2"}
			}
		},
		{
			"from": [7.7, 11.9, 1.8],
			"to": [8, 12.15, 4.1],
			"faces": {
				"north": {"uv": [6, 13, 10, 14], "texture": "#2"},
				"east": {"uv": [6, 13, 10, 14], "texture": "#2"},
				"south": {"uv": [6, 13, 10, 14], "texture": "#2"},
				"west": {"uv": [6, 13, 10, 14], "texture": "#2"},
				"up": {"uv": [11, 4, 12, 12], "texture": "#2"},
				"down": {"uv": [6, 2, 10, 14], "texture": "#2"}
			}
		},
		{
			"from": [8, 11.9, 1.5],
			"to": [8.3, 12.15, 4.4],
			"faces": {
				"north": {"uv": [6, 13, 10, 14], "texture": "#2"},
				"east": {"uv": [6, 13, 10, 14], "texture": "#2"},
				"south": {"uv": [6, 13, 10, 14], "texture": "#2"},
				"west": {"uv": [6, 13, 10, 14], "texture": "#2"},
				"up": {"uv": [10, 3, 11, 13], "texture": "#2"},
				"down": {"uv": [6, 2, 10, 14], "texture": "#2"}
			}
		},
		{
			"from": [9.5, 11.9, 1.5],
			"to": [9.8, 12.15, 4.4],
			"faces": {
				"north": {"uv": [6, 13, 10, 14], "texture": "#2"},
				"east": {"uv": [6, 13, 10, 14], "texture": "#2"},
				"south": {"uv": [6, 13, 10, 14], "texture": "#2"},
				"west": {"uv": [6, 13, 10, 14], "texture": "#2"},
				"up": {"uv": [5, 3, 6, 13], "texture": "#2"},
				"down": {"uv": [6, 2, 10, 14], "texture": "#2"}
			}
		},
		{
			"from": [9.8, 11.9, 1.8],
			"to": [10.1, 12.15, 4.1],
			"faces": {
				"north": {"uv": [6, 13, 10, 14], "texture": "#2"},
				"east": {"uv": [6, 13, 10, 14], "texture": "#2"},
				"south": {"uv": [6, 13, 10, 14], "texture": "#2"},
				"west": {"uv": [6, 13, 10, 14], "texture": "#2"},
				"up": {"uv": [4, 4, 5, 12], "texture": "#2"},
				"down": {"uv": [6, 2, 10, 14], "texture": "#2"}
			}
		},
		{
			"from": [10.1, 11.9, 2.1],
			"to": [10.4, 12.15, 3.8],
			"faces": {
				"north": {"uv": [6, 13, 10, 14], "texture": "#2"},
				"east": {"uv": [6, 13, 10, 14], "texture": "#2"},
				"south": {"uv": [6, 13, 10, 14], "texture": "#2"},
				"west": {"uv": [6, 13, 10, 14], "texture": "#2"},
				"up": {"uv": [3, 5, 4, 11], "texture": "#2"},
				"down": {"uv": [6, 2, 10, 14], "texture": "#2"}
			}
		},
		{
			"from": [7.6, 11.7, 1.2],
			"to": [8.8, 11.95, 4.7],
			"faces": {
				"north": {"uv": [6, 13, 10, 14], "texture": "#2"},
				"east": {"uv": [6, 13, 10, 14], "texture": "#2"},
				"south": {"uv": [6, 13, 10, 14], "texture": "#2"},
				"west": {"uv": [6, 13, 10, 14], "texture": "#2"},
				"up": {"uv": [6, 2, 10, 14], "rotation": 180, "texture": "#2"},
				"down": {"uv": [6, 2, 10, 14], "texture": "#2"}
			}
		},
		{
			"from": [6.7, 11.7, 2.1],
			"to": [7, 11.95, 3.8],
			"faces": {
				"north": {"uv": [6, 13, 10, 14], "texture": "#2"},
				"east": {"uv": [6, 13, 10, 14], "texture": "#2"},
				"south": {"uv": [6, 13, 10, 14], "texture": "#2"},
				"west": {"uv": [6, 13, 10, 14], "texture": "#2"},
				"up": {"uv": [12, 5, 13, 11], "texture": "#2"},
				"down": {"uv": [6, 2, 10, 14], "texture": "#2"}
			}
		},
		{
			"from": [7, 11.7, 1.8],
			"to": [7.3, 11.95, 4.1],
			"faces": {
				"north": {"uv": [6, 13, 10, 14], "texture": "#2"},
				"east": {"uv": [6, 13, 10, 14], "texture": "#2"},
				"south": {"uv": [6, 13, 10, 14], "texture": "#2"},
				"west": {"uv": [6, 13, 10, 14], "texture": "#2"},
				"up": {"uv": [11, 4, 12, 12], "texture": "#2"},
				"down": {"uv": [6, 2, 10, 14], "texture": "#2"}
			}
		},
		{
			"from": [7.3, 11.7, 1.5],
			"to": [7.6, 11.95, 4.4],
			"faces": {
				"north": {"uv": [6, 13, 10, 14], "texture": "#2"},
				"east": {"uv": [6, 13, 10, 14], "texture": "#2"},
				"south": {"uv": [6, 13, 10, 14], "texture": "#2"},
				"west": {"uv": [6, 13, 10, 14], "texture": "#2"},
				"up": {"uv": [10, 3, 11, 13], "texture": "#2"},
				"down": {"uv": [6, 2, 10, 14], "texture": "#2"}
			}
		},
		{
			"from": [8.8, 11.7, 1.5],
			"to": [9.1, 11.95, 4.4],
			"faces": {
				"north": {"uv": [6, 13, 10, 14], "texture": "#2"},
				"east": {"uv": [6, 13, 10, 14], "texture": "#2"},
				"south": {"uv": [6, 13, 10, 14], "texture": "#2"},
				"west": {"uv": [6, 13, 10, 14], "texture": "#2"},
				"up": {"uv": [5, 3, 6, 13], "texture": "#2"},
				"down": {"uv": [6, 2, 10, 14], "texture": "#2"}
			}
		},
		{
			"from": [9.1, 11.7, 1.8],
			"to": [9.4, 11.95, 4.1],
			"faces": {
				"north": {"uv": [6, 13, 10, 14], "texture": "#2"},
				"east": {"uv": [6, 13, 10, 14], "texture": "#2"},
				"south": {"uv": [6, 13, 10, 14], "texture": "#2"},
				"west": {"uv": [6, 13, 10, 14], "texture": "#2"},
				"up": {"uv": [4, 4, 5, 12], "texture": "#2"},
				"down": {"uv": [6, 2, 10, 14], "texture": "#2"}
			}
		},
		{
			"from": [9.4, 11.7, 2.1],
			"to": [9.7, 11.95, 3.8],
			"faces": {
				"north": {"uv": [6, 13, 10, 14], "texture": "#2"},
				"east": {"uv": [6, 13, 10, 14], "texture": "#2"},
				"south": {"uv": [6, 13, 10, 14], "texture": "#2"},
				"west": {"uv": [6, 13, 10, 14], "texture": "#2"},
				"up": {"uv": [3, 5, 4, 11], "texture": "#2"},
				"down": {"uv": [6, 2, 10, 14], "texture": "#2"}
			}
		},
		{
			"from": [10.6, 11.4, 0.5],
			"to": [11.8, 11.65, 4],
			"faces": {
				"north": {"uv": [6, 13, 10, 14], "texture": "#2"},
				"east": {"uv": [6, 13, 10, 14], "texture": "#2"},
				"south": {"uv": [6, 13, 10, 14], "texture": "#2"},
				"west": {"uv": [6, 13, 10, 14], "texture": "#2"},
				"up": {"uv": [6, 2, 10, 14], "rotation": 180, "texture": "#2"},
				"down": {"uv": [6, 2, 10, 14], "texture": "#2"}
			}
		},
		{
			"from": [9.7, 11.4, 1.4],
			"to": [10, 11.65, 3.1],
			"faces": {
				"north": {"uv": [6, 13, 10, 14], "texture": "#2"},
				"east": {"uv": [6, 13, 10, 14], "texture": "#2"},
				"south": {"uv": [6, 13, 10, 14], "texture": "#2"},
				"west": {"uv": [6, 13, 10, 14], "texture": "#2"},
				"up": {"uv": [12, 5, 13, 11], "texture": "#2"},
				"down": {"uv": [6, 2, 10, 14], "texture": "#2"}
			}
		},
		{
			"from": [10, 11.4, 1.1],
			"to": [10.3, 11.65, 3.4],
			"faces": {
				"north": {"uv": [6, 13, 10, 14], "texture": "#2"},
				"east": {"uv": [6, 13, 10, 14], "texture": "#2"},
				"south": {"uv": [6, 13, 10, 14], "texture": "#2"},
				"west": {"uv": [6, 13, 10, 14], "texture": "#2"},
				"up": {"uv": [11, 4, 12, 12], "texture": "#2"},
				"down": {"uv": [6, 2, 10, 14], "texture": "#2"}
			}
		},
		{
			"from": [10.3, 11.4, 0.8],
			"to": [10.6, 11.65, 3.7],
			"faces": {
				"north": {"uv": [6, 13, 10, 14], "texture": "#2"},
				"east": {"uv": [6, 13, 10, 14], "texture": "#2"},
				"south": {"uv": [6, 13, 10, 14], "texture": "#2"},
				"west": {"uv": [6, 13, 10, 14], "texture": "#2"},
				"up": {"uv": [10, 3, 11, 13], "texture": "#2"},
				"down": {"uv": [6, 2, 10, 14], "texture": "#2"}
			}
		},
		{
			"from": [11.8, 11.4, 0.8],
			"to": [12.1, 11.65, 3.7],
			"faces": {
				"north": {"uv": [6, 13, 10, 14], "texture": "#2"},
				"east": {"uv": [6, 13, 10, 14], "texture": "#2"},
				"south": {"uv": [6, 13, 10, 14], "texture": "#2"},
				"west": {"uv": [6, 13, 10, 14], "texture": "#2"},
				"up": {"uv": [5, 3, 6, 13], "texture": "#2"},
				"down": {"uv": [6, 2, 10, 14], "texture": "#2"}
			}
		},
		{
			"from": [12.1, 11.4, 1.1],
			"to": [12.4, 11.65, 3.4],
			"faces": {
				"north": {"uv": [6, 13, 10, 14], "texture": "#2"},
				"east": {"uv": [6, 13, 10, 14], "texture": "#2"},
				"south": {"uv": [6, 13, 10, 14], "texture": "#2"},
				"west": {"uv": [6, 13, 10, 14], "texture": "#2"},
				"up": {"uv": [4, 4, 5, 12], "texture": "#2"},
				"down": {"uv": [6, 2, 10, 14], "texture": "#2"}
			}
		},
		{
			"from": [12.4, 11.4, 1.4],
			"to": [12.7, 11.65, 3.1],
			"faces": {
				"north": {"uv": [6, 13, 10, 14], "texture": "#2"},
				"east": {"uv": [6, 13, 10, 14], "texture": "#2"},
				"south": {"uv": [6, 13, 10, 14], "texture": "#2"},
				"west": {"uv": [6, 13, 10, 14], "texture": "#2"},
				"up": {"uv": [3, 5, 4, 11], "texture": "#2"},
				"down": {"uv": [6, 2, 10, 14], "texture": "#2"}
			}
		},
		{
			"from": [10.3, 8.5, 5.2],
			"to": [11.5, 12, 5.45],
			"rotation": {"angle": -22.5, "axis": "x", "origin": [0, 0, 0]},
			"faces": {
				"north": {"uv": [6, 2, 10, 14], "rotation": 180, "texture": "#2"},
				"east": {"uv": [6, 13, 10, 14], "rotation": 270, "texture": "#2"},
				"south": {"uv": [6, 2, 10, 14], "rotation": 180, "texture": "#2"},
				"west": {"uv": [6, 13, 10, 14], "rotation": 90, "texture": "#2"},
				"up": {"uv": [6, 13, 10, 14], "rotation": 180, "texture": "#2"},
				"down": {"uv": [6, 13, 10, 14], "texture": "#2"}
			}
		},
		{
			"from": [9.4, 9.4, 5.2],
			"to": [9.7, 11.1, 5.45],
			"rotation": {"angle": -22.5, "axis": "x", "origin": [0, 0, 0]},
			"faces": {
				"north": {"uv": [6, 2, 10, 14], "rotation": 180, "texture": "#2"},
				"east": {"uv": [6, 13, 10, 14], "rotation": 270, "texture": "#2"},
				"south": {"uv": [12, 5, 13, 11], "texture": "#2"},
				"west": {"uv": [6, 13, 10, 14], "rotation": 90, "texture": "#2"},
				"up": {"uv": [6, 13, 10, 14], "rotation": 180, "texture": "#2"},
				"down": {"uv": [6, 13, 10, 14], "texture": "#2"}
			}
		},
		{
			"from": [9.7, 9.1, 5.2],
			"to": [10, 11.4, 5.45],
			"rotation": {"angle": -22.5, "axis": "x", "origin": [0, 0, 0]},
			"faces": {
				"north": {"uv": [6, 2, 10, 14], "rotation": 180, "texture": "#2"},
				"east": {"uv": [6, 13, 10, 14], "rotation": 270, "texture": "#2"},
				"south": {"uv": [11, 4, 12, 12], "texture": "#2"},
				"west": {"uv": [6, 13, 10, 14], "rotation": 90, "texture": "#2"},
				"up": {"uv": [6, 13, 10, 14], "rotation": 180, "texture": "#2"},
				"down": {"uv": [6, 13, 10, 14], "texture": "#2"}
			}
		},
		{
			"from": [10, 8.8, 5.2],
			"to": [10.3, 11.7, 5.45],
			"rotation": {"angle": -22.5, "axis": "x", "origin": [0, 0, 0]},
			"faces": {
				"north": {"uv": [6, 2, 10, 14], "rotation": 180, "texture": "#2"},
				"east": {"uv": [6, 13, 10, 14], "rotation": 270, "texture": "#2"},
				"south": {"uv": [10, 3, 11, 13], "texture": "#2"},
				"west": {"uv": [6, 13, 10, 14], "rotation": 90, "texture": "#2"},
				"up": {"uv": [6, 13, 10, 14], "rotation": 180, "texture": "#2"},
				"down": {"uv": [6, 13, 10, 14], "texture": "#2"}
			}
		},
		{
			"from": [11.5, 8.8, 5.2],
			"to": [11.8, 11.7, 5.45],
			"rotation": {"angle": -22.5, "axis": "x", "origin": [0, 0, 0]},
			"faces": {
				"north": {"uv": [6, 2, 10, 14], "rotation": 180, "texture": "#2"},
				"east": {"uv": [6, 13, 10, 14], "rotation": 270, "texture": "#2"},
				"south": {"uv": [5, 3, 6, 13], "texture": "#2"},
				"west": {"uv": [6, 13, 10, 14], "rotation": 90, "texture": "#2"},
				"up": {"uv": [6, 13, 10, 14], "rotation": 180, "texture": "#2"},
				"down": {"uv": [6, 13, 10, 14], "texture": "#2"}
			}
		},
		{
			"from": [11.8, 9.1, 5.2],
			"to": [12.1, 11.4, 5.45],
			"rotation": {"angle": -22.5, "axis": "x", "origin": [0, 0, 0]},
			"faces": {
				"north": {"uv": [6, 2, 10, 14], "rotation": 180, "texture": "#2"},
				"east": {"uv": [6, 13, 10, 14], "rotation": 270, "texture": "#2"},
				"south": {"uv": [4, 4, 5, 12], "texture": "#2"},
				"west": {"uv": [6, 13, 10, 14], "rotation": 90, "texture": "#2"},
				"up": {"uv": [6, 13, 10, 14], "rotation": 180, "texture": "#2"},
				"down": {"uv": [6, 13, 10, 14], "texture": "#2"}
			}
		},
		{
			"from": [12.1, 9.4, 5.2],
			"to": [12.4, 11.1, 5.45],
			"rotation": {"angle": -22.5, "axis": "x", "origin": [0, 0, 0]},
			"faces": {
				"north": {"uv": [6, 2, 10, 14], "rotation": 180, "texture": "#2"},
				"east": {"uv": [6, 13, 10, 14], "rotation": 270, "texture": "#2"},
				"south": {"uv": [3, 5, 4, 11], "texture": "#2"},
				"west": {"uv": [6, 13, 10, 14], "rotation": 90, "texture": "#2"},
				"up": {"uv": [6, 13, 10, 14], "rotation": 180, "texture": "#2"},
				"down": {"uv": [6, 13, 10, 14], "texture": "#2"}
			}
		},
		{
			"from": [8.4, 11.3, 0.2],
			"to": [9.6, 11.55, 3.7],
			"faces": {
				"north": {"uv": [6, 13, 10, 14], "texture": "#2"},
				"east": {"uv": [6, 13, 10, 14], "texture": "#2"},
				"south": {"uv": [6, 13, 10, 14], "texture": "#2"},
				"west": {"uv": [6, 13, 10, 14], "texture": "#2"},
				"up": {"uv": [6, 2, 10, 14], "rotation": 180, "texture": "#2"},
				"down": {"uv": [6, 2, 10, 14], "texture": "#2"}
			}
		},
		{
			"from": [5.9, 11.5, 0.2],
			"to": [7.1, 11.75, 3.7],
			"faces": {
				"north": {"uv": [6, 13, 10, 14], "texture": "#2"},
				"east": {"uv": [6, 13, 10, 14], "texture": "#2"},
				"south": {"uv": [6, 13, 10, 14], "texture": "#2"},
				"west": {"uv": [6, 13, 10, 14], "texture": "#2"},
				"up": {"uv": [6, 2, 10, 14], "rotation": 180, "texture": "#2"},
				"down": {"uv": [6, 2, 10, 14], "texture": "#2"}
			}
		},
		{
			"from": [5.2, 11.3, 0.2],
			"to": [6.4, 11.55, 3.7],
			"faces": {
				"north": {"uv": [6, 13, 10, 14], "texture": "#2"},
				"east": {"uv": [6, 13, 10, 14], "texture": "#2"},
				"south": {"uv": [6, 13, 10, 14], "texture": "#2"},
				"west": {"uv": [6, 13, 10, 14], "texture": "#2"},
				"up": {"uv": [6, 2, 10, 14], "rotation": 180, "texture": "#2"},
				"down": {"uv": [6, 2, 10, 14], "texture": "#2"}
			}
		},
		{
			"from": [8.3, 11.1, 2.3],
			"to": [8.6, 11.35, 4],
			"faces": {
				"north": {"uv": [6, 13, 10, 14], "texture": "#2"},
				"east": {"uv": [6, 13, 10, 14], "texture": "#2"},
				"south": {"uv": [6, 13, 10, 14], "texture": "#2"},
				"west": {"uv": [6, 13, 10, 14], "texture": "#2"},
				"up": {"uv": [12, 5, 13, 11], "texture": "#2"},
				"down": {"uv": [6, 2, 10, 14], "texture": "#2"}
			}
		},
		{
			"from": [8.6, 11.1, 2],
			"to": [8.9, 11.35, 4.3],
			"faces": {
				"north": {"uv": [6, 13, 10, 14], "texture": "#2"},
				"east": {"uv": [6, 13, 10, 14], "texture": "#2"},
				"south": {"uv": [6, 13, 10, 14], "texture": "#2"},
				"west": {"uv": [6, 13, 10, 14], "texture": "#2"},
				"up": {"uv": [11, 4, 12, 12], "texture": "#2"},
				"down": {"uv": [6, 2, 10, 14], "texture": "#2"}
			}
		},
		{
			"from": [8.9, 11.1, 1.7],
			"to": [9.2, 11.35, 4.6],
			"faces": {
				"north": {"uv": [6, 13, 10, 14], "texture": "#2"},
				"east": {"uv": [6, 13, 10, 14], "texture": "#2"},
				"south": {"uv": [6, 13, 10, 14], "texture": "#2"},
				"west": {"uv": [6, 13, 10, 14], "texture": "#2"},
				"up": {"uv": [10, 3, 11, 13], "texture": "#2"},
				"down": {"uv": [6, 2, 10, 14], "texture": "#2"}
			}
		},
		{
			"from": [10.4, 11.1, 1.7],
			"to": [10.7, 11.35, 4.6],
			"faces": {
				"north": {"uv": [6, 13, 10, 14], "texture": "#2"},
				"east": {"uv": [6, 13, 10, 14], "texture": "#2"},
				"south": {"uv": [6, 13, 10, 14], "texture": "#2"},
				"west": {"uv": [6, 13, 10, 14], "texture": "#2"},
				"up": {"uv": [5, 3, 6, 13], "texture": "#2"},
				"down": {"uv": [6, 2, 10, 14], "texture": "#2"}
			}
		},
		{
			"from": [10.7, 11.1, 2],
			"to": [11, 11.35, 4.3],
			"faces": {
				"north": {"uv": [6, 13, 10, 14], "texture": "#2"},
				"east": {"uv": [6, 13, 10, 14], "texture": "#2"},
				"south": {"uv": [6, 13, 10, 14], "texture": "#2"},
				"west": {"uv": [6, 13, 10, 14], "texture": "#2"},
				"up": {"uv": [4, 4, 5, 12], "texture": "#2"},
				"down": {"uv": [6, 2, 10, 14], "texture": "#2"}
			}
		},
		{
			"from": [11, 11.1, 2.3],
			"to": [11.3, 11.35, 4],
			"faces": {
				"north": {"uv": [6, 13, 10, 14], "texture": "#2"},
				"east": {"uv": [6, 13, 10, 14], "texture": "#2"},
				"south": {"uv": [6, 13, 10, 14], "texture": "#2"},
				"west": {"uv": [6, 13, 10, 14], "texture": "#2"},
				"up": {"uv": [3, 5, 4, 11], "texture": "#2"},
				"down": {"uv": [6, 2, 10, 14], "texture": "#2"}
			}
		},
		{
			"from": [7.8, 0.5, -0.2],
			"to": [9, 4, 0.05],
			"rotation": {"angle": 22.5, "axis": "z", "origin": [0, 0, 0]},
			"faces": {
				"north": {"uv": [6, 2, 10, 14], "texture": "#2"},
				"east": {"uv": [6, 13, 10, 14], "texture": "#2"},
				"south": {"uv": [6, 2, 10, 14], "texture": "#2"},
				"west": {"uv": [6, 13, 10, 14], "rotation": 270, "texture": "#2"},
				"up": {"uv": [6, 13, 10, 14], "texture": "#2"},
				"down": {"uv": [6, 13, 10, 14], "rotation": 180, "texture": "#2"}
			}
		},
		{
			"from": [6.9, 1.4, -0.2],
			"to": [7.2, 3.1, 0.05],
			"rotation": {"angle": 22.5, "axis": "z", "origin": [0, 0, 0]},
			"faces": {
				"north": {"uv": [12, 5, 13, 11], "rotation": 180, "texture": "#2"},
				"east": {"uv": [6, 13, 10, 14], "texture": "#2"},
				"south": {"uv": [3, 5, 4, 11], "texture": "#2"},
				"west": {"uv": [6, 13, 10, 14], "rotation": 270, "texture": "#2"},
				"up": {"uv": [6, 13, 10, 14], "texture": "#2"},
				"down": {"uv": [6, 13, 10, 14], "rotation": 180, "texture": "#2"}
			}
		},
		{
			"from": [7.2, 1.1, -0.2],
			"to": [7.5, 3.4, 0.05],
			"rotation": {"angle": 22.5, "axis": "z", "origin": [0, 0, 0]},
			"faces": {
				"north": {"uv": [11, 4, 12, 12], "rotation": 180, "texture": "#2"},
				"east": {"uv": [6, 13, 10, 14], "texture": "#2"},
				"south": {"uv": [4, 4, 5, 12], "texture": "#2"},
				"west": {"uv": [6, 13, 10, 14], "rotation": 270, "texture": "#2"},
				"up": {"uv": [6, 13, 10, 14], "texture": "#2"},
				"down": {"uv": [6, 13, 10, 14], "rotation": 180, "texture": "#2"}
			}
		},
		{
			"from": [7.5, 0.8, -0.2],
			"to": [7.8, 3.7, 0.05],
			"rotation": {"angle": 22.5, "axis": "z", "origin": [0, 0, 0]},
			"faces": {
				"north": {"uv": [10, 3, 11, 13], "rotation": 180, "texture": "#2"},
				"east": {"uv": [6, 13, 10, 14], "texture": "#2"},
				"south": {"uv": [5, 3, 6, 13], "texture": "#2"},
				"west": {"uv": [6, 13, 10, 14], "rotation": 270, "texture": "#2"},
				"up": {"uv": [6, 13, 10, 14], "texture": "#2"},
				"down": {"uv": [6, 13, 10, 14], "rotation": 180, "texture": "#2"}
			}
		},
		{
			"from": [9, 0.8, -0.2],
			"to": [9.3, 3.7, 0.05],
			"rotation": {"angle": 22.5, "axis": "z", "origin": [0, 0, 0]},
			"faces": {
				"north": {"uv": [5, 3, 6, 13], "rotation": 180, "texture": "#2"},
				"east": {"uv": [6, 13, 10, 14], "texture": "#2"},
				"south": {"uv": [10, 3, 11, 13], "texture": "#2"},
				"west": {"uv": [6, 13, 10, 14], "rotation": 270, "texture": "#2"},
				"up": {"uv": [6, 13, 10, 14], "texture": "#2"},
				"down": {"uv": [6, 13, 10, 14], "rotation": 180, "texture": "#2"}
			}
		},
		{
			"from": [9.3, 1.1, -0.2],
			"to": [9.6, 3.4, 0.05],
			"rotation": {"angle": 22.5, "axis": "z", "origin": [0, 0, 0]},
			"faces": {
				"north": {"uv": [4, 4, 5, 12], "rotation": 180, "texture": "#2"},
				"east": {"uv": [6, 13, 10, 14], "texture": "#2"},
				"south": {"uv": [11, 4, 12, 12], "texture": "#2"},
				"west": {"uv": [6, 13, 10, 14], "rotation": 270, "texture": "#2"},
				"up": {"uv": [6, 13, 10, 14], "texture": "#2"},
				"down": {"uv": [6, 13, 10, 14], "rotation": 180, "texture": "#2"}
			}
		},
		{
			"from": [9.6, 1.4, -0.2],
			"to": [9.9, 3.1, 0.05],
			"rotation": {"angle": 22.5, "axis": "z", "origin": [0, 0, 0]},
			"faces": {
				"north": {"uv": [3, 5, 4, 11], "rotation": 180, "texture": "#2"},
				"east": {"uv": [6, 13, 10, 14], "texture": "#2"},
				"south": {"uv": [12, 5, 13, 11], "texture": "#2"},
				"west": {"uv": [6, 13, 10, 14], "rotation": 270, "texture": "#2"},
				"up": {"uv": [6, 13, 10, 14], "texture": "#2"},
				"down": {"uv": [6, 13, 10, 14], "rotation": 180, "texture": "#2"}
			}
		},
		{
			"from": [13.35, 2.5, 4],
			"to": [13.6, 6, 5.2],
			"rotation": {"angle": -22.5, "axis": "x", "origin": [0, 0, 0]},
			"faces": {
				"north": {"uv": [6, 13, 10, 14], "rotation": 90, "texture": "#2"},
				"east": {"uv": [6, 2, 10, 14], "texture": "#2"},
				"south": {"uv": [6, 13, 10, 14], "rotation": 270, "texture": "#2"},
				"west": {"uv": [6, 2, 10, 14], "texture": "#2"},
				"up": {"uv": [6, 13, 10, 14], "rotation": 270, "texture": "#2"},
				"down": {"uv": [6, 13, 10, 14], "rotation": 270, "texture": "#2"}
			}
		},
		{
			"from": [13.35, 3.4, 5.8],
			"to": [13.6, 5.1, 6.1],
			"rotation": {"angle": -22.5, "axis": "x", "origin": [0, 0, 0]},
			"faces": {
				"north": {"uv": [6, 13, 10, 14], "rotation": 90, "texture": "#2"},
				"east": {"uv": [3, 5, 4, 11], "texture": "#2"},
				"south": {"uv": [6, 13, 10, 14], "rotation": 270, "texture": "#2"},
				"west": {"uv": [12, 5, 13, 11], "rotation": 180, "texture": "#2"},
				"up": {"uv": [6, 13, 10, 14], "rotation": 270, "texture": "#2"},
				"down": {"uv": [6, 13, 10, 14], "rotation": 270, "texture": "#2"}
			}
		},
		{
			"from": [13.35, 3.1, 5.5],
			"to": [13.6, 5.4, 5.8],
			"rotation": {"angle": -22.5, "axis": "x", "origin": [0, 0, 0]},
			"faces": {
				"north": {"uv": [6, 13, 10, 14], "rotation": 90, "texture": "#2"},
				"east": {"uv": [4, 4, 5, 12], "texture": "#2"},
				"south": {"uv": [6, 13, 10, 14], "rotation": 270, "texture": "#2"},
				"west": {"uv": [11, 4, 12, 12], "rotation": 180, "texture": "#2"},
				"up": {"uv": [6, 13, 10, 14], "rotation": 270, "texture": "#2"},
				"down": {"uv": [6, 13, 10, 14], "rotation": 270, "texture": "#2"}
			}
		},
		{
			"from": [13.35, 2.8, 5.2],
			"to": [13.6, 5.7, 5.5],
			"rotation": {"angle": -22.5, "axis": "x", "origin": [0, 0, 0]},
			"faces": {
				"north": {"uv": [6, 13, 10, 14], "rotation": 90, "texture": "#2"},
				"east": {"uv": [5, 3, 6, 13], "texture": "#2"},
				"south": {"uv": [6, 13, 10, 14], "rotation": 270, "texture": "#2"},
				"west": {"uv": [10, 3, 11, 13], "rotation": 180, "texture": "#2"},
				"up": {"uv": [6, 13, 10, 14], "rotation": 270, "texture": "#2"},
				"down": {"uv": [6, 13, 10, 14], "rotation": 270, "texture": "#2"}
			}
		},
		{
			"from": [13.35, 2.8, 3.7],
			"to": [13.6, 5.7, 4],
			"rotation": {"angle": -22.5, "axis": "x", "origin": [0, 0, 0]},
			"faces": {
				"north": {"uv": [6, 13, 10, 14], "rotation": 90, "texture": "#2"},
				"east": {"uv": [10, 3, 11, 13], "texture": "#2"},
				"south": {"uv": [6, 13, 10, 14], "rotation": 270, "texture": "#2"},
				"west": {"uv": [5, 3, 6, 13], "rotation": 180, "texture": "#2"},
				"up": {"uv": [6, 13, 10, 14], "rotation": 270, "texture": "#2"},
				"down": {"uv": [6, 13, 10, 14], "rotation": 270, "texture": "#2"}
			}
		},
		{
			"from": [13.35, 3.1, 3.4],
			"to": [13.6, 5.4, 3.7],
			"rotation": {"angle": -22.5, "axis": "x", "origin": [0, 0, 0]},
			"faces": {
				"north": {"uv": [6, 13, 10, 14], "rotation": 90, "texture": "#2"},
				"east": {"uv": [11, 4, 12, 12], "texture": "#2"},
				"south": {"uv": [6, 13, 10, 14], "rotation": 270, "texture": "#2"},
				"west": {"uv": [4, 4, 5, 12], "rotation": 180, "texture": "#2"},
				"up": {"uv": [6, 13, 10, 14], "rotation": 270, "texture": "#2"},
				"down": {"uv": [6, 13, 10, 14], "rotation": 270, "texture": "#2"}
			}
		},
		{
			"from": [13.35, 3.4, 3.1],
			"to": [13.6, 5.1, 3.4],
			"rotation": {"angle": -22.5, "axis": "x", "origin": [0, 0, 0]},
			"faces": {
				"north": {"uv": [6, 13, 10, 14], "rotation": 90, "texture": "#2"},
				"east": {"uv": [12, 5, 13, 11], "texture": "#2"},
				"south": {"uv": [6, 13, 10, 14], "rotation": 270, "texture": "#2"},
				"west": {"uv": [3, 5, 4, 11], "rotation": 180, "texture": "#2"},
				"up": {"uv": [6, 13, 10, 14], "rotation": 270, "texture": "#2"},
				"down": {"uv": [6, 13, 10, 14], "rotation": 270, "texture": "#2"}
			}
		},
		{
			"from": [9.8, -4.5, -0.3],
			"to": [11, -1, -0.05],
			"rotation": {"angle": 45, "axis": "z", "origin": [0, 0, 0]},
			"faces": {
				"north": {"uv": [6, 2, 10, 14], "texture": "#2"},
				"east": {"uv": [6, 13, 10, 14], "texture": "#2"},
				"south": {"uv": [6, 2, 10, 14], "texture": "#2"},
				"west": {"uv": [6, 13, 10, 14], "rotation": 270, "texture": "#2"},
				"up": {"uv": [6, 13, 10, 14], "texture": "#2"},
				"down": {"uv": [6, 13, 10, 14], "rotation": 180, "texture": "#2"}
			}
		},
		{
			"from": [8.9, -3.6, -0.3],
			"to": [9.2, -1.9, -0.05],
			"rotation": {"angle": 45, "axis": "z", "origin": [0, 0, 0]},
			"faces": {
				"north": {"uv": [12, 5, 13, 11], "rotation": 180, "texture": "#2"},
				"east": {"uv": [6, 13, 10, 14], "texture": "#2"},
				"south": {"uv": [3, 5, 4, 11], "texture": "#2"},
				"west": {"uv": [6, 13, 10, 14], "rotation": 270, "texture": "#2"},
				"up": {"uv": [6, 13, 10, 14], "texture": "#2"},
				"down": {"uv": [6, 13, 10, 14], "rotation": 180, "texture": "#2"}
			}
		},
		{
			"from": [9.2, -3.9, -0.3],
			"to": [9.5, -1.6, -0.05],
			"rotation": {"angle": 45, "axis": "z", "origin": [0, 0, 0]},
			"faces": {
				"north": {"uv": [11, 4, 12, 12], "rotation": 180, "texture": "#2"},
				"east": {"uv": [6, 13, 10, 14], "texture": "#2"},
				"south": {"uv": [4, 4, 5, 12], "texture": "#2"},
				"west": {"uv": [6, 13, 10, 14], "rotation": 270, "texture": "#2"},
				"up": {"uv": [6, 13, 10, 14], "texture": "#2"},
				"down": {"uv": [6, 13, 10, 14], "rotation": 180, "texture": "#2"}
			}
		},
		{
			"from": [9.5, -4.2, -0.3],
			"to": [9.8, -1.3, -0.05],
			"rotation": {"angle": 45, "axis": "z", "origin": [0, 0, 0]},
			"faces": {
				"north": {"uv": [10, 3, 11, 13], "rotation": 180, "texture": "#2"},
				"east": {"uv": [6, 13, 10, 14], "texture": "#2"},
				"south": {"uv": [5, 3, 6, 13], "texture": "#2"},
				"west": {"uv": [6, 13, 10, 14], "rotation": 270, "texture": "#2"},
				"up": {"uv": [6, 13, 10, 14], "texture": "#2"},
				"down": {"uv": [6, 13, 10, 14], "rotation": 180, "texture": "#2"}
			}
		},
		{
			"from": [11, -4.2, -0.3],
			"to": [11.3, -1.3, -0.05],
			"rotation": {"angle": 45, "axis": "z", "origin": [0, 0, 0]},
			"faces": {
				"north": {"uv": [5, 3, 6, 13], "rotation": 180, "texture": "#2"},
				"east": {"uv": [6, 13, 10, 14], "texture": "#2"},
				"south": {"uv": [10, 3, 11, 13], "texture": "#2"},
				"west": {"uv": [6, 13, 10, 14], "rotation": 270, "texture": "#2"},
				"up": {"uv": [6, 13, 10, 14], "texture": "#2"},
				"down": {"uv": [6, 13, 10, 14], "rotation": 180, "texture": "#2"}
			}
		},
		{
			"from": [11.3, -3.9, -0.3],
			"to": [11.6, -1.6, -0.05],
			"rotation": {"angle": 45, "axis": "z", "origin": [0, 0, 0]},
			"faces": {
				"north": {"uv": [4, 4, 5, 12], "rotation": 180, "texture": "#2"},
				"east": {"uv": [6, 13, 10, 14], "texture": "#2"},
				"south": {"uv": [11, 4, 12, 12], "texture": "#2"},
				"west": {"uv": [6, 13, 10, 14], "rotation": 270, "texture": "#2"},
				"up": {"uv": [6, 13, 10, 14], "texture": "#2"},
				"down": {"uv": [6, 13, 10, 14], "rotation": 180, "texture": "#2"}
			}
		},
		{
			"from": [11.6, -3.6, -0.3],
			"to": [11.9, -1.9, -0.05],
			"rotation": {"angle": 45, "axis": "z", "origin": [0, 0, 0]},
			"faces": {
				"north": {"uv": [3, 5, 4, 11], "rotation": 180, "texture": "#2"},
				"east": {"uv": [6, 13, 10, 14], "texture": "#2"},
				"south": {"uv": [12, 5, 13, 11], "texture": "#2"},
				"west": {"uv": [6, 13, 10, 14], "rotation": 270, "texture": "#2"},
				"up": {"uv": [6, 13, 10, 14], "texture": "#2"},
				"down": {"uv": [6, 13, 10, 14], "rotation": 180, "texture": "#2"}
			}
		}
	],
	"display": {
		"thirdperson_righthand": {
			"translation": [0, 0, 1.75],
			"scale": [0.5, 0.5, 0.5]
		},
		"thirdperson_lefthand": {
			"translation": [0, 0, 1.75],
			"scale": [0.5, 0.5, 0.5]
		},
		"gui": {
			"rotation": [0, 150, 0],
			"translation": [1, 0.75, 0],
			"scale": [0.75, 0.75, 0.75]
		},
		"head": {
			"rotation": [0, -180, 0],
			"translation": [0, -36, 0],
			"scale": [1.5, 1.5, 1.5]
		}
	},
	"groups": [0, 1, 2, 3, 4, 5, 6, 7, 8, 9, 10, 11, 12, 13, 14, 15, 16, 17, 18, 19, 20, 21, 22, 23, 24, 25, 26, 27, 28, 29, 30,
		{
			"name": "group",
			"origin": [0, 0, 0],
			"color": 0,
			"children": [31, 32, 33, 34, 35, 36, 37]
		},
		{
			"name": "group",
			"origin": [0, 0, 0],
			"color": 0,
			"children": [38, 39, 40, 41, 42, 43, 44]
		},
		{
			"name": "group",
			"origin": [0, 0, 0],
			"color": 0,
			"children": [45, 46, 47, 48, 49, 50, 51]
		},
		{
			"name": "group",
			"origin": [0, 0, 0],
			"color": 0,
			"children": [52, 53, 54, 55, 56, 57, 58]
		},
		{
			"name": "group",
			"origin": [0, 0, 0],
			"color": 0,
			"children": [59, 60, 61, 62, 63, 64, 65]
		},
		{
			"name": "group",
			"origin": [0, 0, 0],
			"color": 0,
			"children": [66, 67, 68, 69, 70, 71, 72, 73, 74]
		},
		{
			"name": "group",
			"origin": [0, 0, 0],
			"color": 0,
			"children": [75, 76, 77, 78, 79, 80, 81, 82, 83, 84, 85, 86, 87, 88, 89, 90, 91, 92, 93, 94, 95]
		},
		{
			"name": "group",
			"origin": [0, 0, 0],
			"color": 0,
			"children": [96, 97, 98, 99, 100, 101, 102]
		},
		{
			"name": "group",
			"origin": [0, 0, 0],
			"color": 0,
			"children": [103, 104, 105, 106, 107, 108, 109, 110, 111, 112, 113, 114, 115, 116, 117, 118, 119, 120, 121, 122, 123]
		},
		{
			"name": "group",
			"origin": [0, 0, 0],
			"color": 0,
			"children": [124, 125, 126, 127, 128, 129, 130]
		},
		{
			"name": "group",
			"origin": [0, 0, 0],
			"color": 0,
			"children": [131, 132, 133, 134, 135, 136, 137]
		},
		{
			"name": "group",
			"origin": [0, 0, 0],
			"color": 0,
			"children": [138, 139, 140, 141, 142, 143, 144, 145, 146]
		},
		{
			"name": "group",
			"origin": [0, 0, 0],
			"color": 0,
			"children": [147, 148, 149, 150, 151, 152, 153]
		},
		{
			"name": "group",
			"origin": [0, 0, 0],
			"color": 0,
			"children": [154, 155, 156, 157, 158, 159, 160]
		},
		{
			"name": "group",
			"origin": [0, 0, 0],
			"color": 0,
			"children": [161, 162, 163, 164, 165, 166, 167]
		}
	]
}