{
	"credit": "Made with Blockbench",
	"texture_size": [32, 32],
	"textures": {
		"0": "customization:backpack",
		"particle": "customization:backpack"
	},
	"elements": [
		{
			"from": [3, 0, 0],
			"to": [13, 12, 5],
			"faces": {
				"north": {"uv": [5, 0, 10, 6], "texture": "#0"},
				"east": {"uv": [0, 6, 2.5, 12], "texture": "#0"},
				"south": {"uv": [5, 0, 10, 6], "texture": "#0"},
				"west": {"uv": [2.5, 6, 5, 12], "texture": "#0"},
				"up": {"uv": [3, 14.5, 4.5, 15], "texture": "#0"},
				"down": {"uv": [10, 8.5, 5, 11], "texture": "#0"}
			}
		},
		{
			"from": [5, 1, -1],
			"to": [11, 5, 0],
			"faces": {
				"north": {"uv": [5, 11, 8, 12.5], "texture": "#0"},
				"east": {"uv": [3, 9.5, 3.5, 11], "texture": "#0"},
				"south": {"uv": [3, 9.5, 4.5, 11], "texture": "#0"},
				"west": {"uv": [3, 9.5, 3.5, 11], "texture": "#0"},
				"up": {"uv": [3, 14.5, 4.5, 15], "texture": "#0"},
				"down": {"uv": [3, 10.5, 4.5, 11], "texture": "#0"}
			}
		},
		{
			"from": [3, 10.2, -0.2],
			"to": [13, 12.2, -0.2],
			"faces": {
				"north": {"uv": [0, 0, 5, 1], "texture": "#0"},
				"east": {"uv": [0, 6, 2.5, 12], "texture": "#0"},
				"south": {"uv": [5, 0, 10, 6], "texture": "#0"},
				"west": {"uv": [2.5, 6, 5, 12], "texture": "#0"},
				"up": {"uv": [10, 8.5, 5, 6], "texture": "#0"},
				"down": {"uv": [10, 8.5, 5, 11], "texture": "#0"}
			}
		},
		{
			"from": [3, 8.2, -0.2],
			"to": [13, 10.2, -0.2],
			"faces": {
				"north": {"uv": [0, 1, 5, 2], "texture": "#0"},
				"east": {"uv": [0, 6, 2.5, 12], "texture": "#0"},
				"south": {"uv": [5, 0, 10, 6], "texture": "#0"},
				"west": {"uv": [2.5, 6, 5, 12], "texture": "#0"},
				"up": {"uv": [10, 8.5, 5, 6], "texture": "#0"},
				"down": {"uv": [10, 8.5, 5, 11], "texture": "#0"}
			}
		},
		{
			"from": [5, 7.2, -0.2],
			"to": [11, 8.2, -0.2],
			"faces": {
				"north": {"uv": [1, 2, 4, 2.5], "texture": "#0"},
				"east": {"uv": [0, 6, 2.5, 12], "texture": "#0"},
				"south": {"uv": [5, 0, 10, 6], "texture": "#0"},
				"west": {"uv": [2.5, 6, 5, 12], "texture": "#0"},
				"up": {"uv": [10, 8.5, 5, 6], "texture": "#0"},
				"down": {"uv": [10, 8.5, 5, 11], "texture": "#0"}
			}
		},
		{
			"from": [3, 12.2, -0.2],
			"to": [13, 12.2, 5],
			"faces": {
				"north": {"uv": [0, 0, 5, 6], "texture": "#0"},
				"east": {"uv": [0, 6, 2.5, 12], "texture": "#0"},
				"south": {"uv": [5, 0, 10, 6], "texture": "#0"},
				"west": {"uv": [2.5, 6, 5, 12], "texture": "#0"},
				"up": {"uv": [10, 8.5, 5, 6], "texture": "#0"},
				"down": {"uv": [10, 8.5, 5, 11], "texture": "#0"}
			}
		},
		{
			"from": [3, 12, 5],
			"to": [13, 12.2, 5],
			"faces": {
				"north": {"uv": [0, 0, 5, 6], "texture": "#0"},
				"east": {"uv": [0, 6, 2.5, 12], "texture": "#0"},
				"south": {"uv": [10, 6.5, 5, 6], "texture": "#0"},
				"west": {"uv": [2.5, 6, 5, 12], "texture": "#0"},
				"up": {"uv": [10, 8.5, 5, 6], "texture": "#0"},
				"down": {"uv": [10, 8.5, 5, 11], "texture": "#0"}
			}
		},
		{
			"from": [3, 0, 5],
			"to": [13, 12, 12],
			"faces": {
				"north": {"uv": [0, 0, 5, 6], "texture": "#0"},
				"east": {"uv": [10, 10, 12.5, 16], "texture": "#0"},
				"south": {"uv": [11, 0, 16, 6], "texture": "#0"},
				"west": {"uv": [13.5, 10, 16, 16], "texture": "#0"},
				"up": {"uv": [16, 8.5, 11, 6], "texture": "#0"},
				"down": {"uv": [16, 8.5, 11, 6], "rotation": 180, "texture": "#0"}
			}
		},
		{
			"from": [2, 2, 1],
			"to": [3, 5, 4],
			"faces": {
				"north": {"uv": [3, 9.5, 3.5, 11], "texture": "#0"},
				"east": {"uv": [3, 9.5, 4.5, 11], "texture": "#0"},
				"south": {"uv": [3, 9.5, 3.5, 11], "texture": "#0"},
				"west": {"uv": [3, 9.5, 4.5, 11], "texture": "#0"},
				"up": {"uv": [3, 14.5, 4.5, 15], "texture": "#0"},
				"down": {"uv": [3, 10.5, 3.5, 11], "texture": "#0"}
			}
		},
		{
			"from": [13, 2, 1],
			"to": [14, 5, 4],
			"faces": {
				"north": {"uv": [3, 9.5, 3.5, 11], "texture": "#0"},
				"east": {"uv": [3, 9.5, 4.5, 11], "texture": "#0"},
				"south": {"uv": [3, 9.5, 3.5, 11], "texture": "#0"},
				"west": {"uv": [3, 9.5, 4.5, 11], "texture": "#0"},
				"up": {"uv": [3, 14.5, 4.5, 15], "texture": "#0"},
				"down": {"uv": [3, 10.5, 3.5, 11], "texture": "#0"}
			}
		},
		{
			"from": [7, 6.2, -0.5],
			"to": [9, 9.2, 0],
			"faces": {
				"north": {"uv": [2, 1.5, 3, 3], "texture": "#0"},
				"east": {"uv": [2, 1.5, 3, 3], "texture": "#0"},
				"south": {"uv": [2, 1.5, 3, 3], "texture": "#0"},
				"west": {"uv": [2, 1.5, 3, 3], "texture": "#0"},
				"up": {"uv": [2, 1.5, 3, 3], "texture": "#0"},
				"down": {"uv": [2, 1.5, 3, 3], "texture": "#0"}
			}
		}
	],
	"display": {
		"thirdperson_righthand": {
			"translation": [0, 0, 1.75],
			"scale": [0.5, 0.5, 0.5]
		},
		"thirdperson_lefthand": {
			"translation": [0, 0, 1.75],
			"scale": [0.5, 0.5, 0.5]
		},
		"gui": {
			"rotation": [0, 150, 0],
			"translation": [1, 0.75, 0],
			"scale": [0.75, 0.75, 0.75]
		},
		"head": {
			"rotation": [0, -180, 0],
			"translation": [0, -36, 0],
			"scale": [1.5, 1.5, 1.5]
		}
	}
}