{
	"credit": "Made with Blockbench",
	"texture_size": [32, 32],
	"textures": {
		"0": "customization:backpack",
		"2": "item/emerald",
		"particle": "customization:backpack"
	},
	"elements": [
		{
			"from": [13, 0, 0],
			"to": [13, 12, 5],
			"faces": {
				"north": {"uv": [5, 0, 10, 6], "texture": "#0"},
				"east": {"uv": [0, 6, 2.5, 12], "texture": "#0"},
				"south": {"uv": [5, 0, 10, 6], "texture": "#0"},
				"west": {"uv": [0, 6, 5, 6.5], "texture": "#0"},
				"up": {"uv": [3, 14.5, 4.5, 15], "texture": "#0"},
				"down": {"uv": [10, 8.5, 5, 11], "texture": "#0"}
			}
		},
		{
			"from": [3, 0, 0],
			"to": [3, 12, 5],
			"faces": {
				"north": {"uv": [5, 0, 10, 6], "texture": "#0"},
				"east": {"uv": [0, 6, 5, 6.5], "texture": "#0"},
				"south": {"uv": [5, 0, 10, 6], "texture": "#0"},
				"west": {"uv": [2.5, 6, 5, 12], "texture": "#0"},
				"up": {"uv": [3, 14.5, 4.5, 15], "texture": "#0"},
				"down": {"uv": [10, 8.5, 5, 11], "texture": "#0"}
			}
		},
		{
			"from": [3, 0, 0],
			"to": [13, 12, 0],
			"faces": {
				"north": {"uv": [5, 0, 10, 6], "texture": "#0"},
				"east": {"uv": [0, 6, 2.5, 12], "texture": "#0"},
				"south": {"uv": [0, 6, 5, 6.5], "texture": "#0"},
				"west": {"uv": [2.5, 6, 5, 12], "texture": "#0"},
				"up": {"uv": [3, 14.5, 4.5, 15], "texture": "#0"},
				"down": {"uv": [10, 8.5, 5, 11], "texture": "#0"}
			}
		},
		{
			"from": [3, 0, 0],
			"to": [13, 0, 5],
			"faces": {
				"north": {"uv": [5, 0, 10, 6], "texture": "#0"},
				"east": {"uv": [0, 6, 2.5, 12], "texture": "#0"},
				"south": {"uv": [5, 0, 10, 6], "texture": "#0"},
				"west": {"uv": [2.5, 6, 5, 12], "texture": "#0"},
				"up": {"uv": [2.5, 6, 4, 6.5], "texture": "#0"},
				"down": {"uv": [10, 8.5, 5, 11], "texture": "#0"}
			}
		},
		{
			"from": [3, 0, 5],
			"to": [13, 12, 5],
			"faces": {
				"north": {"uv": [0, 6, 5, 6.5], "texture": "#0"},
				"east": {"uv": [0, 6, 2.5, 12], "texture": "#0"},
				"south": {"uv": [5, 0, 10, 6], "texture": "#0"},
				"west": {"uv": [2.5, 6, 5, 12], "texture": "#0"},
				"up": {"uv": [3, 14.5, 4.5, 15], "texture": "#0"},
				"down": {"uv": [10, 8.5, 5, 11], "texture": "#0"}
			}
		},
		{
			"from": [11, 1, -1],
			"to": [11, 5, 0],
			"faces": {
				"north": {"uv": [5, 11, 8, 12.5], "texture": "#0"},
				"east": {"uv": [3, 9.5, 3.5, 11], "texture": "#0"},
				"south": {"uv": [3, 9.5, 4.5, 11], "texture": "#0"},
				"west": {"uv": [3, 9.5, 3.5, 11], "texture": "#0"},
				"up": {"uv": [3, 14.5, 4.5, 15], "texture": "#0"},
				"down": {"uv": [3, 10.5, 4.5, 11], "texture": "#0"}
			}
		},
		{
			"from": [5, 1, -1],
			"to": [11, 5, -1],
			"faces": {
				"north": {"uv": [5, 11, 8, 12.5], "texture": "#0"},
				"east": {"uv": [3, 9.5, 3.5, 11], "texture": "#0"},
				"south": {"uv": [3, 9.5, 4.5, 11], "texture": "#0"},
				"west": {"uv": [3, 9.5, 3.5, 11], "texture": "#0"},
				"up": {"uv": [3, 14.5, 4.5, 15], "texture": "#0"},
				"down": {"uv": [3, 10.5, 4.5, 11], "texture": "#0"}
			}
		},
		{
			"from": [5, 1, -1],
			"to": [11, 1, 0],
			"faces": {
				"north": {"uv": [5, 11, 8, 12.5], "texture": "#0"},
				"east": {"uv": [3, 9.5, 3.5, 11], "texture": "#0"},
				"south": {"uv": [3, 9.5, 4.5, 11], "texture": "#0"},
				"west": {"uv": [3, 9.5, 3.5, 11], "texture": "#0"},
				"up": {"uv": [3, 10.5, 4.5, 11], "texture": "#0"},
				"down": {"uv": [3, 10.5, 4.5, 11], "texture": "#0"}
			}
		},
		{
			"from": [5, 1, -1],
			"to": [5, 5, 0],
			"faces": {
				"north": {"uv": [5, 11, 8, 12.5], "texture": "#0"},
				"east": {"uv": [3, 9.5, 3.5, 11], "texture": "#0"},
				"south": {"uv": [3, 9.5, 4.5, 11], "texture": "#0"},
				"west": {"uv": [3, 9.5, 3.5, 11], "texture": "#0"},
				"up": {"uv": [3, 14.5, 4.5, 15], "texture": "#0"},
				"down": {"uv": [3, 10.5, 4.5, 11], "texture": "#0"}
			}
		},
		{
			"from": [3, 10.2, -0.2],
			"to": [13, 12.2, -0.2],
			"faces": {
				"north": {"uv": [0, 0, 5, 1], "texture": "#0"},
				"east": {"uv": [0, 6, 2.5, 12], "texture": "#0"},
				"south": {"uv": [5, 0, 10, 6], "texture": "#0"},
				"west": {"uv": [2.5, 6, 5, 12], "texture": "#0"},
				"up": {"uv": [10, 8.5, 5, 6], "texture": "#0"},
				"down": {"uv": [10, 8.5, 5, 11], "texture": "#0"}
			}
		},
		{
			"from": [3, 8.2, -0.2],
			"to": [13, 10.2, -0.2],
			"faces": {
				"north": {"uv": [0, 1, 5, 2], "texture": "#0"},
				"east": {"uv": [0, 6, 2.5, 12], "texture": "#0"},
				"south": {"uv": [5, 0, 10, 6], "texture": "#0"},
				"west": {"uv": [2.5, 6, 5, 12], "texture": "#0"},
				"up": {"uv": [10, 8.5, 5, 6], "texture": "#0"},
				"down": {"uv": [10, 8.5, 5, 11], "texture": "#0"}
			}
		},
		{
			"from": [5, 7.2, -0.2],
			"to": [11, 8.2, -0.2],
			"faces": {
				"north": {"uv": [1, 2, 4, 2.5], "texture": "#0"},
				"east": {"uv": [0, 6, 2.5, 12], "texture": "#0"},
				"south": {"uv": [5, 0, 10, 6], "texture": "#0"},
				"west": {"uv": [2.5, 6, 5, 12], "texture": "#0"},
				"up": {"uv": [10, 8.5, 5, 6], "texture": "#0"},
				"down": {"uv": [10, 8.5, 5, 11], "texture": "#0"}
			}
		},
		{
			"from": [3, 12.2, -0.2],
			"to": [13, 12.2, 5],
			"faces": {
				"north": {"uv": [0, 0, 5, 6], "texture": "#0"},
				"east": {"uv": [0, 6, 2.5, 12], "texture": "#0"},
				"south": {"uv": [5, 0, 10, 6], "texture": "#0"},
				"west": {"uv": [2.5, 6, 5, 12], "texture": "#0"},
				"up": {"uv": [10, 8.5, 5, 6], "texture": "#0"},
				"down": {"uv": [10, 8.5, 5, 11], "texture": "#0"}
			}
		},
		{
			"from": [3, 12, 5],
			"to": [13, 12.2, 5],
			"faces": {
				"north": {"uv": [0, 0, 5, 6], "texture": "#0"},
				"east": {"uv": [0, 6, 2.5, 12], "texture": "#0"},
				"south": {"uv": [10, 6.5, 5, 6], "texture": "#0"},
				"west": {"uv": [2.5, 6, 5, 12], "texture": "#0"},
				"up": {"uv": [10, 8.5, 5, 6], "texture": "#0"},
				"down": {"uv": [10, 8.5, 5, 11], "texture": "#0"}
			}
		},
		{
			"from": [3, 0, 5],
			"to": [13, 12, 12],
			"faces": {
				"north": {"uv": [0, 13, 5, 13.5], "texture": "#0"},
				"east": {"uv": [10, 10, 12.5, 16], "texture": "#0"},
				"south": {"uv": [11, 0, 16, 6], "texture": "#0"},
				"west": {"uv": [13.5, 10, 16, 16], "texture": "#0"},
				"up": {"uv": [16, 8.5, 11, 6], "texture": "#0"},
				"down": {"uv": [16, 8.5, 11, 6], "rotation": 180, "texture": "#0"}
			}
		},
		{
			"from": [2, 2, 4],
			"to": [3, 5, 4],
			"faces": {
				"north": {"uv": [3, 9.5, 3.5, 11], "texture": "#0"},
				"east": {"uv": [3, 9.5, 4.5, 11], "texture": "#0"},
				"south": {"uv": [3, 9.5, 3.5, 11], "texture": "#0"},
				"west": {"uv": [3, 9.5, 4.5, 11], "texture": "#0"},
				"up": {"uv": [3, 14.5, 4.5, 15], "texture": "#0"},
				"down": {"uv": [3, 10.5, 3.5, 11], "texture": "#0"}
			}
		},
		{
			"from": [2, 2, 1],
			"to": [3, 5, 1],
			"faces": {
				"north": {"uv": [3, 9.5, 3.5, 11], "texture": "#0"},
				"east": {"uv": [3, 9.5, 4.5, 11], "texture": "#0"},
				"south": {"uv": [3, 9.5, 3.5, 11], "texture": "#0"},
				"west": {"uv": [3, 9.5, 4.5, 11], "texture": "#0"},
				"up": {"uv": [3, 14.5, 4.5, 15], "texture": "#0"},
				"down": {"uv": [3, 10.5, 3.5, 11], "texture": "#0"}
			}
		},
		{
			"from": [2, 2, 1],
			"to": [2, 5, 4],
			"faces": {
				"north": {"uv": [3, 9.5, 3.5, 11], "texture": "#0"},
				"east": {"uv": [3, 9.5, 4.5, 11], "texture": "#0"},
				"south": {"uv": [3, 9.5, 3.5, 11], "texture": "#0"},
				"west": {"uv": [3, 9.5, 4.5, 11], "texture": "#0"},
				"up": {"uv": [3, 14.5, 4.5, 15], "texture": "#0"},
				"down": {"uv": [3, 10.5, 3.5, 11], "texture": "#0"}
			}
		},
		{
			"from": [13, 2, 1],
			"to": [14, 5, 1],
			"rotation": {"angle": 0, "axis": "y", "origin": [16, 0, 0]},
			"faces": {
				"north": {"uv": [3.5, 9.5, 3, 11], "texture": "#0"},
				"east": {"uv": [4.5, 9.5, 3, 11], "texture": "#0"},
				"south": {"uv": [3.5, 9.5, 3, 11], "texture": "#0"},
				"west": {"uv": [4.5, 9.5, 3, 11], "texture": "#0"},
				"up": {"uv": [4.5, 14.5, 3, 15], "texture": "#0"},
				"down": {"uv": [3.5, 10.5, 3, 11], "texture": "#0"}
			}
		},
		{
			"from": [13, 2, 4],
			"to": [14, 5, 4],
			"rotation": {"angle": 0, "axis": "y", "origin": [16, 0, 0]},
			"faces": {
				"north": {"uv": [3.5, 9.5, 3, 11], "texture": "#0"},
				"east": {"uv": [4.5, 9.5, 3, 11], "texture": "#0"},
				"south": {"uv": [3.5, 9.5, 3, 11], "texture": "#0"},
				"west": {"uv": [4.5, 9.5, 3, 11], "texture": "#0"},
				"up": {"uv": [4.5, 14.5, 3, 15], "texture": "#0"},
				"down": {"uv": [3.5, 10.5, 3, 11], "texture": "#0"}
			}
		},
		{
			"from": [14, 2, 1],
			"to": [14, 5, 4],
			"rotation": {"angle": 0, "axis": "y", "origin": [16, 0, 0]},
			"faces": {
				"north": {"uv": [3.5, 9.5, 3, 11], "texture": "#0"},
				"east": {"uv": [4.5, 9.5, 3, 11], "texture": "#0"},
				"south": {"uv": [3.5, 9.5, 3, 11], "texture": "#0"},
				"west": {"uv": [4.5, 9.5, 3, 11], "texture": "#0"},
				"up": {"uv": [4.5, 14.5, 3, 15], "texture": "#0"},
				"down": {"uv": [3.5, 10.5, 3, 11], "texture": "#0"}
			}
		},
		{
			"from": [13, 2, 1],
			"to": [14, 2, 4],
			"rotation": {"angle": 0, "axis": "y", "origin": [16, 0, 0]},
			"faces": {
				"north": {"uv": [3.5, 9.5, 3, 11], "texture": "#0"},
				"east": {"uv": [4.5, 9.5, 3, 11], "texture": "#0"},
				"south": {"uv": [3.5, 9.5, 3, 11], "texture": "#0"},
				"west": {"uv": [4.5, 9.5, 3, 11], "texture": "#0"},
				"up": {"uv": [3, 10.5, 3.5, 11], "texture": "#0"},
				"down": {"uv": [3.5, 10.5, 3, 11], "texture": "#0"}
			}
		},
		{
			"from": [2, 2, 1],
			"to": [3, 2, 4],
			"rotation": {"angle": 0, "axis": "y", "origin": [16, 0, 0]},
			"faces": {
				"north": {"uv": [3.5, 9.5, 3, 11], "texture": "#0"},
				"east": {"uv": [4.5, 9.5, 3, 11], "texture": "#0"},
				"south": {"uv": [3.5, 9.5, 3, 11], "texture": "#0"},
				"west": {"uv": [4.5, 9.5, 3, 11], "texture": "#0"},
				"up": {"uv": [3, 10.5, 3.5, 11], "texture": "#0"},
				"down": {"uv": [3.5, 10.5, 3, 11], "texture": "#0"}
			}
		},
		{
			"from": [2, 5, 1],
			"to": [3, 5, 4],
			"rotation": {"angle": 0, "axis": "y", "origin": [16, 0, 0]},
			"faces": {
				"north": {"uv": [3.5, 9.5, 3, 11], "texture": "#0"},
				"east": {"uv": [4.5, 9.5, 3, 11], "texture": "#0"},
				"south": {"uv": [3.5, 9.5, 3, 11], "texture": "#0"},
				"west": {"uv": [4.5, 9.5, 3, 11], "texture": "#0"},
				"up": {"uv": [6, 11, 7, 11.5], "texture": "#0"},
				"down": {"uv": [3.5, 10.5, 3, 11], "texture": "#0"}
			}
		},
		{
			"from": [13, 5, 1],
			"to": [14, 5, 4],
			"rotation": {"angle": 0, "axis": "y", "origin": [16, 0, 0]},
			"faces": {
				"north": {"uv": [3.5, 9.5, 3, 11], "texture": "#0"},
				"east": {"uv": [4.5, 9.5, 3, 11], "texture": "#0"},
				"south": {"uv": [3.5, 9.5, 3, 11], "texture": "#0"},
				"west": {"uv": [4.5, 9.5, 3, 11], "texture": "#0"},
				"up": {"uv": [6, 11, 7, 11.5], "texture": "#0"},
				"down": {"uv": [3.5, 10.5, 3, 11], "texture": "#0"}
			}
		},
		{
			"from": [5, 5, -1],
			"to": [11, 5, 0],
			"rotation": {"angle": 0, "axis": "y", "origin": [16, 0, 0]},
			"faces": {
				"north": {"uv": [3.5, 9.5, 3, 11], "texture": "#0"},
				"east": {"uv": [4.5, 9.5, 3, 11], "texture": "#0"},
				"south": {"uv": [3.5, 9.5, 3, 11], "texture": "#0"},
				"west": {"uv": [4.5, 9.5, 3, 11], "texture": "#0"},
				"up": {"uv": [6, 11, 7, 11.5], "texture": "#0"},
				"down": {"uv": [3.5, 10.5, 3, 11], "texture": "#0"}
			}
		},
		{
			"from": [2, 2, 1],
			"to": [2, 5, 4],
			"faces": {
				"north": {"uv": [3, 9.5, 3.5, 11], "texture": "#0"},
				"east": {"uv": [3, 9.5, 4.5, 11], "texture": "#0"},
				"south": {"uv": [3, 9.5, 3.5, 11], "texture": "#0"},
				"west": {"uv": [3, 9.5, 4.5, 11], "texture": "#0"},
				"up": {"uv": [3, 14.5, 4.5, 15], "texture": "#0"},
				"down": {"uv": [3, 10.5, 3.5, 11], "texture": "#0"}
			}
		},
		{
			"from": [2, 2, 4],
			"to": [3, 5, 4],
			"faces": {
				"north": {"uv": [3, 9.5, 3.5, 11], "texture": "#0"},
				"east": {"uv": [3, 9.5, 4.5, 11], "texture": "#0"},
				"south": {"uv": [3, 9.5, 3.5, 11], "texture": "#0"},
				"west": {"uv": [3, 9.5, 4.5, 11], "texture": "#0"},
				"up": {"uv": [3, 14.5, 4.5, 15], "texture": "#0"},
				"down": {"uv": [3, 10.5, 3.5, 11], "texture": "#0"}
			}
		},
		{
			"from": [2, 2, 1],
			"to": [3, 5, 1],
			"faces": {
				"north": {"uv": [3, 9.5, 3.5, 11], "texture": "#0"},
				"east": {"uv": [3, 9.5, 4.5, 11], "texture": "#0"},
				"south": {"uv": [3, 9.5, 3.5, 11], "texture": "#0"},
				"west": {"uv": [3, 9.5, 4.5, 11], "texture": "#0"},
				"up": {"uv": [3, 14.5, 4.5, 15], "texture": "#0"},
				"down": {"uv": [3, 10.5, 3.5, 11], "texture": "#0"}
			}
		},
		{
			"from": [2, 2, 1],
			"to": [2, 5, 4],
			"faces": {
				"north": {"uv": [3, 9.5, 3.5, 11], "texture": "#0"},
				"east": {"uv": [3, 9.5, 4.5, 11], "texture": "#0"},
				"south": {"uv": [3, 9.5, 3.5, 11], "texture": "#0"},
				"west": {"uv": [3, 9.5, 4.5, 11], "texture": "#0"},
				"up": {"uv": [3, 14.5, 4.5, 15], "texture": "#0"},
				"down": {"uv": [3, 10.5, 3.5, 11], "texture": "#0"}
			}
		},
		{
			"from": [7, 6.2, -0.5],
			"to": [9, 9.2, 0],
			"faces": {
				"north": {"uv": [2, 1.5, 3, 3], "texture": "#0"},
				"east": {"uv": [2, 1.5, 3, 3], "texture": "#0"},
				"south": {"uv": [2, 1.5, 3, 3], "texture": "#0"},
				"west": {"uv": [2, 1.5, 3, 3], "texture": "#0"},
				"up": {"uv": [2, 1.5, 3, 3], "texture": "#0"},
				"down": {"uv": [2, 1.5, 3, 3], "texture": "#0"}
			}
		},
		{
			"from": [13.35, 2.5, 4],
			"to": [13.6, 6, 5.2],
			"rotation": {"angle": -22.5, "axis": "x", "origin": [0, 0, 0]},
			"faces": {
				"north": {"uv": [6, 13, 10, 14], "rotation": 90, "texture": "#2"},
				"east": {"uv": [6, 2, 10, 14], "texture": "#2"},
				"south": {"uv": [6, 13, 10, 14], "rotation": 270, "texture": "#2"},
				"west": {"uv": [6, 2, 10, 14], "texture": "#2"},
				"up": {"uv": [6, 13, 10, 14], "rotation": 270, "texture": "#2"},
				"down": {"uv": [6, 13, 10, 14], "rotation": 270, "texture": "#2"}
			}
		},
		{
			"from": [13.35, 3.4, 5.8],
			"to": [13.6, 5.1, 6.1],
			"rotation": {"angle": -22.5, "axis": "x", "origin": [0, 0, 0]},
			"faces": {
				"north": {"uv": [6, 13, 10, 14], "rotation": 90, "texture": "#2"},
				"east": {"uv": [3, 5, 4, 11], "texture": "#2"},
				"south": {"uv": [6, 13, 10, 14], "rotation": 270, "texture": "#2"},
				"west": {"uv": [12, 5, 13, 11], "rotation": 180, "texture": "#2"},
				"up": {"uv": [6, 13, 10, 14], "rotation": 270, "texture": "#2"},
				"down": {"uv": [6, 13, 10, 14], "rotation": 270, "texture": "#2"}
			}
		},
		{
			"from": [13.35, 3.1, 5.5],
			"to": [13.6, 5.4, 5.8],
			"rotation": {"angle": -22.5, "axis": "x", "origin": [0, 0, 0]},
			"faces": {
				"north": {"uv": [6, 13, 10, 14], "rotation": 90, "texture": "#2"},
				"east": {"uv": [4, 4, 5, 12], "texture": "#2"},
				"south": {"uv": [6, 13, 10, 14], "rotation": 270, "texture": "#2"},
				"west": {"uv": [11, 4, 12, 12], "rotation": 180, "texture": "#2"},
				"up": {"uv": [6, 13, 10, 14], "rotation": 270, "texture": "#2"},
				"down": {"uv": [6, 13, 10, 14], "rotation": 270, "texture": "#2"}
			}
		},
		{
			"from": [13.35, 2.8, 5.2],
			"to": [13.6, 5.7, 5.5],
			"rotation": {"angle": -22.5, "axis": "x", "origin": [0, 0, 0]},
			"faces": {
				"north": {"uv": [6, 13, 10, 14], "rotation": 90, "texture": "#2"},
				"east": {"uv": [5, 3, 6, 13], "texture": "#2"},
				"south": {"uv": [6, 13, 10, 14], "rotation": 270, "texture": "#2"},
				"west": {"uv": [10, 3, 11, 13], "rotation": 180, "texture": "#2"},
				"up": {"uv": [6, 13, 10, 14], "rotation": 270, "texture": "#2"},
				"down": {"uv": [6, 13, 10, 14], "rotation": 270, "texture": "#2"}
			}
		},
		{
			"from": [13.35, 2.8, 3.7],
			"to": [13.6, 5.7, 4],
			"rotation": {"angle": -22.5, "axis": "x", "origin": [0, 0, 0]},
			"faces": {
				"north": {"uv": [6, 13, 10, 14], "rotation": 90, "texture": "#2"},
				"east": {"uv": [10, 3, 11, 13], "texture": "#2"},
				"south": {"uv": [6, 13, 10, 14], "rotation": 270, "texture": "#2"},
				"west": {"uv": [5, 3, 6, 13], "rotation": 180, "texture": "#2"},
				"up": {"uv": [6, 13, 10, 14], "rotation": 270, "texture": "#2"},
				"down": {"uv": [6, 13, 10, 14], "rotation": 270, "texture": "#2"}
			}
		},
		{
			"from": [13.35, 3.1, 3.4],
			"to": [13.6, 5.4, 3.7],
			"rotation": {"angle": -22.5, "axis": "x", "origin": [0, 0, 0]},
			"faces": {
				"north": {"uv": [6, 13, 10, 14], "rotation": 90, "texture": "#2"},
				"east": {"uv": [11, 4, 12, 12], "texture": "#2"},
				"south": {"uv": [6, 13, 10, 14], "rotation": 270, "texture": "#2"},
				"west": {"uv": [4, 4, 5, 12], "rotation": 180, "texture": "#2"},
				"up": {"uv": [6, 13, 10, 14], "rotation": 270, "texture": "#2"},
				"down": {"uv": [6, 13, 10, 14], "rotation": 270, "texture": "#2"}
			}
		},
		{
			"from": [13.35, 3.4, 3.1],
			"to": [13.6, 5.1, 3.4],
			"rotation": {"angle": -22.5, "axis": "x", "origin": [0, 0, 0]},
			"faces": {
				"north": {"uv": [6, 13, 10, 14], "rotation": 90, "texture": "#2"},
				"east": {"uv": [12, 5, 13, 11], "texture": "#2"},
				"south": {"uv": [6, 13, 10, 14], "rotation": 270, "texture": "#2"},
				"west": {"uv": [3, 5, 4, 11], "rotation": 180, "texture": "#2"},
				"up": {"uv": [6, 13, 10, 14], "rotation": 270, "texture": "#2"},
				"down": {"uv": [6, 13, 10, 14], "rotation": 270, "texture": "#2"}
			}
		},
		{
			"from": [7.8, 0.5, -0.2],
			"to": [9, 4, 0.05],
			"rotation": {"angle": 22.5, "axis": "z", "origin": [0, 0, 0]},
			"faces": {
				"north": {"uv": [6, 2, 10, 14], "texture": "#2"},
				"east": {"uv": [6, 13, 10, 14], "texture": "#2"},
				"south": {"uv": [6, 2, 10, 14], "texture": "#2"},
				"west": {"uv": [6, 13, 10, 14], "rotation": 270, "texture": "#2"},
				"up": {"uv": [6, 13, 10, 14], "texture": "#2"},
				"down": {"uv": [6, 13, 10, 14], "rotation": 180, "texture": "#2"}
			}
		},
		{
			"from": [6.9, 1.4, -0.2],
			"to": [7.2, 3.1, 0.05],
			"rotation": {"angle": 22.5, "axis": "z", "origin": [0, 0, 0]},
			"faces": {
				"north": {"uv": [12, 5, 13, 11], "rotation": 180, "texture": "#2"},
				"east": {"uv": [6, 13, 10, 14], "texture": "#2"},
				"south": {"uv": [3, 5, 4, 11], "texture": "#2"},
				"west": {"uv": [6, 13, 10, 14], "rotation": 270, "texture": "#2"},
				"up": {"uv": [6, 13, 10, 14], "texture": "#2"},
				"down": {"uv": [6, 13, 10, 14], "rotation": 180, "texture": "#2"}
			}
		},
		{
			"from": [7.2, 1.1, -0.2],
			"to": [7.5, 3.4, 0.05],
			"rotation": {"angle": 22.5, "axis": "z", "origin": [0, 0, 0]},
			"faces": {
				"north": {"uv": [11, 4, 12, 12], "rotation": 180, "texture": "#2"},
				"east": {"uv": [6, 13, 10, 14], "texture": "#2"},
				"south": {"uv": [4, 4, 5, 12], "texture": "#2"},
				"west": {"uv": [6, 13, 10, 14], "rotation": 270, "texture": "#2"},
				"up": {"uv": [6, 13, 10, 14], "texture": "#2"},
				"down": {"uv": [6, 13, 10, 14], "rotation": 180, "texture": "#2"}
			}
		},
		{
			"from": [7.5, 0.8, -0.2],
			"to": [7.8, 3.7, 0.05],
			"rotation": {"angle": 22.5, "axis": "z", "origin": [0, 0, 0]},
			"faces": {
				"north": {"uv": [10, 3, 11, 13], "rotation": 180, "texture": "#2"},
				"east": {"uv": [6, 13, 10, 14], "texture": "#2"},
				"south": {"uv": [5, 3, 6, 13], "texture": "#2"},
				"west": {"uv": [6, 13, 10, 14], "rotation": 270, "texture": "#2"},
				"up": {"uv": [6, 13, 10, 14], "texture": "#2"},
				"down": {"uv": [6, 13, 10, 14], "rotation": 180, "texture": "#2"}
			}
		},
		{
			"from": [9, 0.8, -0.2],
			"to": [9.3, 3.7, 0.05],
			"rotation": {"angle": 22.5, "axis": "z", "origin": [0, 0, 0]},
			"faces": {
				"north": {"uv": [5, 3, 6, 13], "rotation": 180, "texture": "#2"},
				"east": {"uv": [6, 13, 10, 14], "texture": "#2"},
				"south": {"uv": [10, 3, 11, 13], "texture": "#2"},
				"west": {"uv": [6, 13, 10, 14], "rotation": 270, "texture": "#2"},
				"up": {"uv": [6, 13, 10, 14], "texture": "#2"},
				"down": {"uv": [6, 13, 10, 14], "rotation": 180, "texture": "#2"}
			}
		},
		{
			"from": [9.3, 1.1, -0.2],
			"to": [9.6, 3.4, 0.05],
			"rotation": {"angle": 22.5, "axis": "z", "origin": [0, 0, 0]},
			"faces": {
				"north": {"uv": [4, 4, 5, 12], "rotation": 180, "texture": "#2"},
				"east": {"uv": [6, 13, 10, 14], "texture": "#2"},
				"south": {"uv": [11, 4, 12, 12], "texture": "#2"},
				"west": {"uv": [6, 13, 10, 14], "rotation": 270, "texture": "#2"},
				"up": {"uv": [6, 13, 10, 14], "texture": "#2"},
				"down": {"uv": [6, 13, 10, 14], "rotation": 180, "texture": "#2"}
			}
		},
		{
			"from": [9.6, 1.4, -0.2],
			"to": [9.9, 3.1, 0.05],
			"rotation": {"angle": 22.5, "axis": "z", "origin": [0, 0, 0]},
			"faces": {
				"north": {"uv": [3, 5, 4, 11], "rotation": 180, "texture": "#2"},
				"east": {"uv": [6, 13, 10, 14], "texture": "#2"},
				"south": {"uv": [12, 5, 13, 11], "texture": "#2"},
				"west": {"uv": [6, 13, 10, 14], "rotation": 270, "texture": "#2"},
				"up": {"uv": [6, 13, 10, 14], "texture": "#2"},
				"down": {"uv": [6, 13, 10, 14], "rotation": 180, "texture": "#2"}
			}
		}
	],
	"display": {
		"thirdperson_righthand": {
			"translation": [0, 0, 1.75],
			"scale": [0.5, 0.5, 0.5]
		},
		"thirdperson_lefthand": {
			"translation": [0, 0, 1.75],
			"scale": [0.5, 0.5, 0.5]
		},
		"gui": {
			"rotation": [0, 150, 0],
			"translation": [1, 0.75, 0],
			"scale": [0.75, 0.75, 0.75]
		},
		"head": {
			"rotation": [-30, -180, 0],
			"translation": [0, -38.5, 3],
			"scale": [1.5, 1.5, 1.5]
		}
	},
	"groups": [0, 1, 2, 3, 4, 5, 6, 7, 8, 9, 10, 11, 12, 13, 14, 15, 16, 17, 18, 19, 20, 21, 22, 23, 24, 25, 26, 27, 28, 29, 30,
		{
			"name": "group",
			"origin": [0, 0, 0],
			"color": 0,
			"children": [31, 32, 33, 34, 35, 36, 37]
		},
		{
			"name": "group",
			"origin": [0, 0, 0],
			"color": 0,
			"children": [38, 39, 40, 41, 42, 43, 44]
		}
	]
}