{
	"credit": "Made with Blockbench",
	"textures": {
		"0": "customization:quiver",
		"2": "customization:synth/synth",
		"3": "customization:synth/synth_leg",
		"particle": "customization:quiver"
	},
	"elements": [
		{
			"from": [4, 0, 4],
			"to": [12, 12, 4],
			"faces": {
				"north": {"uv": [0, 0, 4, 6], "texture": "#0"},
				"east": {"uv": [0, 6, 2, 12], "texture": "#0"},
				"south": {"uv": [4, 0, 8, 6], "texture": "#0"},
				"west": {"uv": [2, 6, 4, 12], "texture": "#0"},
				"up": {"uv": [12, 5, 8, 3], "texture": "#0"},
				"down": {"uv": [8, 9, 4, 11], "texture": "#0"}
			}
		},
		{
			"from": [4, 0, 12],
			"to": [12, 12, 12],
			"faces": {
				"north": {"uv": [0, 0, 4, 6], "texture": "#0"},
				"east": {"uv": [0, 6, 2, 12], "texture": "#0"},
				"south": {"uv": [4, 0, 8, 6], "texture": "#0"},
				"west": {"uv": [2, 6, 4, 12], "texture": "#0"},
				"up": {"uv": [12, 5, 8, 3], "texture": "#0"},
				"down": {"uv": [8, 9, 4, 11], "texture": "#0"}
			}
		},
		{
			"from": [12, 0, 4],
			"to": [12, 12, 12],
			"faces": {
				"north": {"uv": [0, 0, 4, 6], "texture": "#0"},
				"east": {"uv": [0, 6, 2, 12], "texture": "#0"},
				"south": {"uv": [4, 0, 8, 6], "texture": "#0"},
				"west": {"uv": [2, 6, 4, 12], "rotation": 180, "texture": "#0"},
				"up": {"uv": [12, 5, 8, 3], "texture": "#0"},
				"down": {"uv": [8, 9, 4, 11], "texture": "#0"}
			}
		},
		{
			"from": [4, 0, 4],
			"to": [4, 12, 12],
			"faces": {
				"north": {"uv": [0, 0, 4, 6], "texture": "#0"},
				"east": {"uv": [0, 6, 2, 12], "rotation": 180, "texture": "#0"},
				"south": {"uv": [4, 0, 8, 6], "texture": "#0"},
				"west": {"uv": [2, 6, 4, 12], "texture": "#0"},
				"up": {"uv": [12, 5, 8, 3], "texture": "#0"},
				"down": {"uv": [8, 9, 4, 11], "texture": "#0"}
			}
		},
		{
			"from": [-2.75, -4.125, 1.875],
			"to": [4.25, 26.5, 2.75],
			"rotation": {"angle": -45, "axis": "z", "origin": [0, 0, 0]},
			"faces": {
				"north": {"uv": [0, 0, 2, 9], "texture": "#2"},
				"east": {"uv": [7, 0, 7.5, 9], "texture": "#2"},
				"south": {"uv": [2, 0, 4, 9], "texture": "#2"},
				"west": {"uv": [2, 0, 2.5, 9], "texture": "#2"},
				"up": {"uv": [10, 0.5, 8, 0], "texture": "#2"},
				"down": {"uv": [10, 0.5, 8, 1], "texture": "#2"}
			}
		},
		{
			"from": [-2.75, -4.125, 1.175],
			"to": [0.05, 26.5, 1.875],
			"rotation": {"angle": -45, "axis": "z", "origin": [0, 0, 0]},
			"faces": {
				"north": {"uv": [4.5, 0, 5.5, 9], "texture": "#2"},
				"east": {"uv": [6, 0, 6.5, 9], "texture": "#2"},
				"south": {"uv": [5, 0, 6, 9], "texture": "#2"},
				"west": {"uv": [2.5, 0, 3, 9], "texture": "#2"},
				"up": {"uv": [11.5, 10.5, 10.5, 10], "texture": "#2"},
				"down": {"uv": [11.5, 10.5, 10.5, 11], "texture": "#2"}
			}
		},
		{
			"from": [-0.125, 24.75, 1.525],
			"to": [4.25, 26.5, 1.875],
			"rotation": {"angle": -45, "axis": "z", "origin": [0, 0, 0]},
			"faces": {
				"north": {"uv": [8, 1, 9.5, 1.5], "texture": "#2"},
				"east": {"uv": [0, 12, 0.5, 12.5], "texture": "#2"},
				"south": {"uv": [8, 1.5, 9.5, 2], "texture": "#2"},
				"west": {"uv": [0.5, 12, 1, 12.5], "texture": "#2"},
				"up": {"uv": [9.5, 2.5, 8, 2], "texture": "#2"},
				"down": {"uv": [9.5, 2.5, 8, 3], "texture": "#2"}
			}
		},
		{
			"from": [-0.125, 23.7, 1.35],
			"to": [2.5, 25.45, 1.875],
			"rotation": {"angle": -45, "axis": "z", "origin": [0, 0, 0]},
			"faces": {
				"north": {"uv": [0, 11, 1, 11.5], "texture": "#2"},
				"east": {"uv": [1, 12, 1.5, 12.5], "texture": "#2"},
				"south": {"uv": [1, 11, 2, 11.5], "texture": "#2"},
				"west": {"uv": [12, 1, 12.5, 1.5], "texture": "#2"},
				"up": {"uv": [12, 1.5, 11, 1], "texture": "#2"},
				"down": {"uv": [12, 1.5, 11, 2], "texture": "#2"}
			}
		},
		{
			"from": [-0.125, 21.775, 1.35],
			"to": [2.5, 23.525, 1.875],
			"rotation": {"angle": -45, "axis": "z", "origin": [0, 0, 0]},
			"faces": {
				"north": {"uv": [2, 11, 3, 11.5], "texture": "#2"},
				"east": {"uv": [1.5, 12, 2, 12.5], "texture": "#2"},
				"south": {"uv": [11, 2, 12, 2.5], "texture": "#2"},
				"west": {"uv": [12, 1.5, 12.5, 2], "texture": "#2"},
				"up": {"uv": [12, 3, 11, 2.5], "texture": "#2"},
				"down": {"uv": [4, 11, 3, 11.5], "texture": "#2"}
			}
		},
		{
			"from": [-0.125, 19.85, 1.35],
			"to": [2.5, 21.6, 1.875],
			"rotation": {"angle": -45, "axis": "z", "origin": [0, 0, 0]},
			"faces": {
				"north": {"uv": [11, 3, 12, 3.5], "texture": "#2"},
				"east": {"uv": [2, 12, 2.5, 12.5], "texture": "#2"},
				"south": {"uv": [11, 3.5, 12, 4], "texture": "#2"},
				"west": {"uv": [12, 2, 12.5, 2.5], "texture": "#2"},
				"up": {"uv": [5, 11.5, 4, 11], "texture": "#2"},
				"down": {"uv": [12, 4, 11, 4.5], "texture": "#2"}
			}
		},
		{
			"from": [-0.125, 16.175, 1.35],
			"to": [2.5, 17.925, 1.875],
			"rotation": {"angle": -45, "axis": "z", "origin": [0, 0, 0]},
			"faces": {
				"north": {"uv": [11, 4.5, 12, 5], "texture": "#2"},
				"east": {"uv": [2.5, 12, 3, 12.5], "texture": "#2"},
				"south": {"uv": [5, 11, 6, 11.5], "texture": "#2"},
				"west": {"uv": [12, 2.5, 12.5, 3], "texture": "#2"},
				"up": {"uv": [12, 5.5, 11, 5], "texture": "#2"},
				"down": {"uv": [12, 5.5, 11, 6], "texture": "#2"}
			}
		},
		{
			"from": [-0.125, 14.25, 1.35],
			"to": [2.5, 16, 1.875],
			"rotation": {"angle": -45, "axis": "z", "origin": [0, 0, 0]},
			"faces": {
				"north": {"uv": [6, 11, 7, 11.5], "texture": "#2"},
				"east": {"uv": [3, 12, 3.5, 12.5], "texture": "#2"},
				"south": {"uv": [11, 6, 12, 6.5], "texture": "#2"},
				"west": {"uv": [12, 3, 12.5, 3.5], "texture": "#2"},
				"up": {"uv": [12, 7, 11, 6.5], "texture": "#2"},
				"down": {"uv": [8, 11, 7, 11.5], "texture": "#2"}
			}
		},
		{
			"from": [-0.125, 10.4, 1.35],
			"to": [2.5, 12.15, 1.875],
			"rotation": {"angle": -45, "axis": "z", "origin": [0, 0, 0]},
			"faces": {
				"north": {"uv": [11, 7, 12, 7.5], "texture": "#2"},
				"east": {"uv": [3.5, 12, 4, 12.5], "texture": "#2"},
				"south": {"uv": [11, 7.5, 12, 8], "texture": "#2"},
				"west": {"uv": [12, 3.5, 12.5, 4], "texture": "#2"},
				"up": {"uv": [9, 11.5, 8, 11], "texture": "#2"},
				"down": {"uv": [12, 8, 11, 8.5], "texture": "#2"}
			}
		},
		{
			"from": [-0.125, 8.475, 1.35],
			"to": [2.5, 10.225, 1.875],
			"rotation": {"angle": -45, "axis": "z", "origin": [0, 0, 0]},
			"faces": {
				"north": {"uv": [11, 8.5, 12, 9], "texture": "#2"},
				"east": {"uv": [4, 12, 4.5, 12.5], "texture": "#2"},
				"south": {"uv": [9, 11, 10, 11.5], "texture": "#2"},
				"west": {"uv": [12, 4, 12.5, 4.5], "texture": "#2"},
				"up": {"uv": [11, 11.5, 10, 11], "texture": "#2"},
				"down": {"uv": [12, 11, 11, 11.5], "texture": "#2"}
			}
		},
		{
			"from": [-0.125, 6.55, 1.35],
			"to": [2.5, 8.3, 1.875],
			"rotation": {"angle": -45, "axis": "z", "origin": [0, 0, 0]},
			"faces": {
				"north": {"uv": [0, 11.5, 1, 12], "texture": "#2"},
				"east": {"uv": [4.5, 12, 5, 12.5], "texture": "#2"},
				"south": {"uv": [11.5, 0, 12.5, 0.5], "texture": "#2"},
				"west": {"uv": [12, 4.5, 12.5, 5], "texture": "#2"},
				"up": {"uv": [12.5, 1, 11.5, 0.5], "texture": "#2"},
				"down": {"uv": [2, 11.5, 1, 12], "texture": "#2"}
			}
		},
		{
			"from": [-0.125, 2.7, 1.35],
			"to": [2.5, 4.45, 1.875],
			"rotation": {"angle": -45, "axis": "z", "origin": [0, 0, 0]},
			"faces": {
				"north": {"uv": [2, 11.5, 3, 12], "texture": "#2"},
				"east": {"uv": [5, 12, 5.5, 12.5], "texture": "#2"},
				"south": {"uv": [3, 11.5, 4, 12], "texture": "#2"},
				"west": {"uv": [12, 5, 12.5, 5.5], "texture": "#2"},
				"up": {"uv": [5, 12, 4, 11.5], "texture": "#2"},
				"down": {"uv": [6, 11.5, 5, 12], "texture": "#2"}
			}
		},
		{
			"from": [-0.125, 0.775, 1.35],
			"to": [2.5, 2.525, 1.875],
			"rotation": {"angle": -45, "axis": "z", "origin": [0, 0, 0]},
			"faces": {
				"north": {"uv": [6, 11.5, 7, 12], "texture": "#2"},
				"east": {"uv": [5.5, 12, 6, 12.5], "texture": "#2"},
				"south": {"uv": [7, 11.5, 8, 12], "texture": "#2"},
				"west": {"uv": [12, 5.5, 12.5, 6], "texture": "#2"},
				"up": {"uv": [9, 12, 8, 11.5], "texture": "#2"},
				"down": {"uv": [10, 11.5, 9, 12], "texture": "#2"}
			}
		},
		{
			"from": [-0.125, -3.25, 1.35],
			"to": [2.5, -1.5, 1.875],
			"rotation": {"angle": -45, "axis": "z", "origin": [0, 0, 0]},
			"faces": {
				"north": {"uv": [10, 11.5, 11, 12], "texture": "#2"},
				"east": {"uv": [6, 12, 6.5, 12.5], "texture": "#2"},
				"south": {"uv": [11.5, 10, 12.5, 10.5], "texture": "#2"},
				"west": {"uv": [12, 6, 12.5, 6.5], "texture": "#2"},
				"up": {"uv": [12.5, 11, 11.5, 10.5], "texture": "#2"},
				"down": {"uv": [12, 11.5, 11, 12], "texture": "#2"}
			}
		},
		{
			"from": [-0.125, 22.825, 1.525],
			"to": [4.25, 24.575, 1.875],
			"rotation": {"angle": -45, "axis": "z", "origin": [0, 0, 0]},
			"faces": {
				"north": {"uv": [8, 3, 9.5, 3.5], "texture": "#2"},
				"east": {"uv": [6.5, 12, 7, 12.5], "texture": "#2"},
				"south": {"uv": [8, 3.5, 9.5, 4], "texture": "#2"},
				"west": {"uv": [12, 6.5, 12.5, 7], "texture": "#2"},
				"up": {"uv": [9.5, 4.5, 8, 4], "texture": "#2"},
				"down": {"uv": [9.5, 4.5, 8, 5], "texture": "#2"}
			}
		},
		{
			"from": [-0.125, 20.9, 1.525],
			"to": [4.25, 22.65, 1.875],
			"rotation": {"angle": -45, "axis": "z", "origin": [0, 0, 0]},
			"faces": {
				"north": {"uv": [8, 5, 9.5, 5.5], "texture": "#2"},
				"east": {"uv": [7, 12, 7.5, 12.5], "texture": "#2"},
				"south": {"uv": [8, 5.5, 9.5, 6], "texture": "#2"},
				"west": {"uv": [12, 7, 12.5, 7.5], "texture": "#2"},
				"up": {"uv": [9.5, 6.5, 8, 6], "texture": "#2"},
				"down": {"uv": [9.5, 6.5, 8, 7], "texture": "#2"}
			}
		},
		{
			"from": [-0.125, 18.975, 1.525],
			"to": [4.25, 20.725, 1.875],
			"rotation": {"angle": -45, "axis": "z", "origin": [0, 0, 0]},
			"faces": {
				"north": {"uv": [8, 7, 9.5, 7.5], "texture": "#2"},
				"east": {"uv": [7.5, 12, 8, 12.5], "texture": "#2"},
				"south": {"uv": [8, 7.5, 9.5, 8], "texture": "#2"},
				"west": {"uv": [12, 7.5, 12.5, 8], "texture": "#2"},
				"up": {"uv": [9.5, 8.5, 8, 8], "texture": "#2"},
				"down": {"uv": [9.5, 8.5, 8, 9], "texture": "#2"}
			}
		},
		{
			"from": [-0.125, 17.05, 1.525],
			"to": [4.25, 18.8, 1.875],
			"rotation": {"angle": -45, "axis": "z", "origin": [0, 0, 0]},
			"faces": {
				"north": {"uv": [0, 9, 1.5, 9.5], "texture": "#2"},
				"east": {"uv": [8, 12, 8.5, 12.5], "texture": "#2"},
				"south": {"uv": [1.5, 9, 3, 9.5], "texture": "#2"},
				"west": {"uv": [12, 8, 12.5, 8.5], "texture": "#2"},
				"up": {"uv": [4.5, 9.5, 3, 9], "texture": "#2"},
				"down": {"uv": [6, 9, 4.5, 9.5], "texture": "#2"}
			}
		},
		{
			"from": [-0.125, 15.125, 1.525],
			"to": [4.25, 16.875, 1.875],
			"rotation": {"angle": -45, "axis": "z", "origin": [0, 0, 0]},
			"faces": {
				"north": {"uv": [6, 9, 7.5, 9.5], "texture": "#2"},
				"east": {"uv": [8.5, 12, 9, 12.5], "texture": "#2"},
				"south": {"uv": [7.5, 9, 9, 9.5], "texture": "#2"},
				"west": {"uv": [12, 8.5, 12.5, 9], "texture": "#2"},
				"up": {"uv": [10.5, 9.5, 9, 9], "texture": "#2"},
				"down": {"uv": [1.5, 9.5, 0, 10], "texture": "#2"}
			}
		},
		{
			"from": [-0.125, 13.2, 1.525],
			"to": [4.25, 14.95, 1.875],
			"rotation": {"angle": -45, "axis": "z", "origin": [0, 0, 0]},
			"faces": {
				"north": {"uv": [9.5, 1, 11, 1.5], "texture": "#2"},
				"east": {"uv": [9, 12, 9.5, 12.5], "texture": "#2"},
				"south": {"uv": [1.5, 9.5, 3, 10], "texture": "#2"},
				"west": {"uv": [12, 9, 12.5, 9.5], "texture": "#2"},
				"up": {"uv": [11, 2, 9.5, 1.5], "texture": "#2"},
				"down": {"uv": [11, 2, 9.5, 2.5], "texture": "#2"}
			}
		},
		{
			"from": [-0.125, 11.275, 1.525],
			"to": [4.25, 13.025, 1.875],
			"rotation": {"angle": -45, "axis": "z", "origin": [0, 0, 0]},
			"faces": {
				"north": {"uv": [9.5, 2.5, 11, 3], "texture": "#2"},
				"east": {"uv": [9.5, 12, 10, 12.5], "texture": "#2"},
				"south": {"uv": [3, 9.5, 4.5, 10], "texture": "#2"},
				"west": {"uv": [12, 9.5, 12.5, 10], "texture": "#2"},
				"up": {"uv": [11, 3.5, 9.5, 3], "texture": "#2"},
				"down": {"uv": [11, 3.5, 9.5, 4], "texture": "#2"}
			}
		},
		{
			"from": [-0.125, 9.35, 1.525],
			"to": [4.25, 11.1, 1.875],
			"rotation": {"angle": -45, "axis": "z", "origin": [0, 0, 0]},
			"faces": {
				"north": {"uv": [9.5, 4, 11, 4.5], "texture": "#2"},
				"east": {"uv": [10, 12, 10.5, 12.5], "texture": "#2"},
				"south": {"uv": [4.5, 9.5, 6, 10], "texture": "#2"},
				"west": {"uv": [10.5, 12, 11, 12.5], "texture": "#2"},
				"up": {"uv": [11, 5, 9.5, 4.5], "texture": "#2"},
				"down": {"uv": [11, 5, 9.5, 5.5], "texture": "#2"}
			}
		},
		{
			"from": [-0.125, 7.425, 1.525],
			"to": [4.25, 9.175, 1.875],
			"rotation": {"angle": -45, "axis": "z", "origin": [0, 0, 0]},
			"faces": {
				"north": {"uv": [9.5, 5.5, 11, 6], "texture": "#2"},
				"east": {"uv": [11, 12, 11.5, 12.5], "texture": "#2"},
				"south": {"uv": [6, 9.5, 7.5, 10], "texture": "#2"},
				"west": {"uv": [12, 11, 12.5, 11.5], "texture": "#2"},
				"up": {"uv": [11, 6.5, 9.5, 6], "texture": "#2"},
				"down": {"uv": [11, 6.5, 9.5, 7], "texture": "#2"}
			}
		},
		{
			"from": [-0.125, 5.5, 1.525],
			"to": [4.25, 7.25, 1.875],
			"rotation": {"angle": -45, "axis": "z", "origin": [0, 0, 0]},
			"faces": {
				"north": {"uv": [9.5, 7, 11, 7.5], "texture": "#2"},
				"east": {"uv": [11.5, 12, 12, 12.5], "texture": "#2"},
				"south": {"uv": [7.5, 9.5, 9, 10], "texture": "#2"},
				"west": {"uv": [12, 11.5, 12.5, 12], "texture": "#2"},
				"up": {"uv": [11, 8, 9.5, 7.5], "texture": "#2"},
				"down": {"uv": [11, 8, 9.5, 8.5], "texture": "#2"}
			}
		},
		{
			"from": [-0.125, -0.275, 1.525],
			"to": [4.25, 1.475, 1.875],
			"rotation": {"angle": -45, "axis": "z", "origin": [0, 0, 0]},
			"faces": {
				"north": {"uv": [9.5, 8.5, 11, 9], "texture": "#2"},
				"east": {"uv": [12, 12, 12.5, 12.5], "texture": "#2"},
				"south": {"uv": [9, 9.5, 10.5, 10], "texture": "#2"},
				"west": {"uv": [0, 12.5, 0.5, 13], "texture": "#2"},
				"up": {"uv": [1.5, 10.5, 0, 10], "texture": "#2"},
				"down": {"uv": [11.5, 0, 10, 0.5], "texture": "#2"}
			}
		},
		{
			"from": [-0.125, -2.2, 1.525],
			"to": [4.25, -0.45, 1.875],
			"rotation": {"angle": -45, "axis": "z", "origin": [0, 0, 0]},
			"faces": {
				"north": {"uv": [10, 0.5, 11.5, 1], "texture": "#2"},
				"east": {"uv": [12.5, 0, 13, 0.5], "texture": "#2"},
				"south": {"uv": [1.5, 10, 3, 10.5], "texture": "#2"},
				"west": {"uv": [0.5, 12.5, 1, 13], "texture": "#2"},
				"up": {"uv": [4.5, 10.5, 3, 10], "texture": "#2"},
				"down": {"uv": [6, 10, 4.5, 10.5], "texture": "#2"}
			}
		},
		{
			"from": [-0.125, -4.125, 1.525],
			"to": [4.25, -2.375, 1.875],
			"rotation": {"angle": -45, "axis": "z", "origin": [0, 0, 0]},
			"faces": {
				"north": {"uv": [6, 10, 7.5, 10.5], "texture": "#2"},
				"east": {"uv": [12.5, 0.5, 13, 1], "texture": "#2"},
				"south": {"uv": [7.5, 10, 9, 10.5], "texture": "#2"},
				"west": {"uv": [1, 12.5, 1.5, 13], "texture": "#2"},
				"up": {"uv": [10.5, 10.5, 9, 10], "texture": "#2"},
				"down": {"uv": [1.5, 10.5, 0, 11], "texture": "#2"}
			}
		},
		{
			"from": [-0.125, 1.65, 1.525],
			"to": [4.25, 3.4, 1.875],
			"rotation": {"angle": -45, "axis": "z", "origin": [0, 0, 0]},
			"faces": {
				"north": {"uv": [1.5, 10.5, 3, 11], "texture": "#2"},
				"east": {"uv": [12.5, 1, 13, 1.5], "texture": "#2"},
				"south": {"uv": [3, 10.5, 4.5, 11], "texture": "#2"},
				"west": {"uv": [1.5, 12.5, 2, 13], "texture": "#2"},
				"up": {"uv": [6, 11, 4.5, 10.5], "texture": "#2"},
				"down": {"uv": [7.5, 10.5, 6, 11], "texture": "#2"}
			}
		},
		{
			"from": [-0.125, 3.575, 1.525],
			"to": [4.25, 5.325, 1.875],
			"rotation": {"angle": -45, "axis": "z", "origin": [0, 0, 0]},
			"faces": {
				"north": {"uv": [7.5, 10.5, 9, 11], "texture": "#2"},
				"east": {"uv": [12.5, 1.5, 13, 2], "texture": "#2"},
				"south": {"uv": [9, 10.5, 10.5, 11], "texture": "#2"},
				"west": {"uv": [2, 12.5, 2.5, 13], "texture": "#2"},
				"up": {"uv": [12, 9.5, 10.5, 9], "texture": "#2"},
				"down": {"uv": [12, 9.5, 10.5, 10], "texture": "#2"}
			}
		},
		{
			"from": [0.05, 13.375, 2.75],
			"to": [1.8, 26.5, 4.5],
			"rotation": {"angle": -45, "axis": "z", "origin": [0, 0, 0]},
			"faces": {
				"north": {"uv": [0, 0, 1, 8], "texture": "#3"},
				"east": {"uv": [1, 0, 2, 8], "texture": "#3"},
				"south": {"uv": [2, 0, 3, 8], "texture": "#3"},
				"west": {"uv": [3, 0, 4, 8], "texture": "#3"},
				"up": {"uv": [7, 9, 6, 8], "texture": "#3"},
				"down": {"uv": [9, 6, 8, 7], "texture": "#3"}
			}
		},
		{
			"from": [0.05, -4.125, 2.75],
			"to": [1.8, 8.125, 4.5],
			"rotation": {"angle": -45, "axis": "z", "origin": [0, 0, 0]},
			"faces": {
				"north": {"uv": [4, 0, 5, 7], "texture": "#3"},
				"east": {"uv": [5, 0, 6, 7], "texture": "#3"},
				"south": {"uv": [6, 0, 7, 7], "texture": "#3"},
				"west": {"uv": [7, 0, 8, 7], "texture": "#3"},
				"up": {"uv": [1, 10, 0, 9], "texture": "#3"},
				"down": {"uv": [2, 9, 1, 10], "texture": "#3"}
			}
		},
		{
			"from": [-1.7, 8.125, 2.75],
			"to": [3.55, 9.875, 4.5],
			"rotation": {"angle": -45, "axis": "z", "origin": [0, 0, 0]},
			"faces": {
				"north": {"uv": [8, 1, 11, 2], "texture": "#3"},
				"east": {"uv": [7, 8, 8, 9], "texture": "#3"},
				"south": {"uv": [8, 2, 11, 3], "texture": "#3"},
				"west": {"uv": [8, 8, 9, 9], "texture": "#3"},
				"up": {"uv": [6, 9, 3, 8], "texture": "#3"},
				"down": {"uv": [11, 3, 8, 4], "texture": "#3"}
			}
		},
		{
			"from": [-1.7, 11.625, 2.75],
			"to": [3.55, 13.375, 4.5],
			"rotation": {"angle": -45, "axis": "z", "origin": [0, 0, 0]},
			"faces": {
				"north": {"uv": [4, 7, 7, 8], "texture": "#3"},
				"east": {"uv": [8, 4, 9, 5], "texture": "#3"},
				"south": {"uv": [7, 7, 10, 8], "texture": "#3"},
				"west": {"uv": [8, 5, 9, 6], "texture": "#3"},
				"up": {"uv": [3, 9, 0, 8], "texture": "#3"},
				"down": {"uv": [11, 0, 8, 1], "texture": "#3"}
			}
		}
	],
	"display": {
		"thirdperson_righthand": {
			"translation": [0, 0, 1.75],
			"scale": [0.5, 0.5, 0.5]
		},
		"thirdperson_lefthand": {
			"translation": [0, 0, 1.75],
			"scale": [0.5, 0.5, 0.5]
		},
		"gui": {
			"rotation": [0, 150, 0],
			"translation": [1, 0.75, 0],
			"scale": [0.5, 0.5, 0.5]
		},
		"head": {
			"rotation": [0, -180, 0],
			"translation": [0, -40, 0],
			"scale": [1.5, 1.5, 1.5]
		},
		"fixed": {
			"rotation": [-90, -45, 0],
			"translation": [3, -3, -7],
			"scale": [0.8, 0.8, 0.8]
		}
	},
	"display": {
		"thirdperson_righthand": {
			"translation": [0, 0, 1.75],
			"scale": [0.5, 0.5, 0.5]
		},
		"thirdperson_lefthand": {
			"translation": [0, 0, 1.75],
			"scale": [0.5, 0.5, 0.5]
		},
		"gui": {
			"rotation": [0, 150, 0],
			"translation": [1, 0.75, 0],
			"scale": [0.75, 0.75, 0.75]
		},
		"head": {
			"rotation": [-30, -180, 0],
			"translation": [0, -42.5, 3],
			"scale": [1.5, 1.5, 1.5]
		},
		"fixed": {
			"rotation": [-90, -45, 0],
			"translation": [3, -3, -7],
			"scale": [0.8, 0.8, 0.8]
		}
	},
	"groups": [0, 1, 2, 3,
		{
			"name": "group",
			"origin": [0, 0, 0],
			"color": 0,
			"children": [4, 5, 6, 7, 8, 9, 10, 11, 12, 13, 14, 15, 16, 17, 18, 19, 20, 21, 22, 23, 24, 25, 26, 27, 28, 29, 30, 31, 32, 33, 34, 35, 36]
		}
	]
}